request_datetime,start_floor,start_room,destination,destination_floor,transport_count_now,estimated_time
2026-04-01 06:00:49,8,837,병동,16,3,4.4
2026-04-01 06:12:31,18,1826,수술실,3,4,7.4
2026-04-01 06:52:38,17,1730,병동,16,3,2.0
2026-04-01 07:02:07,13,1322,수술실,3,0,8.3
2026-04-01 07:13:40,12,1211,CT,1,2,7.9
2026-04-01 07:15:30,10,1030,CT,1,0,5.4
2026-04-01 07:27:12,7,737,수술실,3,0,4.5
2026-04-01 07:28:49,12,1212,MRI,-3,0,9.3
2026-04-01 08:03:50,13,1315,수술실,3,11,7.8
2026-04-01 08:05:08,14,1433,MRI,-3,9,9.3
2026-04-01 08:05:11,18,1807,수술실,3,9,8.7
2026-04-01 08:10:01,18,1807,CT,1,11,11.6
2026-04-01 08:14:05,18,1811,CT,1,15,10.4
2026-04-01 08:26:06,10,1039,수술실,3,10,6.3
2026-04-01 08:30:34,10,1013,MRI,-3,15,9.7
2026-04-01 08:32:13,12,1205,병동,17,12,6.1
2026-04-01 08:38:43,15,1520,MRI,-3,11,11.2
2026-04-01 08:39:16,9,931,수술실,3,15,6.1
2026-04-01 08:43:59,16,1610,수술실,3,15,10.8
2026-04-01 08:46:26,8,834,수술실,3,12,6.4
2026-04-01 08:50:33,6,625,병동,11,12,5.7
2026-04-01 08:51:27,9,914,수술실,3,11,6.1
2026-04-01 08:53:18,9,904,병동,6,12,4.8
2026-04-01 08:53:55,18,1818,병동,9,12,6.9
2026-04-01 08:53:59,9,916,수술실,3,8,7.2
2026-04-01 08:54:39,7,721,CT,1,14,6.5
2026-04-01 09:00:15,7,701,병동,15,12,7.6
2026-04-01 09:01:09,18,1815,수술실,3,15,10.6
2026-04-01 09:09:45,5,511,병동,5,10,3.4
2026-04-01 09:12:38,11,1117,MRI,-3,12,11.2
2026-04-01 09:16:13,11,1123,병동,16,15,6.9
2026-04-01 09:18:17,5,503,병동,5,8,3.5
2026-04-01 09:20:20,10,1035,병동,6,9,4.3
2026-04-01 09:20:36,8,818,병동,5,13,6.0
2026-04-01 09:27:46,12,1212,MRI,-3,11,13.6
2026-04-01 09:34:56,6,625,수술실,3,12,7.0
2026-04-01 09:37:38,9,910,수술실,3,10,6.9
2026-04-01 09:39:40,5,532,MRI,-3,11,9.0
2026-04-01 09:41:06,5,540,수술실,3,10,4.7
2026-04-01 09:42:00,15,1520,MRI,-3,12,10.8
2026-04-01 09:45:16,14,1417,MRI,-3,8,11.6
2026-04-01 10:09:53,13,1312,CT,1,8,9.1
2026-04-01 10:26:39,18,1809,CT,1,9,10.5
2026-04-01 10:33:29,6,608,수술실,3,8,4.2
2026-04-01 10:33:52,15,1531,CT,1,11,8.7
2026-04-01 10:34:24,6,620,수술실,3,9,5.4
2026-04-01 10:35:17,9,916,수술실,3,9,6.5
2026-04-01 10:49:20,13,1309,MRI,-3,12,11.6
2026-04-01 10:52:10,6,614,병동,6,10,3.1
2026-04-01 11:01:21,15,1526,수술실,3,12,10.7
2026-04-01 11:01:39,10,1036,병동,15,10,4.8
2026-04-01 11:09:01,12,1230,CT,1,10,9.0
2026-04-01 11:14:21,6,601,MRI,-3,10,8.7
2026-04-01 11:17:14,17,1731,수술실,3,11,11.3
2026-04-01 11:27:55,12,1234,병동,14,7,4.1
2026-04-01 11:30:03,8,818,병동,12,6,4.8
2026-04-01 11:37:38,9,909,CT,1,10,6.5
2026-04-01 11:40:52,14,1420,병동,7,6,4.7
2026-04-01 11:50:28,17,1715,MRI,-3,9,12.0
2026-04-01 12:36:08,11,1106,수술실,3,7,7.7
2026-04-01 12:37:01,13,1303,수술실,3,4,7.7
2026-04-01 12:37:26,15,1515,MRI,-3,3,11.7
2026-04-01 12:38:26,7,725,CT,1,6,4.9
2026-04-01 12:42:31,9,939,병동,12,3,2.7
2026-04-01 12:45:36,13,1318,CT,1,4,7.2
2026-04-01 12:48:43,17,1705,병동,10,4,3.9
2026-04-01 12:50:38,18,1834,MRI,-3,5,12.7
2026-04-01 12:58:37,18,1824,CT,1,4,8.7
2026-04-01 13:06:26,8,829,CT,1,5,5.1
2026-04-01 13:16:14,10,1020,병동,13,6,4.0
2026-04-01 13:16:20,17,1708,MRI,-3,7,15.0
2026-04-01 13:19:18,9,906,수술실,3,6,7.0
2026-04-01 13:23:09,7,706,병동,5,7,3.7
2026-04-01 13:24:06,16,1634,병동,16,5,2.2
2026-04-01 13:26:53,11,1134,MRI,-3,9,9.7
2026-04-01 13:29:36,15,1530,수술실,3,8,7.9
2026-04-01 13:32:58,9,926,병동,16,7,5.9
2026-04-01 13:38:02,7,717,MRI,-3,9,7.4
2026-04-01 13:42:04,18,1830,병동,12,5,4.9
2026-04-01 13:53:07,11,1133,수술실,3,9,8.1
2026-04-01 14:00:16,12,1232,MRI,-3,7,8.7
2026-04-01 14:06:53,12,1238,수술실,3,8,6.8
2026-04-01 14:08:48,17,1719,CT,1,5,9.0
2026-04-01 14:38:42,11,1105,CT,1,8,6.3
2026-04-01 14:55:13,15,1535,수술실,3,8,7.3
2026-04-01 15:01:45,13,1314,CT,1,5,8.7
2026-04-01 15:14:04,14,1418,CT,1,4,6.7
2026-04-01 15:16:28,13,1309,CT,1,5,8.3
2026-04-01 15:19:15,13,1313,병동,15,5,2.8
2026-04-01 15:20:46,5,519,MRI,-3,7,8.6
2026-04-01 15:49:20,9,914,CT,1,4,5.9
2026-04-01 16:09:55,12,1224,수술실,3,6,6.8
2026-04-01 16:28:25,9,936,MRI,-3,7,10.7
2026-04-01 16:32:46,12,1231,CT,1,8,7.6
2026-04-01 16:34:47,16,1616,수술실,3,6,8.3
2026-04-01 16:45:18,9,911,CT,1,8,7.3
2026-04-01 16:50:55,7,701,병동,17,3,6.2
2026-04-01 16:57:02,5,524,수술실,3,6,5.2
2026-04-01 16:58:52,13,1319,MRI,-3,7,10.4
2026-04-01 16:59:37,10,1034,CT,1,7,5.9
2026-04-01 18:06:28,14,1436,수술실,3,3,7.3
2026-04-01 20:03:51,17,1701,병동,9,0,4.2
2026-04-01 20:14:26,5,520,수술실,3,2,3.4
2026-04-01 20:43:13,12,1217,CT,1,1,7.5
2026-04-01 21:17:59,8,809,MRI,-3,2,7.4
2026-04-01 21:30:34,15,1508,수술실,3,2,7.8
2026-04-01 21:30:48,14,1439,CT,1,3,7.8
2026-04-02 06:06:20,13,1325,MRI,-3,3,10.6
2026-04-02 06:15:57,16,1605,MRI,-3,4,9.7
2026-04-02 06:19:24,14,1423,MRI,-3,3,10.3
2026-04-02 06:42:53,9,938,MRI,-3,1,8.9
2026-04-02 06:43:58,14,1439,수술실,3,0,6.1
2026-04-02 06:46:08,14,1407,CT,1,4,6.8
2026-04-02 07:02:55,17,1738,MRI,-3,4,10.9
2026-04-02 07:11:00,16,1605,MRI,-3,2,11.1
2026-04-02 07:25:50,18,1838,병동,13,0,3.8
2026-04-02 07:27:34,9,902,병동,9,1,2.1
2026-04-02 07:36:00,15,1528,병동,5,0,7.0
2026-04-02 07:40:56,12,1235,병동,18,4,4.2
2026-04-02 07:53:30,14,1438,병동,5,4,6.3
2026-04-02 07:54:05,6,606,수술실,3,0,4.1
2026-04-02 08:00:11,11,1119,MRI,-3,10,9.3
2026-04-02 08:04:21,12,1205,CT,1,13,10.2
2026-04-02 08:09:19,7,705,MRI,-3,10,9.0
2026-04-02 08:25:27,9,929,병동,6,15,5.6
2026-04-02 08:32:46,11,1128,MRI,-3,14,11.9
2026-04-02 08:40:51,10,1017,수술실,3,9,8.1
2026-04-02 08:47:07,6,637,수술실,3,12,7.1
2026-04-02 08:56:55,9,923,수술실,3,9,5.5
2026-04-02 09:01:30,13,1337,MRI,-3,8,11.0
2026-04-02 09:07:45,13,1326,CT,1,11,8.6
2026-04-02 09:09:03,10,1033,MRI,-3,8,11.5
2026-04-02 09:13:22,9,926,MRI,-3,10,11.0
2026-04-02 09:13:57,8,809,병동,16,9,6.1
2026-04-02 09:16:29,10,1009,CT,1,13,6.9
2026-04-02 09:16:40,15,1510,병동,15,11,3.3
2026-04-02 09:29:37,16,1605,CT,1,12,12.5
2026-04-02 09:34:15,9,940,수술실,3,12,7.1
2026-04-02 09:38:26,6,616,CT,1,8,6.3
2026-04-02 09:42:46,18,1801,수술실,3,8,9.6
2026-04-02 09:47:46,11,1138,병동,6,12,5.3
2026-04-02 09:49:19,8,815,병동,17,11,9.1
2026-04-02 09:50:57,8,833,CT,1,15,7.2
2026-04-02 09:58:05,5,530,MRI,-3,11,8.0
2026-04-02 10:02:12,17,1740,MRI,-3,9,14.7
2026-04-02 10:07:03,5,513,병동,10,8,4.6
2026-04-02 10:12:56,11,1110,병동,11,6,3.3
2026-04-02 10:27:38,13,1305,수술실,3,8,7.7
2026-04-02 10:30:41,18,1814,CT,1,11,13.6
2026-04-02 10:31:48,9,919,CT,1,10,7.5
2026-04-02 10:34:18,8,838,CT,1,6,6.6
2026-04-02 10:35:35,18,1839,CT,1,8,11.8
2026-04-02 10:37:54,5,523,병동,11,9,4.9
2026-04-02 10:43:51,12,1223,병동,15,8,4.4
2026-04-02 10:44:14,14,1417,수술실,3,11,9.4
2026-04-02 10:53:08,12,1212,수술실,3,10,6.5
2026-04-02 11:00:07,15,1507,병동,9,7,6.3
2026-04-02 11:03:26,8,818,병동,12,11,6.2
2026-04-02 11:09:53,10,1024,MRI,-3,7,11.2
2026-04-02 11:11:27,17,1732,CT,1,12,10.7
2026-04-02 11:11:27,10,1018,수술실,3,6,5.8
2026-04-02 11:16:53,18,1814,병동,5,6,8.8
2026-04-02 11:20:26,5,505,CT,1,11,5.2
2026-04-02 11:20:54,10,1040,수술실,3,10,6.4
2026-04-02 11:28:43,14,1420,CT,1,12,9.6
2026-04-02 11:33:57,12,1224,CT,1,9,7.6
2026-04-02 11:35:01,15,1533,MRI,-3,10,10.2
2026-04-02 11:56:07,10,1024,CT,1,11,8.0
2026-04-02 11:57:03,16,1625,병동,5,11,9.4
2026-04-02 11:59:57,15,1512,병동,10,8,5.4
2026-04-02 12:10:43,13,1333,MRI,-3,4,9.3
2026-04-02 12:12:02,14,1416,CT,1,6,7.4
2026-04-02 12:39:47,8,829,병동,6,4,2.7
2026-04-02 12:47:25,8,823,수술실,3,6,5.5
2026-04-02 12:56:34,17,1717,CT,1,4,9.5
2026-04-02 13:16:19,16,1608,CT,1,5,8.7
2026-04-02 13:18:53,14,1429,수술실,3,9,7.4
2026-04-02 13:23:10,12,1236,수술실,3,5,6.6
2026-04-02 13:39:00,12,1233,수술실,3,5,7.9
2026-04-02 13:49:09,17,1702,CT,1,6,10.4
2026-04-02 13:54:40,15,1526,수술실,3,7,9.9
2026-04-02 14:02:42,9,936,병동,16,6,5.2
2026-04-02 14:17:17,16,1610,병동,15,8,4.1
2026-04-02 14:18:59,18,1820,수술실,3,6,10.3
2026-04-02 14:30:09,7,714,MRI,-3,6,6.8
2026-04-02 14:38:10,13,1310,MRI,-3,7,10.2
2026-04-02 14:46:02,10,1031,CT,1,7,7.0
2026-04-02 14:54:53,12,1222,MRI,-3,7,11.8
2026-04-02 15:01:43,18,1817,병동,16,5,3.3
2026-04-02 15:13:37,15,1515,MRI,-3,6,13.0
2026-04-02 15:13:52,13,1336,수술실,3,3,6.9
2026-04-02 15:24:46,12,1239,수술실,3,4,7.2
2026-04-02 15:25:20,5,508,MRI,-3,3,6.7
2026-04-02 15:28:29,16,1616,MRI,-3,4,9.0
2026-04-02 15:44:47,9,921,병동,17,3,5.7
2026-04-02 15:49:32,8,809,MRI,-3,6,9.6
2026-04-02 15:52:25,13,1335,CT,1,8,7.1
2026-04-02 16:12:42,9,920,수술실,3,8,7.0
2026-04-02 16:13:16,5,521,수술실,3,6,5.6
2026-04-02 16:27:22,6,640,병동,12,4,3.7
2026-04-02 16:31:26,13,1332,수술실,3,8,6.5
2026-04-02 16:44:46,15,1503,MRI,-3,4,8.6
2026-04-02 16:51:08,10,1020,수술실,3,6,8.1
2026-04-02 17:12:13,7,707,MRI,-3,0,7.4
2026-04-02 18:08:30,18,1811,CT,1,1,9.3
2026-04-02 18:14:00,6,609,수술실,3,2,4.2
2026-04-02 19:56:11,7,712,병동,11,1,3.4
2026-04-02 20:36:16,6,631,MRI,-3,0,6.4
2026-04-02 21:30:19,17,1707,CT,1,0,10.2
2026-04-03 06:02:26,18,1807,CT,1,0,9.0
2026-04-03 06:35:29,8,814,CT,1,3,5.1
2026-04-03 06:47:56,17,1712,CT,1,1,10.5
2026-04-03 06:48:58,11,1113,CT,1,3,5.6
2026-04-03 06:57:12,6,617,수술실,3,2,3.4
2026-04-03 07:11:58,11,1109,MRI,-3,4,9.8
2026-04-03 07:24:22,6,628,CT,1,3,3.8
2026-04-03 07:41:49,7,709,병동,9,1,2.6
2026-04-03 07:47:18,16,1611,MRI,-3,1,10.1
2026-04-03 08:00:42,18,1816,MRI,-3,12,13.0
2026-04-03 08:01:48,16,1610,병동,7,12,8.8
2026-04-03 08:08:53,10,1010,CT,1,12,9.3
2026-04-03 08:16:11,8,811,병동,18,10,5.9
2026-04-03 08:16:34,13,1325,CT,1,11,11.1
2026-04-03 08:18:46,9,918,CT,1,10,6.6
2026-04-03 08:20:13,10,1026,병동,7,8,4.8
2026-04-03 08:28:02,9,911,MRI,-3,15,11.7
2026-04-03 08:34:55,16,1614,병동,8,8,6.0
2026-04-03 08:35:25,14,1402,수술실,3,15,7.7
2026-04-03 08:41:18,10,1030,MRI,-3,13,11.9
2026-04-03 08:45:31,13,1334,수술실,3,9,8.0
2026-04-03 08:47:42,9,937,CT,1,13,9.0
2026-04-03 08:48:48,18,1815,병동,7,9,6.1
2026-04-03 08:51:06,9,938,MRI,-3,11,12.0
2026-04-03 08:56:26,10,1011,CT,1,15,8.1
2026-04-03 09:03:29,6,630,병동,17,10,7.0
2026-04-03 09:04:15,15,1540,수술실,3,11,7.9
2026-04-03 09:04:58,7,722,MRI,-3,13,10.8
2026-04-03 09:09:04,16,1637,수술실,3,8,7.8
2026-04-03 09:09:37,18,1826,수술실,3,14,12.6
2026-04-03 09:13:53,18,1802,수술실,3,11,11.5
2026-04-03 09:16:53,15,1514,수술실,3,9,7.9
2026-04-03 09:19:59,14,1413,MRI,-3,15,10.8
2026-04-03 09:20:34,6,619,병동,11,11,5.5
2026-04-03 09:22:39,6,610,MRI,-3,8,6.7
2026-04-03 09:24:02,15,1507,병동,18,10,3.4
2026-04-03 09:29:14,16,1619,병동,8,14,6.2
2026-04-03 09:31:02,18,1822,CT,1,15,10.7
2026-04-03 09:37:33,11,1140,수술실,3,13,9.5
2026-04-03 09:38:56,9,915,CT,1,12,8.7
2026-04-03 09:38:58,9,925,MRI,-3,15,11.2
2026-04-03 09:42:29,8,821,MRI,-3,11,11.6
2026-04-03 09:42:48,11,1135,수술실,3,8,7.3
2026-04-03 09:45:24,14,1426,병동,14,8,3.1
2026-04-03 09:51:05,13,1317,MRI,-3,9,12.8
2026-04-03 09:51:23,6,628,CT,1,10,6.2
2026-04-03 09:55:01,11,1117,MRI,-3,10,12.0
2026-04-03 10:05:47,8,819,CT,1,9,5.1
2026-04-03 10:12:48,9,935,MRI,-3,11,8.4
2026-04-03 10:16:39,7,736,병동,8,12,3.8
2026-04-03 10:37:50,9,906,수술실,3,11,7.2
2026-04-03 10:46:24,9,908,MRI,-3,7,11.1
2026-04-03 10:47:01,7,736,병동,16,10,7.5
2026-04-03 10:47:03,10,1029,병동,16,12,6.1
2026-04-03 11:06:20,13,1308,MRI,-3,7,11.8
2026-04-03 11:06:36,13,1331,CT,1,11,8.2
2026-04-03 11:10:40,9,907,병동,14,6,5.2
2026-04-03 11:11:03,18,1830,MRI,-3,7,12.3
2026-04-03 11:19:18,7,707,병동,17,12,7.0
2026-04-03 11:23:04,17,1711,수술실,3,10,8.3
2026-04-03 11:36:20,11,1115,CT,1,9,7.1
2026-04-03 11:38:55,17,1731,병동,14,10,3.7
2026-04-03 11:39:08,6,616,CT,1,9,6.6
2026-04-03 11:41:24,8,827,병동,10,12,4.2
2026-04-03 11:47:20,18,1838,MRI,-3,6,13.4
2026-04-03 11:48:00,13,1302,CT,1,11,10.5
2026-04-03 11:48:11,12,1216,CT,1,9,6.4
2026-04-03 12:01:07,5,519,MRI,-3,3,7.9
2026-04-03 12:02:45,5,527,수술실,3,3,4.1
2026-04-03 12:14:31,17,1727,MRI,-3,3,12.2
2026-04-03 12:15:35,15,1507,수술실,3,7,7.1
2026-04-03 12:18:43,8,834,MRI,-3,7,8.0
2026-04-03 12:20:40,18,1821,병동,17,3,2.6
2026-04-03 12:40:11,7,729,병동,17,4,6.4
2026-04-03 12:50:33,6,621,병동,18,6,7.7
2026-04-03 12:50:55,9,916,병동,16,5,5.1
2026-04-03 12:52:17,11,1118,CT,1,7,8.0
2026-04-03 12:59:40,16,1625,CT,1,7,9.7
2026-04-03 13:02:12,18,1801,CT,1,7,9.3
2026-04-03 13:03:55,13,1309,CT,1,6,9.1
2026-04-03 14:05:31,18,1839,병동,16,7,3.1
2026-04-03 14:07:31,6,629,MRI,-3,6,7.0
2026-04-03 14:14:14,16,1631,MRI,-3,10,10.2
2026-04-03 14:24:01,10,1016,CT,1,5,5.3
2026-04-03 14:24:12,18,1834,병동,13,7,6.0
2026-04-03 14:24:41,11,1109,수술실,3,6,7.6
2026-04-03 14:34:16,13,1321,병동,7,9,5.7
2026-04-03 14:38:42,17,1709,MRI,-3,7,10.1
2026-04-03 14:54:35,15,1519,CT,1,7,8.7
2026-04-03 15:08:16,17,1740,MRI,-3,3,13.2
2026-04-03 15:21:15,17,1736,병동,13,5,3.6
2026-04-03 15:22:09,16,1601,MRI,-3,6,12.1
2026-04-03 15:36:43,17,1728,CT,1,6,11.3
2026-04-03 15:52:37,8,816,MRI,-3,5,7.7
2026-04-03 15:53:00,5,511,수술실,3,6,4.0
2026-04-03 15:55:18,5,530,MRI,-3,4,5.5
2026-04-03 15:58:48,8,809,MRI,-3,4,8.6
2026-04-03 16:06:05,17,1706,CT,1,5,8.5
2026-04-03 16:13:10,15,1537,MRI,-3,5,11.4
2026-04-03 16:18:07,16,1625,수술실,3,7,7.4
2026-04-03 16:27:21,17,1713,CT,1,3,7.2
2026-04-03 16:33:13,12,1215,CT,1,3,6.8
2026-04-03 16:49:02,6,614,MRI,-3,4,5.8
2026-04-03 16:50:33,17,1730,CT,1,4,7.2
2026-04-03 16:52:40,18,1801,MRI,-3,5,10.5
2026-04-03 18:01:14,12,1202,수술실,3,0,5.3
2026-04-03 19:08:23,12,1219,CT,1,4,7.5
2026-04-03 19:10:01,10,1014,병동,10,2,1.9
2026-04-03 21:56:34,11,1104,수술실,3,1,6.2
2026-04-04 06:01:05,11,1113,수술실,3,3,7.4
2026-04-04 06:04:33,16,1622,CT,1,4,10.0
2026-04-04 06:10:12,10,1020,병동,6,4,4.2
2026-04-04 06:19:48,5,509,수술실,3,1,4.1
2026-04-04 06:35:59,18,1832,병동,17,1,2.9
2026-04-04 06:59:55,13,1333,MRI,-3,1,11.1
2026-04-04 07:25:39,11,1105,수술실,3,3,6.5
2026-04-04 08:01:23,8,826,병동,8,8,3.4
2026-04-04 08:02:16,15,1528,CT,1,10,9.7
2026-04-04 08:04:21,17,1729,CT,1,11,9.9
2026-04-04 08:09:38,13,1330,병동,10,13,5.6
2026-04-04 08:12:59,17,1707,수술실,3,9,7.9
2026-04-04 08:13:23,15,1510,수술실,3,10,9.9
2026-04-04 08:13:30,12,1218,CT,1,14,9.3
2026-04-04 08:17:27,7,727,CT,1,15,6.2
2026-04-04 08:19:24,5,514,MRI,-3,10,8.1
2026-04-04 08:21:15,17,1729,수술실,3,9,8.0
2026-04-04 08:21:32,9,930,수술실,3,9,6.1
2026-04-04 08:28:12,15,1517,병동,7,13,6.4
2026-04-04 08:31:47,6,607,CT,1,13,6.4
2026-04-04 08:32:51,12,1220,병동,9,11,5.4
2026-04-04 08:35:40,11,1108,병동,14,9,4.5
2026-04-04 08:36:18,10,1007,병동,16,14,5.4
2026-04-04 08:37:54,8,821,MRI,-3,12,10.8
2026-04-04 08:38:40,5,537,병동,17,8,7.3
2026-04-04 08:50:03,16,1601,병동,16,8,3.6
2026-04-04 08:50:31,14,1406,MRI,-3,13,13.5
2026-04-04 08:51:13,14,1414,CT,1,13,7.8
2026-04-04 08:54:13,9,908,MRI,-3,13,11.1
2026-04-04 08:56:01,7,705,병동,11,11,5.1
2026-04-04 08:56:29,13,1303,수술실,3,15,9.8
2026-04-04 08:57:14,11,1140,CT,1,13,8.4
2026-04-04 08:57:17,11,1124,수술실,3,12,8.4
2026-04-04 09:01:07,18,1836,병동,11,15,7.3
2026-04-04 09:02:55,16,1639,수술실,3,10,7.4
2026-04-04 09:08:56,16,1609,수술실,3,10,7.4
2026-04-04 09:09:40,9,933,병동,17,9,6.3
2026-04-04 09:13:29,15,1515,병동,14,12,4.2
2026-04-04 09:14:38,6,620,CT,1,10,6.4
2026-04-04 09:18:17,13,1311,MRI,-3,12,10.2
2026-04-04 09:19:36,8,836,MRI,-3,11,8.2
2026-04-04 09:21:19,9,912,CT,1,15,8.8
2026-04-04 09:23:35,16,1619,CT,1,14,8.7
2026-04-04 09:26:23,15,1536,수술실,3,12,11.6
2026-04-04 09:27:09,15,1526,병동,8,9,5.6
2026-04-04 09:27:38,10,1028,병동,9,12,4.8
2026-04-04 09:31:39,18,1840,병동,13,11,5.1
2026-04-04 09:42:27,14,1439,병동,9,11,5.2
2026-04-04 09:43:17,5,505,수술실,3,8,5.3
2026-04-04 09:46:08,16,1631,MRI,-3,11,15.2
2026-04-04 09:46:20,13,1329,병동,16,8,4.7
2026-04-04 09:46:46,10,1029,MRI,-3,9,10.2
2026-04-04 09:48:03,12,1228,CT,1,9,8.6
2026-04-04 09:52:06,18,1818,병동,14,10,4.0
2026-04-04 09:54:41,17,1717,MRI,-3,9,12.3
2026-04-04 09:59:38,9,938,수술실,3,8,6.3
2026-04-04 10:01:55,5,520,MRI,-3,7,8.2
2026-04-04 10:05:03,10,1013,병동,5,11,5.6
2026-04-04 10:05:33,15,1535,CT,1,7,8.0
2026-04-04 10:06:58,16,1624,수술실,3,8,10.1
2026-04-04 10:10:39,18,1815,병동,17,12,5.3
2026-04-04 10:16:24,14,1419,CT,1,12,9.0
2026-04-04 10:20:39,7,739,CT,1,10,6.4
2026-04-04 10:23:52,6,611,수술실,3,10,5.8
2026-04-04 10:26:44,9,922,수술실,3,8,6.5
2026-04-04 10:26:49,16,1604,CT,1,7,7.9
2026-04-04 10:34:11,11,1103,병동,18,11,7.8
2026-04-04 10:38:11,16,1602,MRI,-3,10,10.8
2026-04-04 10:38:27,16,1605,MRI,-3,8,11.4
2026-04-04 10:40:22,15,1515,병동,7,11,5.9
2026-04-04 10:43:17,5,510,수술실,3,9,5.7
2026-04-04 10:49:06,10,1039,수술실,3,10,5.5
2026-04-04 11:04:50,16,1624,CT,1,12,10.4
2026-04-04 11:12:30,15,1534,CT,1,9,9.0
2026-04-04 11:17:00,18,1838,병동,6,6,7.1
2026-04-04 11:18:29,8,808,CT,1,9,7.2
2026-04-04 11:28:26,11,1107,MRI,-3,6,9.4
2026-04-04 11:41:30,18,1819,수술실,3,7,10.0
2026-04-04 11:44:22,8,820,CT,1,10,7.4
2026-04-04 11:46:42,14,1409,CT,1,6,7.3
2026-04-04 11:59:04,10,1023,CT,1,6,7.5
2026-04-04 12:04:27,7,707,수술실,3,7,5.0
2026-04-04 12:15:49,14,1424,병동,6,6,7.1
2026-04-04 12:38:30,8,807,수술실,3,4,5.4
2026-04-04 12:43:14,18,1809,수술실,3,7,9.6
2026-04-04 12:59:06,10,1013,CT,1,7,6.3
2026-04-04 13:21:41,9,935,수술실,3,7,5.9
2026-04-04 13:21:53,9,903,수술실,3,6,6.8
2026-04-04 13:27:32,11,1132,CT,1,6,6.4
2026-04-04 13:35:05,13,1331,병동,11,7,3.2
2026-04-04 13:37:21,6,633,수술실,3,9,5.4
2026-04-04 13:38:46,11,1122,MRI,-3,8,10.4
2026-04-04 13:45:40,14,1402,MRI,-3,6,9.4
2026-04-04 14:00:42,10,1017,CT,1,9,8.0
2026-04-04 14:06:48,5,512,수술실,3,5,3.4
2026-04-04 14:07:59,14,1429,병동,6,6,6.6
2026-04-04 14:31:18,10,1019,수술실,3,10,8.1
2026-04-04 14:42:19,11,1125,CT,1,10,6.5
2026-04-04 15:04:50,11,1121,MRI,-3,5,8.2
2026-04-04 15:08:19,10,1024,MRI,-3,7,8.3
2026-04-04 15:14:25,13,1327,병동,18,5,4.3
2026-04-04 15:29:45,16,1638,CT,1,6,8.8
2026-04-04 15:50:47,8,806,병동,11,6,5.0
2026-04-04 16:21:45,6,619,MRI,-3,8,8.7
2026-04-04 16:50:28,12,1208,CT,1,7,8.7
2026-04-04 18:37:57,11,1118,CT,1,3,5.5
2026-04-04 19:38:11,11,1105,수술실,3,2,6.1
2026-04-04 20:12:55,13,1302,병동,14,0,2.5
2026-04-04 20:51:50,7,702,병동,7,1,2.3
2026-04-05 06:14:03,18,1836,수술실,3,4,9.9
2026-04-05 06:34:13,17,1725,MRI,-3,1,11.5
2026-04-05 06:45:17,15,1518,병동,17,4,2.8
2026-04-05 07:09:57,16,1640,CT,1,0,8.3
2026-04-05 07:32:18,7,715,MRI,-3,4,8.5
2026-04-05 07:37:38,17,1726,MRI,-3,2,10.6
2026-04-05 07:45:05,15,1522,MRI,-3,0,11.9
2026-04-05 08:00:14,9,907,MRI,-3,10,8.0
2026-04-05 08:00:23,12,1213,수술실,3,12,9.8
2026-04-05 08:02:16,15,1501,병동,17,12,4.1
2026-04-05 08:03:48,9,922,CT,1,13,8.1
2026-04-05 08:07:51,11,1112,MRI,-3,15,9.1
2026-04-05 08:29:12,6,631,수술실,3,13,7.0
2026-04-05 08:31:49,10,1001,MRI,-3,12,10.7
2026-04-05 08:32:29,14,1416,CT,1,12,10.5
2026-04-05 08:33:38,8,807,CT,1,8,5.4
2026-04-05 08:40:17,10,1001,병동,10,9,3.1
2026-04-05 08:41:31,7,707,병동,9,14,5.5
2026-04-05 08:41:38,11,1129,CT,1,15,10.2
2026-04-05 08:50:15,7,732,CT,1,13,7.6
2026-04-05 08:50:42,9,905,MRI,-3,9,9.6
2026-04-05 08:56:37,5,532,병동,15,11,7.5
2026-04-05 08:59:01,13,1311,CT,1,10,9.1
2026-04-05 09:02:52,9,931,병동,11,8,3.6
2026-04-05 09:04:00,15,1512,CT,1,15,10.4
2026-04-05 09:04:30,11,1115,병동,6,11,5.7
2026-04-05 09:24:27,17,1722,CT,1,15,11.9
2026-04-05 09:26:21,17,1736,CT,1,10,8.8
2026-04-05 09:27:01,7,711,병동,15,12,7.8
2026-04-05 09:32:17,16,1619,병동,8,13,8.6
2026-04-05 09:36:29,7,718,MRI,-3,11,11.3
2026-04-05 09:40:44,16,1632,MRI,-3,9,14.3
2026-04-05 09:43:51,10,1039,병동,5,8,5.9
2026-04-05 09:50:29,8,814,수술실,3,11,7.6
2026-04-05 09:59:02,12,1229,CT,1,15,9.4
2026-04-05 09:59:14,14,1422,MRI,-3,15,14.7
2026-04-05 10:08:15,5,517,MRI,-3,9,7.8
2026-04-05 10:11:33,17,1719,수술실,3,6,11.1
2026-04-05 10:13:00,7,720,CT,1,6,5.5
2026-04-05 10:13:28,5,522,수술실,3,11,6.3
2026-04-05 10:26:35,17,1722,CT,1,6,10.6
2026-04-05 10:26:48,16,1621,병동,15,8,3.7
2026-04-05 10:43:31,6,630,CT,1,9,5.3
2026-04-05 10:45:05,9,930,CT,1,12,8.4
2026-04-05 10:51:53,14,1411,CT,1,11,9.1
2026-04-05 11:04:45,10,1034,수술실,3,7,7.4
2026-04-05 11:04:50,7,733,병동,17,10,7.0
2026-04-05 11:08:53,17,1729,CT,1,6,10.1
2026-04-05 11:20:37,6,640,병동,8,9,4.4
2026-04-05 11:31:59,14,1410,병동,12,11,5.2
2026-04-05 11:34:08,9,919,수술실,3,10,7.6
2026-04-05 11:38:45,17,1733,병동,15,9,4.4
2026-04-05 11:40:10,10,1034,병동,8,10,3.5
2026-04-05 11:42:33,8,823,병동,5,7,5.0
2026-04-05 11:42:49,9,907,MRI,-3,7,7.5
2026-04-05 11:44:46,13,1325,수술실,3,12,10.0
2026-04-05 11:45:00,9,926,수술실,3,9,5.7
2026-04-05 11:53:48,8,819,CT,1,9,6.1
2026-04-05 11:58:34,6,605,CT,1,9,5.8
2026-04-05 12:10:06,12,1209,병동,14,3,2.3
2026-04-05 12:13:08,7,727,MRI,-3,5,8.1
2026-04-05 12:15:15,12,1216,MRI,-3,3,7.8
2026-04-05 12:42:14,5,524,수술실,3,5,3.1
2026-04-05 13:00:22,13,1312,수술실,3,7,9.1
2026-04-05 13:05:37,18,1821,병동,13,7,6.0
2026-04-05 13:15:50,5,510,CT,1,10,5.7
2026-04-05 13:29:10,18,1825,MRI,-3,6,14.0
2026-04-05 13:30:47,13,1307,수술실,3,10,6.6
2026-04-05 13:37:08,12,1203,수술실,3,5,6.4
2026-04-05 13:54:37,14,1438,CT,1,7,9.5
2026-04-05 13:57:30,14,1403,MRI,-3,7,11.2
2026-04-05 13:57:57,10,1008,MRI,-3,10,8.4
2026-04-05 14:20:26,7,740,수술실,3,10,4.6
2026-04-05 14:31:32,8,801,MRI,-3,5,8.1
2026-04-05 14:49:04,11,1133,CT,1,8,6.7
2026-04-05 14:50:05,15,1536,MRI,-3,6,13.9
2026-04-05 14:53:54,13,1312,수술실,3,8,8.6
2026-04-05 14:57:00,7,726,CT,1,8,5.0
2026-04-05 14:57:41,17,1705,MRI,-3,10,12.0
2026-04-05 15:07:23,16,1624,MRI,-3,5,11.3
2026-04-05 15:26:46,14,1417,병동,6,8,6.6
2026-04-05 15:31:49,14,1437,병동,18,3,4.1
2026-04-05 15:37:42,12,1230,MRI,-3,6,10.7
2026-04-05 15:42:08,15,1528,CT,1,7,7.6
2026-04-05 15:46:30,14,1438,수술실,3,7,7.9
2026-04-05 15:47:46,12,1209,수술실,3,5,5.3
2026-04-05 15:52:15,14,1429,수술실,3,5,8.5
2026-04-05 15:55:50,8,815,CT,1,3,5.1
2026-04-05 15:56:50,14,1405,MRI,-3,7,10.0
2026-04-05 16:03:24,17,1719,병동,9,4,6.0
2026-04-05 16:20:17,11,1103,CT,1,4,7.6
2026-04-05 16:27:52,13,1320,MRI,-3,8,10.6
2026-04-05 16:50:56,12,1222,CT,1,8,8.9
2026-04-05 18:08:29,8,803,수술실,3,2,4.7
2026-04-05 18:46:46,10,1032,CT,1,1,6.2
2026-04-05 21:03:26,13,1323,MRI,-3,2,10.0
2026-04-05 21:23:15,10,1010,CT,1,1,5.1
2026-04-05 21:38:12,9,924,수술실,3,4,4.3
2026-04-05 21:39:29,15,1534,CT,1,3,8.0
2026-04-06 06:00:22,14,1415,병동,16,4,2.8
2026-04-06 06:20:59,17,1736,MRI,-3,0,13.7
2026-04-06 06:32:48,12,1231,병동,5,3,5.3
2026-04-06 06:42:18,16,1603,수술실,3,1,7.8
2026-04-06 06:42:23,7,708,MRI,-3,0,7.4
2026-04-06 06:42:57,12,1212,수술실,3,2,7.5
2026-04-06 06:55:41,11,1120,MRI,-3,0,7.5
2026-04-06 06:58:11,15,1504,병동,8,2,5.5
2026-04-06 07:25:07,11,1101,MRI,-3,1,10.7
2026-04-06 07:39:23,10,1025,CT,1,2,6.2
2026-04-06 07:59:38,18,1820,MRI,-3,4,14.2
2026-04-06 08:02:51,17,1725,MRI,-3,10,12.6
2026-04-06 08:04:40,15,1505,수술실,3,12,9.9
2026-04-06 08:05:38,10,1022,수술실,3,8,7.4
2026-04-06 08:10:54,10,1011,CT,1,13,7.2
2026-04-06 08:11:52,5,501,수술실,3,15,6.2
2026-04-06 08:16:09,13,1334,CT,1,8,8.2
2026-04-06 08:23:45,16,1638,수술실,3,11,8.5
2026-04-06 08:25:00,10,1022,MRI,-3,8,10.2
2026-04-06 08:25:14,8,833,MRI,-3,12,10.4
2026-04-06 08:25:21,11,1114,수술실,3,14,8.6
2026-04-06 08:28:02,17,1736,수술실,3,12,9.7
2026-04-06 08:29:00,5,526,CT,1,14,6.8
2026-04-06 08:43:28,18,1819,CT,1,9,9.8
2026-04-06 08:47:46,17,1729,MRI,-3,11,13.3
2026-04-06 08:49:46,6,610,수술실,3,11,6.7
2026-04-06 08:51:23,6,602,병동,7,14,4.0
2026-04-06 08:53:25,11,1120,MRI,-3,10,10.1
2026-04-06 09:05:21,7,701,수술실,3,12,7.2
2026-04-06 09:20:02,15,1524,병동,6,10,5.6
2026-04-06 09:20:56,13,1331,수술실,3,8,9.6
2026-04-06 09:28:49,14,1419,MRI,-3,8,13.3
2026-04-06 09:31:34,9,938,수술실,3,15,8.8
2026-04-06 09:34:09,9,920,수술실,3,8,6.8
2026-04-06 09:38:12,18,1839,수술실,3,9,11.0
2026-04-06 09:45:00,10,1002,CT,1,8,6.4
2026-04-06 09:49:47,9,920,CT,1,11,8.3
2026-04-06 09:54:09,16,1633,병동,6,8,6.4
2026-04-06 09:58:48,7,718,병동,10,10,4.1
2026-04-06 09:58:50,18,1813,병동,5,9,8.2
2026-04-06 09:59:06,8,820,병동,11,9,3.8
2026-04-06 10:00:52,12,1209,병동,9,8,3.9
2026-04-06 10:01:03,14,1438,수술실,3,8,7.2
2026-04-06 10:02:05,15,1534,병동,18,12,5.9
2026-04-06 10:09:26,5,538,CT,1,8,5.2
2026-04-06 10:16:33,17,1704,병동,5,7,9.3
2026-04-06 10:27:15,7,731,CT,1,7,6.8
2026-04-06 10:33:10,6,610,CT,1,9,6.3
2026-04-06 10:49:49,8,820,CT,1,9,6.5
2026-04-06 11:02:37,5,533,MRI,-3,6,8.3
2026-04-06 11:06:07,8,827,병동,7,7,3.3
2026-04-06 11:19:45,18,1805,MRI,-3,6,12.8
2026-04-06 11:31:26,5,503,CT,1,10,5.4
2026-04-06 11:36:50,7,717,MRI,-3,7,8.3
2026-04-06 11:41:28,6,607,수술실,3,11,6.0
2026-04-06 11:48:14,8,819,수술실,3,9,6.1
2026-04-06 11:56:56,15,1532,병동,5,12,6.7
2026-04-06 11:57:31,11,1137,MRI,-3,8,9.7
2026-04-06 12:06:36,7,705,수술실,3,7,4.7
2026-04-06 12:09:20,5,532,CT,1,4,4.2
2026-04-06 12:12:52,18,1824,MRI,-3,5,9.7
2026-04-06 12:15:36,15,1509,병동,10,6,5.7
2026-04-06 12:24:27,17,1717,MRI,-3,7,11.9
2026-04-06 12:28:38,5,515,MRI,-3,3,7.9
2026-04-06 12:36:36,7,714,MRI,-3,5,6.0
2026-04-06 12:44:37,9,927,수술실,3,5,5.6
2026-04-06 12:47:42,11,1120,병동,18,4,3.9
2026-04-06 12:51:05,6,601,MRI,-3,3,6.7
2026-04-06 12:54:19,16,1634,MRI,-3,7,11.8
2026-04-06 12:59:34,18,1807,수술실,3,6,10.3
2026-04-06 13:02:33,18,1817,MRI,-3,9,11.1
2026-04-06 13:50:24,17,1702,MRI,-3,8,11.2
2026-04-06 13:52:09,14,1432,CT,1,6,8.7
2026-04-06 13:57:29,17,1721,병동,9,9,5.8
2026-04-06 14:07:10,8,828,CT,1,8,6.7
2026-04-06 14:07:25,12,1217,수술실,3,7,7.0
2026-04-06 14:07:42,12,1210,병동,12,5,1.6
2026-04-06 14:12:48,10,1024,수술실,3,5,5.7
2026-04-06 14:22:09,8,826,병동,10,10,3.4
2026-04-06 14:36:32,18,1805,수술실,3,9,11.4
2026-04-06 14:39:22,12,1217,CT,1,7,9.1
2026-04-06 14:49:50,6,628,CT,1,7,5.1
2026-04-06 14:55:50,18,1803,MRI,-3,6,11.6
2026-04-06 15:00:23,7,719,수술실,3,8,4.5
2026-04-06 15:12:37,18,1803,CT,1,3,10.8
2026-04-06 15:18:04,7,705,CT,1,6,5.1
2026-04-06 15:31:35,15,1517,수술실,3,7,8.3
2026-04-06 15:38:41,10,1017,MRI,-3,8,10.6
2026-04-06 15:42:53,8,837,MRI,-3,7,7.2
2026-04-06 15:50:16,8,806,수술실,3,8,5.6
2026-04-06 15:58:08,12,1221,CT,1,5,7.1
2026-04-06 16:04:12,18,1835,병동,8,8,6.5
2026-04-06 16:08:35,6,614,CT,1,7,4.9
2026-04-06 16:19:06,10,1023,병동,6,6,4.6
2026-04-06 16:27:09,5,527,CT,1,5,4.0
2026-04-06 16:39:21,8,835,병동,16,6,6.9
2026-04-06 16:47:12,13,1312,수술실,3,6,6.9
2026-04-06 16:59:37,14,1436,MRI,-3,6,10.0
2026-04-06 17:04:28,5,525,수술실,3,3,3.3
2026-04-06 18:28:07,17,1738,병동,18,1,2.2
2026-04-06 18:42:15,7,702,CT,1,3,4.9
2026-04-06 20:04:06,17,1737,MRI,-3,4,12.4
2026-04-06 20:31:36,16,1638,MRI,-3,4,9.1
2026-04-06 20:58:31,18,1824,수술실,3,3,9.2
2026-04-07 06:02:11,14,1428,CT,1,4,8.1
2026-04-07 06:40:32,6,605,CT,1,1,4.7
2026-04-07 06:59:24,14,1426,수술실,3,3,7.3
2026-04-07 07:09:09,11,1140,MRI,-3,0,7.3
2026-04-07 07:31:23,10,1003,MRI,-3,4,8.7
2026-04-07 07:37:06,11,1138,수술실,3,4,6.0
2026-04-07 07:57:00,8,816,MRI,-3,3,7.5
2026-04-07 08:10:55,7,719,수술실,3,14,6.6
2026-04-07 08:11:11,14,1423,CT,1,8,7.7
2026-04-07 08:13:12,10,1034,MRI,-3,15,10.7
2026-04-07 08:13:21,9,927,병동,6,12,4.2
2026-04-07 08:14:26,8,810,병동,9,15,5.0
2026-04-07 08:14:30,16,1639,CT,1,8,8.5
2026-04-07 08:16:51,16,1613,수술실,3,10,10.3
2026-04-07 08:21:41,17,1707,CT,1,12,11.2
2026-04-07 08:24:13,9,917,병동,8,14,5.2
2026-04-07 08:28:26,6,635,수술실,3,12,5.2
2026-04-07 08:28:45,6,604,MRI,-3,15,7.8
2026-04-07 08:31:29,6,613,MRI,-3,11,7.5
2026-04-07 08:32:43,8,825,수술실,3,10,7.1
2026-04-07 08:34:37,11,1124,MRI,-3,10,8.4
2026-04-07 08:36:04,6,625,CT,1,14,6.9
2026-04-07 08:39:17,15,1501,CT,1,14,9.0
2026-04-07 08:41:19,13,1316,병동,5,12,7.0
2026-04-07 08:42:16,13,1306,MRI,-3,10,9.4
2026-04-07 08:44:01,7,714,수술실,3,14,6.0
2026-04-07 08:50:18,13,1337,병동,7,8,5.2
2026-04-07 08:51:41,6,611,병동,9,8,4.9
2026-04-07 08:51:54,14,1427,MRI,-3,12,12.4
2026-04-07 08:58:23,5,532,CT,1,12,6.1
2026-04-07 08:59:23,15,1535,병동,11,14,5.4
2026-04-07 09:00:32,14,1421,MRI,-3,8,10.6
2026-04-07 09:03:51,10,1009,MRI,-3,8,8.5
2026-04-07 09:08:11,9,922,수술실,3,8,5.7
2026-04-07 09:17:11,12,1218,CT,1,15,8.4
2026-04-07 09:21:33,16,1602,수술실,3,13,10.7
2026-04-07 09:22:54,15,1506,병동,7,13,7.3
2026-04-07 09:37:29,15,1530,CT,1,8,10.5
2026-04-07 09:43:12,10,1010,MRI,-3,15,9.9
2026-04-07 09:43:54,11,1130,병동,18,14,6.7
2026-04-07 09:44:02,16,1638,병동,6,14,9.4
2026-04-07 09:45:22,16,1623,MRI,-3,12,11.1
2026-04-07 09:46:34,10,1012,MRI,-3,11,10.9
2026-04-07 09:47:13,18,1824,수술실,3,15,9.1
2026-04-07 09:49:10,12,1203,MRI,-3,14,11.7
2026-04-07 09:51:59,15,1507,병동,6,14,7.7
2026-04-07 09:52:41,6,609,CT,1,14,5.4
2026-04-07 09:53:28,6,638,MRI,-3,14,8.0
2026-04-07 09:56:14,14,1428,병동,11,10,4.3
2026-04-07 09:57:20,6,609,CT,1,15,7.2
2026-04-07 10:00:24,17,1728,MRI,-3,10,11.0
2026-04-07 10:02:02,6,640,수술실,3,9,5.8
2026-04-07 10:02:53,11,1101,MRI,-3,11,11.0
2026-04-07 10:06:42,8,808,CT,1,6,6.9
2026-04-07 10:08:26,5,501,CT,1,7,6.1
2026-04-07 10:14:48,13,1337,병동,11,9,3.3
2026-04-07 10:22:13,16,1637,병동,7,9,6.5
2026-04-07 10:22:36,7,714,MRI,-3,10,9.3
2026-04-07 10:26:50,13,1321,CT,1,6,9.7
2026-04-07 10:28:20,12,1213,수술실,3,9,7.6
2026-04-07 10:28:26,9,933,CT,1,9,5.8
2026-04-07 10:31:13,14,1416,MRI,-3,6,10.7
2026-04-07 10:32:39,5,509,수술실,3,12,5.9
2026-04-07 10:38:54,11,1102,MRI,-3,10,9.7
2026-04-07 10:39:55,18,1804,CT,1,11,9.6
2026-04-07 10:39:58,6,637,CT,1,6,6.4
2026-04-07 10:44:20,14,1405,CT,1,9,8.9
2026-04-07 10:48:00,8,821,MRI,-3,6,8.9
2026-04-07 10:50:37,9,903,병동,9,9,2.6
2026-04-07 10:53:07,18,1804,수술실,3,8,8.4
2026-04-07 10:56:00,14,1425,MRI,-3,10,11.7
2026-04-07 10:57:08,6,609,수술실,3,8,5.9
2026-04-07 11:02:24,7,729,MRI,-3,7,7.0
2026-04-07 11:08:21,15,1514,MRI,-3,9,11.9
2026-04-07 11:16:38,11,1104,MRI,-3,8,11.1
2026-04-07 11:22:15,9,901,수술실,3,7,5.3
2026-04-07 11:30:13,13,1313,병동,14,8,3.2
2026-04-07 11:41:33,6,610,수술실,3,8,5.7
2026-04-07 11:53:30,17,1720,CT,1,10,10.0
2026-04-07 12:19:59,9,907,MRI,-3,6,8.0
2026-04-07 12:35:10,12,1224,병동,14,7,3.6
2026-04-07 12:38:35,9,903,MRI,-3,5,9.3
2026-04-07 12:53:03,7,717,CT,1,4,4.9
2026-04-07 12:56:15,12,1225,수술실,3,3,6.5
2026-04-07 13:08:34,13,1302,MRI,-3,5,10.0
2026-04-07 13:08:37,5,526,CT,1,7,4.8
2026-04-07 13:14:23,10,1034,수술실,3,10,6.8
2026-04-07 13:23:35,10,1014,병동,14,9,5.5
2026-04-07 13:29:28,17,1722,MRI,-3,9,14.4
2026-04-07 13:49:46,12,1212,CT,1,10,6.4
2026-04-07 13:53:29,13,1336,수술실,3,9,7.0
2026-04-07 14:00:18,9,925,병동,14,10,5.8
2026-04-07 14:04:33,9,922,MRI,-3,5,8.6
2026-04-07 14:04:45,6,623,MRI,-3,7,6.8
2026-04-07 14:07:35,9,922,병동,7,7,4.5
2026-04-07 14:08:41,18,1816,CT,1,9,9.4
2026-04-07 14:09:25,7,731,병동,12,9,5.4
2026-04-07 14:25:31,16,1636,병동,12,9,5.1
2026-04-07 14:30:39,8,821,수술실,3,9,5.2
2026-04-07 14:36:25,7,709,수술실,3,9,6.4
2026-04-07 14:38:55,8,828,CT,1,7,6.2
2026-04-07 15:31:04,7,739,MRI,-3,5,6.5
2026-04-07 15:36:51,8,837,수술실,3,8,5.9
2026-04-07 15:52:01,11,1110,병동,14,5,3.7
2026-04-07 15:58:49,7,704,수술실,3,4,5.2
2026-04-07 16:01:45,13,1313,수술실,3,6,9.5
2026-04-07 16:05:11,16,1622,수술실,3,4,9.4
2026-04-07 16:09:47,16,1635,MRI,-3,6,13.1
2026-04-07 16:17:01,6,637,병동,14,7,6.1
2026-04-07 16:34:24,18,1838,수술실,3,3,10.3
2026-04-07 17:27:48,18,1819,CT,1,2,9.2
2026-04-07 18:17:47,12,1225,수술실,3,0,5.7
2026-04-07 18:24:56,11,1139,병동,5,4,4.7
2026-04-07 18:33:11,8,816,병동,7,3,2.5
2026-04-07 19:18:46,6,606,MRI,-3,4,6.6
2026-04-07 19:35:13,17,1726,수술실,3,4,9.6
2026-04-07 19:48:50,12,1214,MRI,-3,1,9.1
2026-04-07 20:17:27,15,1503,수술실,3,3,8.8
2026-04-07 20:20:30,11,1105,수술실,3,0,5.9
2026-04-07 20:41:01,16,1622,수술실,3,0,6.6
2026-04-07 21:07:34,7,726,병동,14,0,5.3
2026-04-07 21:56:50,5,534,수술실,3,2,4.4
2026-04-08 06:06:24,6,635,CT,1,1,5.1
2026-04-08 07:15:26,6,617,병동,16,3,7.1
2026-04-08 07:17:07,18,1805,CT,1,1,8.2
2026-04-08 07:20:42,5,531,CT,1,3,4.7
2026-04-08 07:20:58,9,925,MRI,-3,2,9.1
2026-04-08 07:38:06,11,1131,CT,1,4,7.5
2026-04-08 07:41:48,7,735,CT,1,1,4.6
2026-04-08 08:09:39,16,1633,수술실,3,15,9.1
2026-04-08 08:12:09,16,1636,수술실,3,10,9.5
2026-04-08 08:13:32,15,1516,병동,12,13,4.8
2026-04-08 08:14:56,11,1106,수술실,3,11,7.2
2026-04-08 08:21:31,18,1819,병동,9,12,7.2
2026-04-08 08:27:02,8,836,MRI,-3,15,11.0
2026-04-08 08:28:46,14,1432,MRI,-3,9,10.3
2026-04-08 08:30:39,9,919,수술실,3,13,8.8
2026-04-08 08:37:52,9,929,CT,1,10,5.6
2026-04-08 08:48:59,13,1320,MRI,-3,9,11.5
2026-04-08 08:52:53,18,1817,수술실,3,9,8.9
2026-04-08 09:02:32,11,1114,병동,5,8,5.3
2026-04-08 09:03:59,10,1010,수술실,3,14,7.4
2026-04-08 09:06:11,17,1738,수술실,3,12,9.1
2026-04-08 09:21:28,15,1526,병동,7,15,7.5
2026-04-08 09:22:40,14,1421,병동,13,14,4.3
2026-04-08 09:22:52,16,1627,CT,1,15,11.5
2026-04-08 09:25:03,6,635,CT,1,12,7.1
2026-04-08 09:28:35,13,1318,수술실,3,8,8.0
2026-04-08 09:31:28,12,1235,CT,1,8,8.0
2026-04-08 09:34:02,9,928,수술실,3,9,7.5
2026-04-08 09:34:42,11,1105,병동,10,13,4.2
2026-04-08 09:34:55,6,626,MRI,-3,9,7.6
2026-04-08 09:35:27,17,1723,CT,1,12,9.9
2026-04-08 09:37:02,16,1606,병동,11,15,5.2
2026-04-08 09:49:38,9,935,수술실,3,14,7.6
2026-04-08 09:51:08,15,1509,MRI,-3,8,11.5
2026-04-08 09:53:11,11,1128,수술실,3,15,6.6
2026-04-08 09:53:37,18,1809,수술실,3,8,11.1
2026-04-08 09:59:05,17,1707,수술실,3,13,11.7
2026-04-08 10:01:30,11,1106,MRI,-3,12,12.3
2026-04-08 10:06:41,14,1409,MRI,-3,9,9.3
2026-04-08 10:08:17,8,803,CT,1,7,6.6
2026-04-08 10:16:38,10,1029,병동,15,6,5.1
2026-04-08 10:37:56,6,633,MRI,-3,7,7.5
2026-04-08 10:46:41,11,1139,병동,12,11,3.7
2026-04-08 10:48:52,8,826,MRI,-3,8,10.4
2026-04-08 10:56:46,8,822,병동,18,7,5.9
2026-04-08 10:58:45,9,922,MRI,-3,8,9.9
2026-04-08 11:05:13,16,1623,수술실,3,6,8.0
2026-04-08 11:06:04,18,1806,수술실,3,8,10.0
2026-04-08 11:13:50,12,1215,CT,1,10,8.2
2026-04-08 11:24:03,12,1227,병동,14,7,4.1
2026-04-08 11:29:01,9,930,수술실,3,8,7.0
2026-04-08 11:33:13,12,1220,CT,1,8,8.3
2026-04-08 11:36:03,5,507,CT,1,6,5.0
2026-04-08 11:38:04,11,1119,MRI,-3,12,8.9
2026-04-08 11:38:14,16,1625,수술실,3,10,9.8
2026-04-08 11:53:35,17,1731,MRI,-3,8,10.5
2026-04-08 12:08:57,17,1740,병동,15,7,4.3
2026-04-08 12:10:15,7,726,CT,1,6,6.4
2026-04-08 12:11:39,5,534,수술실,3,7,5.1
2026-04-08 12:25:13,7,737,CT,1,6,6.8
2026-04-08 12:25:15,10,1001,CT,1,3,7.1
2026-04-08 12:53:07,12,1235,수술실,3,4,7.0
2026-04-08 13:11:55,7,735,병동,13,6,5.2
2026-04-08 13:15:36,18,1807,CT,1,10,10.3
2026-04-08 13:17:56,8,828,병동,17,9,7.7
2026-04-08 13:21:07,9,921,MRI,-3,8,10.8
2026-04-08 13:21:20,14,1440,병동,8,7,5.0
2026-04-08 13:24:29,16,1628,수술실,3,8,10.8
2026-04-08 13:36:49,11,1125,CT,1,5,5.8
2026-04-08 13:40:29,11,1113,병동,16,5,3.8
2026-04-08 13:43:07,17,1723,CT,1,7,8.0
2026-04-08 13:46:22,8,815,수술실,3,7,5.3
2026-04-08 14:04:55,13,1307,수술실,3,6,7.4
2026-04-08 14:07:48,9,919,MRI,-3,6,8.0
2026-04-08 14:11:34,15,1505,MRI,-3,5,9.7
2026-04-08 14:11:56,5,535,수술실,3,6,4.6
2026-04-08 14:25:05,8,816,수술실,3,7,5.2
2026-04-08 14:36:01,9,908,병동,18,6,6.6
2026-04-08 14:37:18,18,1813,MRI,-3,8,13.0
2026-04-08 14:42:16,18,1801,MRI,-3,8,14.1
2026-04-08 14:45:44,15,1532,병동,6,7,7.2
2026-04-08 14:50:56,6,612,MRI,-3,6,9.4
2026-04-08 14:59:39,10,1001,수술실,3,9,5.5
2026-04-08 15:01:24,18,1820,병동,7,4,6.4
2026-04-08 15:04:44,6,612,수술실,3,8,5.7
2026-04-08 15:09:36,6,603,수술실,3,5,5.0
2026-04-08 15:10:36,13,1323,MRI,-3,7,12.3
2026-04-08 15:11:07,12,1212,CT,1,3,8.0
2026-04-08 15:19:27,7,719,수술실,3,4,3.9
2026-04-08 15:20:12,5,537,수술실,3,3,4.5
2026-04-08 16:37:58,16,1626,MRI,-3,5,10.0
2026-04-08 16:43:13,5,505,수술실,3,5,3.6
2026-04-08 16:51:05,18,1840,수술실,3,8,9.1
2026-04-08 16:53:24,12,1222,병동,18,8,5.0
2026-04-08 16:56:07,13,1308,병동,11,4,2.7
2026-04-08 17:37:39,5,510,CT,1,0,4.6
2026-04-08 18:03:24,7,711,CT,1,3,5.4
2026-04-08 19:11:45,5,501,CT,1,4,4.7
2026-04-08 19:33:31,9,933,병동,9,3,2.4
2026-04-08 19:36:17,10,1017,수술실,3,0,4.9
2026-04-08 19:37:09,14,1401,CT,1,3,9.1
2026-04-08 20:45:56,8,825,병동,9,2,2.2
2026-04-08 21:20:21,5,540,CT,1,4,4.3
2026-04-09 06:27:41,10,1029,병동,14,2,3.7
2026-04-09 06:35:14,16,1627,병동,18,0,2.4
2026-04-09 06:40:19,10,1035,수술실,3,2,6.1
2026-04-09 06:43:45,5,502,병동,10,0,4.2
2026-04-09 07:10:31,10,1004,병동,11,1,2.3
2026-04-09 07:16:04,16,1614,CT,1,0,8.4
2026-04-09 07:20:19,16,1620,수술실,3,3,7.3
2026-04-09 07:34:46,8,827,MRI,-3,2,7.2
2026-04-09 07:39:06,12,1210,병동,9,2,2.6
2026-04-09 07:39:56,16,1618,병동,12,3,3.8
2026-04-09 07:47:49,9,901,수술실,3,0,4.6
2026-04-09 07:49:48,18,1835,병동,8,1,5.4
2026-04-09 07:59:17,18,1805,수술실,3,1,8.2
2026-04-09 08:01:14,14,1425,수술실,3,15,10.5
2026-04-09 08:07:43,13,1335,수술실,3,12,7.4
2026-04-09 08:10:41,15,1509,수술실,3,9,9.7
2026-04-09 08:12:09,5,539,CT,1,11,5.0
2026-04-09 08:12:34,8,822,CT,1,12,8.5
2026-04-09 08:13:13,6,628,CT,1,11,5.5
2026-04-09 08:13:54,6,604,병동,10,9,5.3
2026-04-09 08:14:02,14,1413,수술실,3,13,9.7
2026-04-09 08:15:10,17,1732,병동,14,10,4.6
2026-04-09 08:17:04,12,1236,병동,9,13,5.4
2026-04-09 08:20:47,13,1339,MRI,-3,11,14.1
2026-04-09 08:26:31,15,1516,병동,5,10,6.7
2026-04-09 08:26:44,11,1105,병동,9,12,5.6
2026-04-09 08:27:49,12,1227,수술실,3,8,7.3
2026-04-09 08:28:21,6,628,병동,5,9,4.1
2026-04-09 08:38:13,8,804,MRI,-3,11,11.4
2026-04-09 08:42:04,18,1824,MRI,-3,12,14.4
2026-04-09 08:42:50,7,737,수술실,3,13,5.3
2026-04-09 08:44:34,15,1515,MRI,-3,11,11.4
2026-04-09 08:47:27,17,1703,수술실,3,8,8.7
2026-04-09 08:50:26,9,912,수술실,3,10,6.2
2026-04-09 08:50:51,18,1819,MRI,-3,8,12.9
2026-04-09 09:01:31,16,1624,병동,6,11,7.6
2026-04-09 09:03:17,6,608,CT,1,10,6.4
2026-04-09 09:07:28,13,1326,수술실,3,12,10.3
2026-04-09 09:07:32,15,1534,MRI,-3,10,12.6
2026-04-09 09:12:20,10,1024,수술실,3,10,7.1
2026-04-09 09:17:17,17,1707,CT,1,15,9.6
2026-04-09 09:19:20,10,1020,MRI,-3,8,8.2
2026-04-09 09:20:41,11,1121,MRI,-3,14,11.6
2026-04-09 09:23:58,13,1305,MRI,-3,12,11.3
2026-04-09 09:23:59,13,1329,수술실,3,14,8.1
2026-04-09 09:29:29,6,608,수술실,3,11,5.7
2026-04-09 09:30:11,9,921,수술실,3,14,8.0
2026-04-09 09:33:34,13,1335,MRI,-3,13,13.6
2026-04-09 09:33:42,5,514,수술실,3,9,5.0
2026-04-09 09:40:33,6,631,CT,1,15,6.1
2026-04-09 09:57:48,6,613,CT,1,8,6.3
2026-04-09 09:58:14,16,1614,병동,7,8,6.4
2026-04-09 09:59:21,14,1439,병동,12,8,3.1
2026-04-09 09:59:49,14,1423,수술실,3,11,9.2
2026-04-09 10:00:55,11,1107,수술실,3,9,7.9
2026-04-09 10:03:01,11,1115,병동,8,9,3.7
2026-04-09 10:08:52,17,1734,수술실,3,11,9.2
2026-04-09 10:09:24,15,1525,CT,1,8,10.1
2026-04-09 10:19:05,13,1338,CT,1,11,10.4
2026-04-09 10:22:33,12,1215,CT,1,9,9.2
2026-04-09 10:22:51,9,901,수술실,3,12,7.1
2026-04-09 10:29:35,12,1205,CT,1,7,6.6
2026-04-09 10:41:38,14,1439,병동,5,6,7.5
2026-04-09 10:45:02,11,1137,CT,1,11,8.4
2026-04-09 10:55:24,17,1739,MRI,-3,8,14.2
2026-04-09 10:58:21,11,1111,수술실,3,10,8.0
2026-04-09 11:12:44,10,1007,MRI,-3,12,10.7
2026-04-09 11:21:16,15,1525,병동,5,8,8.3
2026-04-09 11:24:03,10,1036,수술실,3,7,7.4
2026-04-09 11:32:00,15,1504,CT,1,10,9.6
2026-04-09 11:37:30,6,635,병동,17,7,7.2
2026-04-09 11:40:25,12,1228,병동,17,6,4.1
2026-04-09 11:46:50,10,1033,병동,10,7,2.5
2026-04-09 11:58:41,17,1735,수술실,3,12,9.5
2026-04-09 12:10:25,12,1203,병동,15,6,4.7
2026-04-09 12:15:59,5,522,CT,1,5,4.0
2026-04-09 12:34:10,18,1809,CT,1,7,8.2
2026-04-09 12:48:13,12,1203,MRI,-3,4,9.0
2026-04-09 12:49:33,16,1603,수술실,3,6,9.1
2026-04-09 13:02:04,13,1331,수술실,3,9,8.6
2026-04-09 13:03:13,18,1836,수술실,3,9,8.9
2026-04-09 13:22:45,7,711,MRI,-3,7,9.6
2026-04-09 13:49:28,14,1415,MRI,-3,8,10.7
2026-04-09 13:51:13,8,803,수술실,3,7,5.8
2026-04-09 13:57:21,15,1508,병동,5,5,5.3
2026-04-09 14:03:59,9,905,병동,13,9,5.5
2026-04-09 14:05:09,11,1127,MRI,-3,6,10.1
2026-04-09 14:06:48,18,1838,MRI,-3,9,11.3
2026-04-09 14:08:24,5,513,병동,13,5,5.1
2026-04-09 14:13:21,9,927,MRI,-3,8,9.1
2026-04-09 14:21:34,7,731,CT,1,6,7.1
2026-04-09 14:26:11,7,714,MRI,-3,9,7.6
2026-04-09 14:46:14,14,1415,CT,1,10,9.3
2026-04-09 15:09:24,17,1706,CT,1,7,8.1
2026-04-09 15:18:36,5,504,수술실,3,7,4.6
2026-04-09 15:19:57,10,1013,수술실,3,3,6.0
2026-04-09 15:56:20,13,1308,MRI,-3,3,8.0
2026-04-09 15:57:32,7,719,수술실,3,6,5.6
2026-04-09 16:08:01,18,1835,병동,5,4,7.9
2026-04-09 16:18:43,8,840,병동,12,8,4.9
2026-04-09 16:22:36,17,1721,병동,9,7,5.6
2026-04-09 16:23:36,5,528,수술실,3,4,4.1
2026-04-09 16:26:29,5,513,병동,9,3,3.8
2026-04-09 16:30:06,18,1813,병동,11,3,4.6
2026-04-09 16:56:32,15,1522,MRI,-3,7,11.8
2026-04-09 17:01:49,16,1620,병동,12,2,3.3
2026-04-09 17:51:59,18,1827,CT,1,2,8.2
2026-04-09 19:57:31,6,615,CT,1,0,5.0
2026-04-09 20:00:35,13,1316,병동,8,1,3.9
2026-04-10 06:09:38,5,533,CT,1,4,4.5
2026-04-10 06:14:24,10,1011,병동,8,4,2.6
2026-04-10 06:14:42,14,1414,MRI,-3,4,12.0
2026-04-10 06:30:57,13,1338,수술실,3,2,6.0
2026-04-10 06:33:02,13,1337,병동,17,4,3.6
2026-04-10 06:33:54,18,1813,병동,6,2,5.9
2026-04-10 06:45:17,6,625,수술실,3,3,3.7
2026-04-10 07:09:47,11,1137,병동,18,2,5.4
2026-04-10 07:46:24,5,519,수술실,3,0,4.4
2026-04-10 08:07:43,7,725,CT,1,15,8.0
2026-04-10 08:08:05,10,1032,병동,13,15,6.0
2026-04-10 08:08:45,17,1716,CT,1,13,11.1
2026-04-10 08:09:15,9,905,병동,12,13,5.2
2026-04-10 08:19:03,7,719,CT,1,12,7.6
2026-04-10 08:21:40,15,1529,수술실,3,14,9.7
2026-04-10 08:22:00,9,904,CT,1,8,6.9
2026-04-10 08:22:09,16,1604,CT,1,10,9.6
2026-04-10 08:23:24,9,917,MRI,-3,9,9.2
2026-04-10 08:26:44,17,1723,수술실,3,13,9.6
2026-04-10 08:29:14,5,527,병동,12,12,7.0
2026-04-10 08:29:21,16,1631,MRI,-3,14,14.8
2026-04-10 08:35:26,11,1109,수술실,3,10,8.6
2026-04-10 08:37:39,10,1034,병동,11,15,3.6
2026-04-10 08:41:18,5,522,MRI,-3,13,8.0
2026-04-10 08:53:00,15,1502,MRI,-3,15,13.3
2026-04-10 08:54:45,9,903,CT,1,14,7.8
2026-04-10 08:55:07,7,712,수술실,3,10,4.7
2026-04-10 08:55:41,17,1717,수술실,3,15,10.1
2026-04-10 08:55:46,14,1417,수술실,3,13,8.1
2026-04-10 08:56:01,17,1703,MRI,-3,9,10.6
2026-04-10 08:58:15,17,1702,CT,1,13,8.8
2026-04-10 09:01:25,10,1007,병동,12,12,5.0
2026-04-10 09:05:49,5,505,수술실,3,9,5.0
2026-04-10 09:10:14,10,1030,병동,7,8,4.5
2026-04-10 09:12:55,8,802,MRI,-3,10,8.1
2026-04-10 09:18:41,6,604,MRI,-3,10,9.6
2026-04-10 09:21:25,11,1125,수술실,3,8,7.7
2026-04-10 09:26:08,14,1433,MRI,-3,12,13.1
2026-04-10 09:28:50,7,737,수술실,3,14,5.5
2026-04-10 09:30:04,13,1318,CT,1,9,6.7
2026-04-10 09:34:15,16,1630,MRI,-3,9,13.4
2026-04-10 09:35:43,15,1529,CT,1,13,10.5
2026-04-10 09:35:43,14,1405,CT,1,13,11.1
2026-04-10 09:44:23,16,1612,병동,10,15,5.6
2026-04-10 09:49:46,13,1330,수술실,3,13,10.2
2026-04-10 09:54:17,7,705,CT,1,14,6.9
2026-04-10 09:55:13,8,830,MRI,-3,13,8.0
2026-04-10 10:00:06,9,916,병동,14,8,6.0
2026-04-10 10:02:38,10,1026,병동,14,11,4.6
2026-04-10 10:08:52,6,612,MRI,-3,9,7.6
2026-04-10 10:10:02,12,1220,MRI,-3,8,11.0
2026-04-10 10:11:02,15,1512,수술실,3,7,10.5
2026-04-10 10:13:24,7,734,MRI,-3,8,6.8
2026-04-10 10:18:28,13,1313,CT,1,10,8.3
2026-04-10 10:22:06,9,918,MRI,-3,7,11.1
2026-04-10 10:26:00,16,1638,CT,1,12,9.6
2026-04-10 10:32:27,14,1429,MRI,-3,7,9.8
2026-04-10 10:34:10,17,1738,CT,1,6,11.4
2026-04-10 10:37:54,15,1537,병동,17,11,5.7
2026-04-10 10:41:07,10,1008,CT,1,7,7.4
2026-04-10 10:42:30,6,616,CT,1,12,5.8
2026-04-10 10:50:48,7,704,병동,17,7,5.7
2026-04-10 10:55:49,17,1716,MRI,-3,10,12.0
2026-04-10 11:03:56,18,1840,CT,1,10,9.0
2026-04-10 11:09:53,9,933,병동,10,11,4.8
2026-04-10 11:15:14,18,1821,CT,1,9,8.6
2026-04-10 11:16:31,16,1628,병동,12,10,4.5
2026-04-10 11:19:12,11,1123,병동,10,11,4.5
2026-04-10 11:23:16,10,1009,CT,1,10,7.0
2026-04-10 11:39:07,10,1011,MRI,-3,11,12.4
2026-04-10 11:43:04,10,1037,수술실,3,9,7.2
2026-04-10 11:47:01,5,538,CT,1,7,4.5
2026-04-10 11:49:31,13,1323,병동,16,7,4.9
2026-04-10 11:50:54,17,1723,CT,1,7,8.6
2026-04-10 11:54:18,10,1025,수술실,3,7,6.6
2026-04-10 11:55:01,17,1704,CT,1,10,10.0
2026-04-10 11:58:34,12,1235,MRI,-3,10,11.0
2026-04-10 12:02:03,18,1832,CT,1,5,9.6
2026-04-10 12:07:04,8,823,수술실,3,4,5.3
2026-04-10 12:07:22,17,1715,MRI,-3,5,12.1
2026-04-10 12:15:40,9,933,CT,1,3,5.8
2026-04-10 12:26:02,15,1540,수술실,3,4,6.6
2026-04-10 12:32:01,12,1211,MRI,-3,5,8.2
2026-04-10 12:35:57,11,1105,CT,1,4,5.5
2026-04-10 12:39:15,10,1029,MRI,-3,5,7.9
2026-04-10 12:41:08,11,1111,CT,1,5,7.5
2026-04-10 12:53:01,15,1507,MRI,-3,7,12.9
2026-04-10 13:02:36,5,507,병동,16,9,6.4
2026-04-10 13:04:02,16,1631,병동,5,7,8.1
2026-04-10 13:10:13,10,1009,병동,13,8,4.5
2026-04-10 13:12:25,15,1504,CT,1,7,8.8
2026-04-10 13:20:22,13,1327,CT,1,10,8.0
2026-04-10 13:20:25,16,1614,MRI,-3,8,13.9
2026-04-10 13:32:50,16,1627,CT,1,7,11.0
2026-04-10 13:39:30,17,1702,수술실,3,9,10.2
2026-04-10 13:40:51,16,1601,CT,1,7,8.6
2026-04-10 13:44:32,9,939,수술실,3,9,5.4
2026-04-10 13:55:13,5,509,수술실,3,6,5.4
2026-04-10 13:57:49,14,1434,MRI,-3,9,11.8
2026-04-10 13:59:56,11,1118,CT,1,9,7.6
2026-04-10 14:07:59,7,735,병동,14,8,5.0
2026-04-10 14:08:54,16,1632,수술실,3,5,7.7
2026-04-10 14:16:36,8,814,CT,1,6,7.2
2026-04-10 14:21:42,8,821,병동,15,10,6.2
2026-04-10 14:24:23,16,1601,CT,1,6,10.2
2026-04-10 14:28:26,17,1724,병동,7,10,7.0
2026-04-10 14:32:23,5,534,MRI,-3,5,6.1
2026-04-10 14:56:32,15,1527,MRI,-3,6,9.6
2026-04-10 15:05:31,10,1019,MRI,-3,4,10.0
2026-04-10 15:41:37,5,523,수술실,3,4,3.2
2026-04-10 15:45:14,6,631,수술실,3,7,4.8
2026-04-10 16:23:48,9,927,수술실,3,5,6.1
2026-04-10 16:35:48,14,1423,CT,1,7,7.3
2026-04-10 16:50:13,17,1730,수술실,3,6,8.6
2026-04-10 16:56:17,10,1032,CT,1,5,5.5
2026-04-10 18:01:56,5,525,MRI,-3,2,5.7
2026-04-10 18:55:48,9,919,수술실,3,0,6.0
2026-04-10 19:43:46,11,1120,CT,1,2,7.0
2026-04-10 19:55:29,12,1231,MRI,-3,3,8.5
2026-04-10 20:11:26,5,504,CT,1,3,3.6
2026-04-10 20:38:52,16,1613,CT,1,1,7.5
2026-04-10 21:17:31,18,1814,수술실,3,0,10.0
2026-04-10 21:18:22,18,1806,수술실,3,3,7.7
2026-04-11 06:26:15,12,1230,MRI,-3,3,9.2
2026-04-11 06:30:40,7,726,MRI,-3,4,6.1
2026-04-11 06:33:54,13,1329,수술실,3,4,5.7
2026-04-11 07:43:59,17,1712,CT,1,3,9.7
2026-04-11 07:56:52,12,1202,병동,11,1,2.0
2026-04-11 08:05:10,13,1317,병동,7,15,7.3
2026-04-11 08:06:20,11,1107,병동,11,9,2.4
2026-04-11 08:08:53,11,1109,수술실,3,9,7.3
2026-04-11 08:09:51,7,711,병동,10,11,5.2
2026-04-11 08:14:48,17,1735,MRI,-3,8,13.7
2026-04-11 08:14:50,13,1328,MRI,-3,10,9.2
2026-04-11 08:19:36,14,1409,수술실,3,12,9.7
2026-04-11 08:22:42,10,1007,병동,7,15,5.0
2026-04-11 08:24:06,9,915,병동,14,8,4.4
2026-04-11 08:28:54,8,838,MRI,-3,10,10.0
2026-04-11 08:29:39,15,1501,병동,11,8,4.0
2026-04-11 08:31:15,18,1827,CT,1,9,10.0
2026-04-11 08:35:24,17,1709,병동,17,9,2.6
2026-04-11 08:36:04,12,1239,CT,1,8,7.2
2026-04-11 09:00:48,10,1036,MRI,-3,10,9.8
2026-04-11 09:03:46,5,510,CT,1,14,5.9
2026-04-11 09:20:34,17,1736,수술실,3,8,8.6
2026-04-11 09:20:41,18,1837,수술실,3,12,10.2
2026-04-11 09:32:12,11,1104,수술실,3,9,8.6
2026-04-11 09:35:46,17,1718,수술실,3,8,9.7
2026-04-11 09:39:06,11,1120,CT,1,12,9.0
2026-04-11 09:39:18,7,722,MRI,-3,15,10.7
2026-04-11 09:45:42,16,1615,CT,1,13,11.8
2026-04-11 09:49:07,9,905,CT,1,13,7.0
2026-04-11 09:51:45,10,1012,수술실,3,15,7.8
2026-04-11 09:55:46,7,737,수술실,3,10,5.1
2026-04-11 10:03:46,8,831,수술실,3,12,6.5
2026-04-11 10:19:46,14,1432,병동,8,7,6.3
2026-04-11 10:19:56,13,1334,CT,1,12,10.4
2026-04-11 10:29:19,10,1019,병동,10,6,3.2
2026-04-11 10:38:40,7,736,병동,10,10,4.0
2026-04-11 10:51:06,6,638,수술실,3,7,6.2
2026-04-11 11:02:32,7,712,MRI,-3,11,8.0
2026-04-11 11:06:59,7,713,MRI,-3,6,7.8
2026-04-11 11:07:27,7,711,CT,1,9,4.8
2026-04-11 11:12:11,7,726,MRI,-3,8,8.7
2026-04-11 11:22:13,5,504,병동,16,11,7.0
2026-04-11 11:22:21,10,1038,CT,1,8,7.0
2026-04-11 11:25:21,10,1006,병동,16,8,5.6
2026-04-11 11:28:05,18,1805,MRI,-3,11,15.0
2026-04-11 11:34:58,14,1412,수술실,3,10,7.8
2026-04-11 11:36:23,14,1419,MRI,-3,9,11.3
2026-04-11 11:38:28,5,506,병동,17,6,7.6
2026-04-11 11:42:32,18,1832,수술실,3,6,10.4
2026-04-11 11:46:08,11,1133,MRI,-3,7,11.5
2026-04-11 11:48:48,11,1105,수술실,3,11,7.1
2026-04-11 11:52:38,12,1217,수술실,3,11,10.0
2026-04-11 11:53:35,14,1407,병동,9,12,6.8
2026-04-11 12:01:04,15,1529,수술실,3,5,7.5
2026-04-11 12:04:19,18,1838,병동,9,4,5.7
2026-04-11 12:09:57,10,1032,CT,1,7,7.6
2026-04-11 12:32:30,6,639,수술실,3,3,4.9
2026-04-11 12:43:44,5,510,MRI,-3,4,6.2
2026-04-11 12:46:57,10,1022,MRI,-3,5,9.6
2026-04-11 12:56:51,9,907,병동,18,4,5.5
2026-04-11 13:06:27,16,1626,MRI,-3,6,11.2
2026-04-11 13:27:50,8,812,MRI,-3,7,8.9
2026-04-11 13:32:59,6,604,수술실,3,10,5.4
2026-04-11 13:40:20,17,1701,MRI,-3,7,10.2
2026-04-11 13:50:31,14,1402,수술실,3,6,7.6
2026-04-11 13:52:57,13,1315,수술실,3,10,9.4
2026-04-11 13:53:48,13,1330,MRI,-3,8,10.0
2026-04-11 13:57:14,11,1112,MRI,-3,7,9.5
2026-04-11 14:10:12,12,1218,CT,1,10,9.1
2026-04-11 14:10:16,10,1023,MRI,-3,7,9.4
2026-04-11 14:13:08,10,1029,CT,1,6,6.3
2026-04-11 14:14:49,5,516,MRI,-3,8,8.4
2026-04-11 14:17:58,12,1229,CT,1,6,9.2
2026-04-11 14:27:37,17,1734,수술실,3,8,9.0
2026-04-11 14:42:29,7,735,수술실,3,6,5.6
2026-04-11 14:58:57,6,639,병동,9,7,3.7
2026-04-11 15:07:23,9,922,병동,17,8,6.7
2026-04-11 15:10:49,8,805,CT,1,8,6.2
2026-04-11 15:33:43,7,709,병동,13,7,5.5
2026-04-11 15:39:33,17,1721,수술실,3,5,8.0
2026-04-11 15:41:14,15,1529,CT,1,7,10.9
2026-04-11 15:44:01,7,728,병동,5,3,2.9
2026-04-11 15:57:16,10,1040,병동,6,8,5.1
2026-04-11 16:08:12,6,617,MRI,-3,5,7.9
2026-04-11 16:18:16,7,702,병동,18,5,5.2
2026-04-11 16:18:47,10,1007,병동,8,8,4.4
2026-04-11 16:28:19,11,1101,CT,1,6,8.5
2026-04-11 16:38:51,10,1019,수술실,3,4,5.5
2026-04-11 16:40:35,8,815,병동,13,7,5.2
2026-04-11 16:40:54,7,717,CT,1,6,5.0
2026-04-11 16:45:02,18,1814,병동,12,6,5.5
2026-04-11 16:48:14,5,539,CT,1,6,4.8
2026-04-11 16:55:43,7,735,수술실,3,4,4.2
2026-04-11 16:56:49,11,1130,수술실,3,4,5.9
2026-04-11 17:36:22,13,1306,CT,1,3,6.6
2026-04-11 18:19:19,10,1028,CT,1,2,4.9
2026-04-11 18:36:05,7,726,MRI,-3,3,6.4
2026-04-11 18:39:27,13,1311,MRI,-3,4,10.6
2026-04-11 19:18:52,6,636,수술실,3,1,3.9
2026-04-11 19:23:35,8,822,수술실,3,1,5.2
2026-04-11 19:28:09,18,1820,수술실,3,1,8.6
2026-04-11 20:50:36,5,514,수술실,3,1,4.4
2026-04-11 20:54:25,6,639,수술실,3,3,4.3
2026-04-11 21:14:58,12,1231,CT,1,1,8.2
2026-04-12 06:01:11,18,1831,CT,1,0,8.8
2026-04-12 06:16:23,16,1616,수술실,3,4,7.6
2026-04-12 06:35:27,8,832,CT,1,4,4.4
2026-04-12 06:39:47,18,1805,CT,1,4,7.9
2026-04-12 06:44:12,12,1220,MRI,-3,2,9.6
2026-04-12 06:57:07,5,527,MRI,-3,4,5.4
2026-04-12 07:15:24,10,1014,CT,1,1,5.0
2026-04-12 07:26:13,11,1127,CT,1,1,7.1
2026-04-12 07:28:15,9,921,병동,14,0,3.2
2026-04-12 07:30:48,17,1702,CT,1,0,7.7
2026-04-12 08:07:29,8,817,수술실,3,8,6.0
2026-04-12 08:09:29,10,1010,수술실,3,11,7.1
2026-04-12 08:10:23,5,539,CT,1,9,5.4
2026-04-12 08:13:06,11,1133,CT,1,13,7.3
2026-04-12 08:17:11,14,1428,수술실,3,10,9.2
2026-04-12 08:17:57,14,1437,수술실,3,14,9.1
2026-04-12 08:18:41,12,1228,MRI,-3,10,10.5
2026-04-12 08:20:51,6,639,수술실,3,13,7.0
2026-04-12 08:22:08,14,1422,병동,15,14,4.9
2026-04-12 08:31:53,10,1023,CT,1,13,7.3
2026-04-12 08:32:49,6,606,CT,1,13,5.9
2026-04-12 08:33:36,8,812,CT,1,13,7.9
2026-04-12 08:35:02,11,1131,수술실,3,13,7.6
2026-04-12 08:36:11,5,520,CT,1,8,5.0
2026-04-12 08:37:31,17,1726,MRI,-3,9,13.2
2026-04-12 08:38:58,10,1023,MRI,-3,14,9.9
2026-04-12 08:39:55,9,911,MRI,-3,15,9.9
2026-04-12 08:46:43,13,1301,CT,1,11,10.6
2026-04-12 08:49:09,16,1612,병동,15,10,2.8
2026-04-12 08:49:53,17,1722,CT,1,14,9.5
2026-04-12 09:03:16,12,1216,수술실,3,10,8.9
2026-04-12 09:05:19,12,1202,MRI,-3,13,13.0
2026-04-12 09:06:20,7,710,CT,1,11,7.2
2026-04-12 09:07:13,9,901,병동,15,12,7.3
2026-04-12 09:14:02,16,1627,CT,1,8,10.8
2026-04-12 09:16:57,15,1511,CT,1,9,7.7
2026-04-12 09:20:46,16,1602,CT,1,10,8.3
2026-04-12 09:21:07,16,1628,MRI,-3,11,14.7
2026-04-12 09:31:53,12,1203,수술실,3,13,9.7
2026-04-12 09:33:38,18,1831,병동,10,13,6.4
2026-04-12 09:35:26,15,1531,수술실,3,13,8.5
2026-04-12 09:39:04,6,606,병동,17,14,8.2
2026-04-12 09:46:38,9,907,수술실,3,11,6.4
2026-04-12 09:48:34,13,1336,병동,15,10,3.3
2026-04-12 09:50:11,17,1732,MRI,-3,11,13.8
2026-04-12 09:50:21,17,1711,MRI,-3,13,13.2
2026-04-12 09:51:55,18,1806,수술실,3,9,9.4
2026-04-12 09:56:07,9,906,수술실,3,12,8.3
2026-04-12 10:00:57,12,1201,CT,1,7,9.1
2026-04-12 10:06:39,15,1533,MRI,-3,10,10.4
2026-04-12 10:06:52,18,1802,MRI,-3,6,10.7
2026-04-12 10:12:32,8,832,CT,1,7,6.0
2026-04-12 10:13:46,6,636,CT,1,8,5.9
2026-04-12 10:15:03,12,1202,수술실,3,11,9.7
2026-04-12 10:18:17,18,1830,CT,1,11,12.8
2026-04-12 10:22:19,10,1040,수술실,3,9,8.1
2026-04-12 10:25:47,14,1415,수술실,3,11,9.1
2026-04-12 10:26:59,13,1320,병동,18,11,5.3
2026-04-12 10:34:06,18,1806,병동,12,11,7.4
2026-04-12 10:52:42,12,1228,병동,9,11,4.6
2026-04-12 11:10:33,16,1633,병동,18,12,5.3
2026-04-12 11:24:17,6,601,CT,1,12,7.5
2026-04-12 11:24:42,16,1620,수술실,3,7,7.9
2026-04-12 11:28:30,9,928,수술실,3,7,6.1
2026-04-12 11:29:47,15,1519,병동,11,7,3.7
2026-04-12 11:33:14,5,512,병동,10,9,5.8
2026-04-12 11:41:24,8,803,MRI,-3,8,7.6
2026-04-12 11:50:55,14,1421,병동,13,7,3.9
2026-04-12 11:52:24,11,1101,CT,1,10,7.1
2026-04-12 11:58:18,12,1231,MRI,-3,10,12.1
2026-04-12 12:04:42,9,905,CT,1,6,7.4
2026-04-12 12:33:54,10,1012,수술실,3,6,6.6
2026-04-12 12:45:48,8,809,CT,1,5,6.2
2026-04-12 12:55:22,7,735,병동,17,3,6.6
2026-04-12 12:59:30,13,1315,병동,5,6,5.9
2026-04-12 13:05:35,11,1139,수술실,3,5,6.1
2026-04-12 13:12:52,14,1437,MRI,-3,8,11.9
2026-04-12 13:15:57,6,636,CT,1,10,4.9
2026-04-12 13:16:37,8,815,수술실,3,6,6.1
2026-04-12 13:19:06,6,618,MRI,-3,10,7.2
2026-04-12 13:28:39,16,1636,병동,8,5,6.1
2026-04-12 13:30:33,17,1703,수술실,3,7,10.5
2026-04-12 13:31:02,17,1716,병동,5,6,8.8
2026-04-12 13:31:42,14,1420,수술실,3,5,7.5
2026-04-12 13:51:45,15,1538,CT,1,6,10.9
2026-04-12 13:57:29,17,1718,병동,7,8,6.8
2026-04-12 14:01:15,5,526,MRI,-3,5,5.7
2026-04-12 14:09:14,9,905,수술실,3,6,7.1
2026-04-12 14:16:51,8,811,수술실,3,9,5.1
2026-04-12 14:18:23,6,627,CT,1,6,5.2
2026-04-12 14:19:39,7,736,CT,1,7,6.7
2026-04-12 14:25:23,10,1032,수술실,3,10,6.2
2026-04-12 14:35:57,13,1333,병동,9,5,3.4
2026-04-12 14:37:00,13,1306,수술실,3,5,5.8
2026-04-12 14:41:53,10,1010,병동,10,6,2.7
2026-04-12 14:42:23,13,1317,수술실,3,5,6.8
2026-04-12 15:08:19,7,701,MRI,-3,4,6.7
2026-04-12 15:13:54,10,1007,CT,1,8,5.8
2026-04-12 15:15:49,14,1427,MRI,-3,6,10.8
2026-04-12 15:20:30,10,1021,수술실,3,4,5.8
2026-04-12 15:28:30,8,835,CT,1,8,6.6
2026-04-12 15:59:03,14,1424,CT,1,7,10.0
2026-04-12 16:09:41,11,1108,병동,12,4,2.7
2026-04-12 16:15:39,15,1538,MRI,-3,4,10.7
2026-04-12 16:20:52,5,529,병동,16,8,6.2
2026-04-12 16:28:09,12,1206,수술실,3,4,6.9
2026-04-12 16:45:50,13,1320,CT,1,4,7.4
2026-04-12 16:58:06,7,726,수술실,3,7,5.8
2026-04-12 18:03:31,10,1005,병동,7,1,2.6
2026-04-12 18:04:26,18,1803,CT,1,4,9.1
2026-04-12 18:15:38,18,1802,MRI,-3,1,10.3
2026-04-12 18:18:14,17,1729,수술실,3,1,7.0
2026-04-12 19:08:56,8,806,병동,11,3,3.6
2026-04-12 19:33:34,15,1509,병동,5,2,5.4
2026-04-12 19:50:06,10,1012,MRI,-3,3,8.9
2026-04-12 20:54:28,8,810,MRI,-3,4,8.7
2026-04-13 06:30:54,8,802,MRI,-3,0,7.8
2026-04-13 06:48:13,18,1839,MRI,-3,4,11.8
2026-04-13 07:03:27,17,1734,MRI,-3,4,10.9
2026-04-13 07:07:03,6,625,수술실,3,0,4.7
2026-04-13 07:17:12,18,1805,병동,15,4,3.0
2026-04-13 07:42:39,11,1130,MRI,-3,1,8.9
2026-04-13 07:44:21,8,807,CT,1,0,4.7
2026-04-13 07:45:50,11,1116,MRI,-3,4,9.6
2026-04-13 07:55:38,14,1437,CT,1,2,8.7
2026-04-13 07:59:17,9,904,MRI,-3,4,8.0
2026-04-13 08:07:00,17,1718,CT,1,14,10.8
2026-04-13 08:09:23,10,1007,수술실,3,14,6.9
2026-04-13 08:10:50,10,1006,MRI,-3,14,10.6
2026-04-13 08:13:02,8,816,병동,18,14,8.0
2026-04-13 08:13:35,9,925,MRI,-3,8,8.9
2026-04-13 08:15:12,9,911,수술실,3,10,6.5
2026-04-13 08:19:59,8,809,수술실,3,14,6.7
2026-04-13 08:24:16,6,615,CT,1,12,7.7
2026-04-13 08:26:48,6,631,MRI,-3,9,8.8
2026-04-13 08:35:13,17,1702,MRI,-3,15,14.2
2026-04-13 08:36:50,5,529,수술실,3,14,4.7
2026-04-13 08:38:05,11,1109,수술실,3,9,6.1
2026-04-13 08:39:06,17,1737,CT,1,11,9.9
2026-04-13 08:47:10,6,632,MRI,-3,11,10.7
2026-04-13 08:48:14,17,1715,MRI,-3,10,14.4
2026-04-13 08:50:47,10,1036,병동,8,13,3.9
2026-04-13 08:52:36,7,704,병동,9,8,3.6
2026-04-13 09:03:18,7,725,MRI,-3,12,10.8
2026-04-13 09:12:22,16,1637,수술실,3,14,9.9
2026-04-13 09:12:27,16,1622,수술실,3,8,10.4
2026-04-13 09:14:11,13,1301,병동,6,11,6.9
2026-04-13 09:18:24,13,1316,MRI,-3,10,9.2
2026-04-13 09:18:32,18,1832,CT,1,13,13.1
2026-04-13 09:18:59,6,614,CT,1,13,7.6
2026-04-13 09:31:56,14,1414,병동,15,12,4.7
2026-04-13 09:39:22,7,702,MRI,-3,9,7.8
2026-04-13 09:39:47,14,1437,MRI,-3,9,11.6
2026-04-13 09:41:01,8,825,수술실,3,12,7.5
2026-04-13 09:51:23,8,838,병동,14,9,5.7
2026-04-13 09:52:08,5,526,CT,1,10,4.3
2026-04-13 09:55:17,13,1315,MRI,-3,15,14.0
2026-04-13 09:59:24,17,1717,CT,1,13,12.0
2026-04-13 10:03:57,7,714,수술실,3,7,6.6
2026-04-13 10:12:46,5,535,수술실,3,7,4.9
2026-04-13 10:20:32,5,524,수술실,3,10,4.2
2026-04-13 10:21:25,6,628,MRI,-3,11,8.4
2026-04-13 10:30:19,11,1105,수술실,3,7,7.5
2026-04-13 10:48:02,11,1101,수술실,3,7,8.0
2026-04-13 11:00:52,15,1508,수술실,3,11,8.9
2026-04-13 11:05:25,17,1713,병동,10,10,6.8
2026-04-13 11:14:23,14,1403,CT,1,12,8.1
2026-04-13 11:16:20,11,1117,수술실,3,6,6.0
2026-04-13 11:27:02,6,628,CT,1,9,5.4
2026-04-13 11:36:09,16,1612,MRI,-3,12,14.0
2026-04-13 11:38:25,17,1723,CT,1,12,10.9
2026-04-13 11:42:36,6,611,수술실,3,10,4.5
2026-04-13 11:44:25,17,1707,병동,5,8,7.2
2026-04-13 11:45:03,7,720,MRI,-3,11,8.6
2026-04-13 11:45:47,6,629,수술실,3,6,4.2
2026-04-13 11:58:37,11,1108,CT,1,11,7.1
2026-04-13 11:59:04,10,1040,CT,1,11,6.9
2026-04-13 12:23:33,17,1720,CT,1,4,9.3
2026-04-13 12:27:14,11,1136,병동,18,7,6.4
2026-04-13 12:33:38,9,932,병동,13,5,2.9
2026-04-13 12:36:42,8,840,CT,1,6,6.6
2026-04-13 12:37:30,12,1212,CT,1,5,8.3
2026-04-13 12:50:51,11,1102,병동,10,3,2.3
2026-04-13 13:03:31,13,1301,CT,1,7,8.5
2026-04-13 13:05:17,10,1022,병동,8,5,3.3
2026-04-13 13:18:20,17,1731,CT,1,6,9.0
2026-04-13 13:23:53,14,1431,CT,1,9,9.9
2026-04-13 13:29:50,7,703,CT,1,9,5.0
2026-04-13 13:38:31,18,1804,CT,1,9,8.8
2026-04-13 13:40:13,9,932,수술실,3,7,7.5
2026-04-13 13:43:41,13,1324,수술실,3,5,6.2
2026-04-13 13:48:06,6,619,수술실,3,10,5.0
2026-04-13 13:48:15,14,1403,수술실,3,6,7.3
2026-04-13 13:51:35,5,538,MRI,-3,6,9.1
2026-04-13 13:53:54,8,809,CT,1,7,6.1
2026-04-13 14:02:54,13,1316,MRI,-3,5,9.9
2026-04-13 14:10:09,12,1229,CT,1,6,8.9
2026-04-13 14:20:03,18,1816,CT,1,8,9.0
2026-04-13 14:30:23,17,1719,수술실,3,5,7.1
2026-04-13 14:35:43,14,1418,병동,9,8,4.9
2026-04-13 14:35:58,12,1219,수술실,3,8,6.2
2026-04-13 14:40:57,17,1717,수술실,3,7,8.2
2026-04-13 14:52:40,5,509,CT,1,9,4.8
2026-04-13 14:53:54,8,801,수술실,3,10,6.7
2026-04-13 14:57:56,10,1010,병동,6,10,4.6
2026-04-13 15:04:11,17,1715,CT,1,8,11.4
2026-04-13 15:13:06,17,1719,수술실,3,8,10.7
2026-04-13 15:17:13,10,1007,병동,9,6,4.0
2026-04-13 15:19:40,16,1638,수술실,3,7,8.9
2026-04-13 15:24:33,12,1227,수술실,3,4,6.0
2026-04-13 15:28:30,18,1813,MRI,-3,5,11.5
2026-04-13 15:28:56,11,1128,수술실,3,7,8.5
2026-04-13 15:33:12,6,601,CT,1,7,6.4
2026-04-13 15:43:55,5,509,MRI,-3,5,6.0
2026-04-13 15:47:27,13,1305,MRI,-3,8,11.5
2026-04-13 15:50:42,8,805,수술실,3,4,4.8
2026-04-13 15:56:35,18,1820,CT,1,4,9.9
2026-04-13 15:58:37,14,1435,MRI,-3,6,12.4
2026-04-13 16:02:59,7,710,CT,1,7,6.8
2026-04-13 16:12:42,12,1229,수술실,3,3,7.2
2026-04-13 16:36:37,17,1737,CT,1,6,10.7
2026-04-13 16:47:39,5,509,CT,1,7,5.8
2026-04-13 16:49:30,15,1515,병동,18,8,3.6
2026-04-13 16:49:41,6,636,CT,1,7,6.5
2026-04-13 16:57:57,13,1318,CT,1,8,7.9
2026-04-13 17:44:35,13,1326,수술실,3,3,6.7
2026-04-13 18:15:53,8,814,MRI,-3,0,8.1
2026-04-13 18:25:58,8,820,CT,1,4,6.2
2026-04-13 18:52:25,6,622,CT,1,3,4.5
2026-04-13 18:56:27,9,924,병동,18,1,6.4
2026-04-13 21:50:32,18,1818,MRI,-3,4,14.0
2026-04-14 06:08:56,14,1437,병동,12,3,3.2
2026-04-14 06:19:50,6,601,수술실,3,0,5.0
2026-04-14 06:24:36,15,1507,CT,1,3,6.7
2026-04-14 06:49:10,16,1626,CT,1,1,8.3
2026-04-14 06:50:17,9,916,수술실,3,0,4.9
2026-04-14 06:52:36,6,616,수술실,3,4,3.5
2026-04-14 06:58:55,18,1836,병동,11,3,5.6
2026-04-14 07:05:39,8,828,병동,8,3,1.7
2026-04-14 07:05:47,15,1523,MRI,-3,3,11.8
2026-04-14 07:05:50,16,1627,병동,12,1,4.3
2026-04-14 07:06:11,11,1127,수술실,3,1,6.8
2026-04-14 07:30:06,15,1535,수술실,3,3,8.9
2026-04-14 07:32:32,17,1715,CT,1,4,9.9
2026-04-14 08:00:44,18,1808,MRI,-3,15,15.0
2026-04-14 08:05:20,7,737,병동,17,11,7.2
2026-04-14 08:07:15,12,1204,수술실,3,10,6.3
2026-04-14 08:07:54,9,935,수술실,3,14,7.6
2026-04-14 08:08:57,13,1306,수술실,3,13,9.4
2026-04-14 08:15:44,11,1106,병동,12,9,2.7
2026-04-14 08:15:50,18,1810,CT,1,8,9.9
2026-04-14 08:22:49,12,1216,CT,1,15,9.6
2026-04-14 08:25:28,16,1610,수술실,3,15,11.2
2026-04-14 08:30:53,13,1335,수술실,3,15,9.9
2026-04-14 08:34:37,10,1037,병동,8,10,3.8
2026-04-14 08:35:50,18,1813,MRI,-3,13,16.4
2026-04-14 08:36:50,16,1612,수술실,3,15,10.8
2026-04-14 08:40:05,6,619,병동,14,9,5.6
2026-04-14 08:46:51,13,1307,병동,11,9,4.1
2026-04-14 08:57:08,14,1414,수술실,3,8,7.8
2026-04-14 08:58:32,17,1730,수술실,3,10,8.4
2026-04-14 08:59:09,18,1831,MRI,-3,12,11.8
2026-04-14 08:59:12,5,523,CT,1,9,4.5
2026-04-14 08:59:53,5,531,병동,14,8,5.8
2026-04-14 09:02:51,15,1523,MRI,-3,9,9.9
2026-04-14 09:03:48,6,608,수술실,3,12,5.5
2026-04-14 09:04:45,14,1408,MRI,-3,10,10.3
2026-04-14 09:10:14,9,927,수술실,3,12,7.2
2026-04-14 09:13:01,16,1605,수술실,3,8,8.2
2026-04-14 09:18:47,5,519,CT,1,13,5.3
2026-04-14 09:19:17,11,1113,수술실,3,11,7.5
2026-04-14 09:19:45,12,1225,MRI,-3,8,8.9
2026-04-14 09:22:52,6,610,병동,6,10,2.8
2026-04-14 09:23:44,18,1808,MRI,-3,12,16.2
2026-04-14 09:23:55,9,914,병동,15,15,5.7
2026-04-14 09:24:04,9,905,병동,7,15,5.0
2026-04-14 09:25:27,12,1227,병동,14,8,3.7
2026-04-14 09:32:34,16,1607,MRI,-3,14,12.0
2026-04-14 09:33:34,15,1534,MRI,-3,14,13.0
2026-04-14 09:34:50,9,909,MRI,-3,12,8.8
2026-04-14 09:48:59,8,832,병동,8,12,3.3
2026-04-14 09:52:57,12,1229,CT,1,13,9.0
2026-04-14 09:57:49,10,1008,병동,14,14,5.8
2026-04-14 10:01:46,6,616,병동,17,11,6.7
2026-04-14 10:05:08,14,1403,병동,6,7,6.9
2026-04-14 10:07:25,6,604,MRI,-3,8,8.5
2026-04-14 10:07:57,7,711,MRI,-3,6,9.9
2026-04-14 10:09:46,15,1525,CT,1,10,10.4
2026-04-14 10:20:28,15,1518,수술실,3,8,8.5
2026-04-14 10:27:09,9,939,MRI,-3,6,9.1
2026-04-14 10:30:33,5,503,MRI,-3,10,7.0
2026-04-14 10:38:28,14,1406,수술실,3,10,8.7
2026-04-14 10:43:21,12,1223,수술실,3,7,8.8
2026-04-14 10:44:38,6,611,병동,7,7,3.9
2026-04-14 10:45:28,14,1411,MRI,-3,12,12.8
2026-04-14 10:53:51,15,1511,CT,1,6,10.7
2026-04-14 10:58:14,8,836,CT,1,10,6.2
2026-04-14 10:59:00,16,1605,MRI,-3,12,15.0
2026-04-14 11:05:10,15,1513,병동,5,6,7.8
2026-04-14 11:06:13,15,1524,MRI,-3,11,13.5
2026-04-14 11:06:22,14,1430,수술실,3,7,8.3
2026-04-14 11:07:31,12,1226,MRI,-3,7,8.4
2026-04-14 11:10:05,12,1227,MRI,-3,11,13.5
2026-04-14 11:15:22,7,729,병동,5,11,4.8
2026-04-14 11:16:30,5,540,CT,1,12,5.0
2026-04-14 11:17:22,12,1224,CT,1,11,9.6
2026-04-14 11:22:10,10,1019,CT,1,6,7.4
2026-04-14 11:26:27,12,1222,MRI,-3,8,12.3
2026-04-14 11:33:16,12,1213,수술실,3,6,9.1
2026-04-14 11:43:22,13,1308,CT,1,9,7.7
2026-04-14 11:52:16,9,933,CT,1,7,6.9
2026-04-14 11:55:28,14,1419,CT,1,9,7.6
2026-04-14 11:58:09,13,1325,CT,1,9,7.2
2026-04-14 11:58:32,10,1011,병동,9,12,4.3
2026-04-14 12:08:34,11,1102,MRI,-3,4,10.1
2026-04-14 12:13:30,7,710,MRI,-3,4,6.1
2026-04-14 12:25:49,12,1222,MRI,-3,4,7.7
2026-04-14 12:31:37,7,734,병동,10,3,3.3
2026-04-14 12:37:36,11,1132,MRI,-3,5,10.7
2026-04-14 12:42:03,17,1706,수술실,3,7,11.2
2026-04-14 12:43:04,12,1211,병동,11,6,3.1
2026-04-14 12:48:00,5,539,MRI,-3,3,6.6
2026-04-14 12:48:54,8,829,CT,1,7,6.3
2026-04-14 13:03:17,13,1308,수술실,3,10,8.4
2026-04-14 13:13:37,14,1434,CT,1,8,8.6
2026-04-14 13:18:16,14,1406,MRI,-3,8,10.8
2026-04-14 13:38:43,10,1028,CT,1,5,6.4
2026-04-14 13:45:13,18,1817,CT,1,10,8.5
2026-04-14 13:47:44,16,1632,CT,1,8,9.4
2026-04-14 14:04:53,10,1019,CT,1,6,7.0
2026-04-14 14:06:46,14,1435,수술실,3,6,9.7
2026-04-14 14:22:27,17,1729,수술실,3,10,8.5
2026-04-14 14:25:46,15,1501,MRI,-3,9,10.2
2026-04-14 14:29:13,15,1501,MRI,-3,9,10.9
2026-04-14 14:38:23,16,1608,MRI,-3,8,12.1
2026-04-14 15:08:20,18,1816,병동,5,4,7.5
2026-04-14 15:15:01,7,712,병동,7,5,2.1
2026-04-14 15:22:30,8,823,병동,11,7,4.7
2026-04-14 15:32:39,6,618,병동,16,8,6.4
2026-04-14 15:40:13,8,820,CT,1,3,6.2
2026-04-14 15:47:24,12,1236,병동,17,6,5.6
2026-04-14 15:51:21,9,935,CT,1,8,5.8
2026-04-14 15:59:24,16,1614,병동,12,7,5.2
2026-04-14 16:02:32,9,931,병동,6,5,3.7
2026-04-14 16:11:34,11,1135,MRI,-3,7,11.0
2026-04-14 16:35:31,16,1608,수술실,3,3,8.7
2026-04-14 16:43:38,6,601,CT,1,3,4.7
2026-04-14 16:53:26,14,1420,CT,1,3,8.8
2026-04-14 17:44:02,7,704,CT,1,1,5.1
2026-04-14 17:58:32,14,1432,MRI,-3,4,11.5
2026-04-14 18:45:08,18,1835,병동,17,4,2.0
2026-04-14 19:05:33,10,1034,수술실,3,1,5.1
2026-04-14 19:53:01,13,1328,병동,6,4,5.2
2026-04-15 06:11:24,7,704,수술실,3,3,5.4
2026-04-15 06:25:03,15,1524,병동,15,4,2.2
2026-04-15 07:11:51,7,701,MRI,-3,3,8.2
2026-04-15 07:40:57,11,1114,CT,1,0,6.8
2026-04-15 07:41:57,16,1613,병동,13,1,3.1
2026-04-15 07:47:01,8,829,CT,1,1,4.4
2026-04-15 07:51:24,15,1537,병동,10,4,4.6
2026-04-15 08:03:32,5,517,병동,10,8,4.2
2026-04-15 08:03:34,10,1017,수술실,3,9,7.5
2026-04-15 08:04:56,7,703,MRI,-3,11,9.6
2026-04-15 08:05:15,6,633,MRI,-3,15,7.9
2026-04-15 08:08:55,8,830,수술실,3,13,7.3
2026-04-15 08:10:23,7,739,수술실,3,13,7.8
2026-04-15 08:15:08,5,521,병동,6,12,5.1
2026-04-15 08:17:33,16,1626,MRI,-3,9,12.3
2026-04-15 08:24:06,17,1706,병동,5,9,7.1
2026-04-15 08:25:26,13,1318,CT,1,9,7.2
2026-04-15 08:28:15,5,538,수술실,3,12,6.2
2026-04-15 08:32:20,17,1709,병동,16,14,5.0
2026-04-15 08:35:47,10,1011,CT,1,15,7.1
2026-04-15 08:41:23,16,1634,병동,11,15,5.4
2026-04-15 08:46:50,14,1408,MRI,-3,13,12.5
2026-04-15 08:47:20,12,1206,CT,1,13,7.6
2026-04-15 08:50:05,8,833,CT,1,12,6.5
2026-04-15 08:54:14,17,1702,수술실,3,12,9.5
2026-04-15 08:55:51,15,1514,CT,1,10,8.6
2026-04-15 09:06:39,6,612,MRI,-3,15,10.8
2026-04-15 09:07:44,12,1218,CT,1,15,9.4
2026-04-15 09:14:52,13,1331,수술실,3,9,8.6
2026-04-15 09:25:37,12,1221,수술실,3,9,7.4
2026-04-15 09:27:39,8,809,수술실,3,12,7.4
2026-04-15 09:31:30,14,1410,수술실,3,14,7.6
2026-04-15 09:32:34,14,1413,수술실,3,13,10.1
2026-04-15 09:39:17,17,1709,수술실,3,10,11.3
2026-04-15 09:44:45,12,1227,병동,5,8,6.1
2026-04-15 09:50:54,6,601,MRI,-3,13,10.7
2026-04-15 09:51:00,12,1201,수술실,3,15,9.3
2026-04-15 09:53:38,6,628,수술실,3,8,6.2
2026-04-15 09:53:58,15,1519,CT,1,9,7.7
2026-04-15 09:56:04,18,1829,병동,14,13,5.7
2026-04-15 09:59:46,8,833,병동,17,14,7.1
2026-04-15 10:01:12,5,517,수술실,3,7,5.7
2026-04-15 10:01:16,13,1313,수술실,3,11,7.6
2026-04-15 10:04:28,8,810,병동,12,6,5.0
2026-04-15 10:05:10,10,1031,CT,1,7,6.4
2026-04-15 10:06:47,7,720,병동,6,8,3.8
2026-04-15 10:19:20,14,1434,수술실,3,12,8.1
2026-04-15 10:29:17,18,1822,MRI,-3,9,14.1
2026-04-15 10:48:17,16,1636,수술실,3,12,11.5
2026-04-15 10:49:21,14,1432,병동,18,11,5.0
2026-04-15 10:49:26,14,1433,MRI,-3,6,9.7
2026-04-15 10:49:42,17,1709,병동,5,12,8.2
2026-04-15 10:51:45,17,1729,병동,12,12,6.8
2026-04-15 10:54:17,12,1217,병동,5,9,6.4
2026-04-15 10:55:04,16,1606,CT,1,11,10.3
2026-04-15 10:55:31,6,604,MRI,-3,8,6.7
2026-04-15 11:02:27,9,904,CT,1,6,7.8
2026-04-15 11:05:22,11,1120,CT,1,8,7.7
2026-04-15 11:05:27,10,1001,MRI,-3,11,11.3
2026-04-15 11:06:11,16,1625,MRI,-3,11,13.3
2026-04-15 11:16:11,12,1207,수술실,3,11,9.5
2026-04-15 11:25:19,13,1305,병동,11,11,5.1
2026-04-15 11:26:50,10,1018,MRI,-3,8,9.6
2026-04-15 11:27:05,14,1430,MRI,-3,11,10.2
2026-04-15 11:27:09,12,1234,CT,1,6,7.0
2026-04-15 11:31:13,5,501,MRI,-3,8,7.8
2026-04-15 11:32:37,11,1105,MRI,-3,12,13.1
2026-04-15 11:37:36,6,622,CT,1,10,5.4
2026-04-15 11:39:41,8,814,MRI,-3,8,8.4
2026-04-15 11:48:28,5,521,병동,6,9,3.7
2026-04-15 11:57:21,6,636,CT,1,9,4.7
2026-04-15 11:57:59,8,825,CT,1,7,5.5
2026-04-15 12:19:14,7,739,MRI,-3,4,9.0
2026-04-15 12:40:43,6,626,병동,6,3,1.8
2026-04-15 12:52:03,15,1530,병동,10,4,3.9
2026-04-15 13:06:34,15,1514,CT,1,6,9.7
2026-04-15 13:14:07,16,1608,MRI,-3,6,13.8
2026-04-15 13:14:26,11,1103,CT,1,8,7.9
2026-04-15 13:18:32,15,1505,CT,1,6,8.9
2026-04-15 13:25:27,17,1718,CT,1,9,10.9
2026-04-15 13:30:28,8,818,CT,1,5,4.6
2026-04-15 13:32:25,16,1607,MRI,-3,9,12.3
2026-04-15 13:39:42,16,1640,수술실,3,9,8.9
2026-04-15 13:41:52,13,1304,병동,11,8,4.6
2026-04-15 13:48:13,11,1136,CT,1,7,7.3
2026-04-15 13:50:48,18,1824,병동,9,8,6.6
2026-04-15 13:54:45,9,911,병동,17,10,6.9
2026-04-15 14:10:57,17,1725,CT,1,5,9.8
2026-04-15 14:13:03,9,935,병동,17,5,5.2
2026-04-15 14:13:10,10,1028,MRI,-3,6,8.4
2026-04-15 14:17:31,13,1318,수술실,3,7,7.0
2026-04-15 14:38:46,16,1612,CT,1,7,11.4
2026-04-15 14:41:11,8,814,수술실,3,7,5.8
2026-04-15 14:51:52,13,1310,수술실,3,9,8.1
2026-04-15 14:51:54,7,720,MRI,-3,10,6.8
2026-04-15 14:52:01,16,1608,수술실,3,6,11.0
2026-04-15 14:58:30,5,502,수술실,3,7,4.7
2026-04-15 15:11:44,11,1102,수술실,3,6,6.1
2026-04-15 15:16:52,5,510,병동,9,3,3.6
2026-04-15 15:38:29,5,535,병동,18,8,7.4
2026-04-15 15:42:12,14,1409,수술실,3,4,7.8
2026-04-15 15:51:57,7,701,MRI,-3,4,8.0
2026-04-15 16:13:38,8,822,병동,16,3,4.9
2026-04-15 16:15:01,15,1529,병동,9,6,4.5
2026-04-15 16:35:52,5,507,CT,1,6,5.0
2026-04-15 16:55:47,16,1629,수술실,3,4,9.5
2026-04-15 16:56:11,18,1815,CT,1,6,9.2
2026-04-15 17:13:31,13,1336,CT,1,2,6.7
2026-04-15 18:56:47,7,720,MRI,-3,2,6.5
2026-04-15 19:26:52,9,931,MRI,-3,0,8.8
2026-04-15 19:44:40,6,607,MRI,-3,2,6.8
2026-04-15 19:52:45,15,1532,MRI,-3,4,10.3
2026-04-15 20:39:52,10,1038,수술실,3,3,5.2
2026-04-15 21:27:01,16,1630,병동,12,3,4.2
2026-04-16 06:34:07,14,1421,수술실,3,0,6.5
2026-04-16 06:39:00,5,503,CT,1,3,3.5
2026-04-16 06:45:32,6,606,MRI,-3,3,7.2
2026-04-16 07:29:35,9,929,수술실,3,1,4.8
2026-04-16 07:32:03,17,1737,수술실,3,3,10.0
2026-04-16 07:39:47,17,1716,병동,16,0,2.0
2026-04-16 07:42:51,16,1640,CT,1,2,9.4
2026-04-16 07:50:04,8,837,병동,15,0,5.6
2026-04-16 07:52:02,5,535,MRI,-3,4,6.9
2026-04-16 08:01:57,12,1233,CT,1,10,9.4
2026-04-16 08:09:15,8,828,병동,8,12,3.3
2026-04-16 08:13:48,13,1337,CT,1,12,10.2
2026-04-16 08:25:21,17,1703,CT,1,10,9.7
2026-04-16 08:26:21,16,1640,병동,8,8,5.0
2026-04-16 08:39:18,18,1827,수술실,3,14,12.7
2026-04-16 08:40:19,6,618,병동,10,8,4.4
2026-04-16 08:41:29,17,1712,병동,7,15,7.9
2026-04-16 08:41:51,18,1831,MRI,-3,9,12.5
2026-04-16 08:45:52,11,1134,병동,12,15,5.3
2026-04-16 08:47:29,16,1639,병동,12,9,5.5
2026-04-16 08:55:24,15,1511,MRI,-3,14,14.2
2026-04-16 08:55:59,12,1211,병동,13,9,3.4
2026-04-16 08:58:48,8,807,수술실,3,12,7.0
2026-04-16 08:59:45,5,527,MRI,-3,11,9.3
2026-04-16 09:02:24,10,1031,병동,16,11,6.1
2026-04-16 09:06:27,16,1615,MRI,-3,14,12.0
2026-04-16 09:08:56,5,518,CT,1,9,5.4
2026-04-16 09:16:57,16,1611,수술실,3,10,10.4
2026-04-16 09:17:00,15,1527,CT,1,9,8.8
2026-04-16 09:17:58,16,1633,수술실,3,13,8.7
2026-04-16 09:18:47,5,529,병동,15,15,8.7
2026-04-16 09:31:23,12,1235,병동,16,11,5.3
2026-04-16 09:35:30,11,1121,수술실,3,14,9.2
2026-04-16 09:36:31,10,1034,MRI,-3,10,8.4
2026-04-16 09:43:09,18,1839,병동,14,12,6.0
2026-04-16 09:43:49,11,1110,수술실,3,8,7.9
2026-04-16 09:45:07,10,1033,CT,1,10,7.4
2026-04-16 09:45:10,10,1001,수술실,3,9,7.7
2026-04-16 09:49:58,6,631,수술실,3,10,6.1
2026-04-16 09:56:56,14,1428,CT,1,11,9.7
2026-04-16 09:59:57,14,1411,병동,14,13,4.7
2026-04-16 10:04:33,10,1013,CT,1,8,8.1
2026-04-16 10:08:05,17,1702,수술실,3,8,9.0
2026-04-16 10:14:02,13,1308,수술실,3,7,9.3
2026-04-16 10:16:17,9,927,CT,1,9,7.5
2026-04-16 10:26:49,14,1411,CT,1,8,10.4
2026-04-16 10:30:32,17,1712,수술실,3,11,9.6
2026-04-16 10:40:07,14,1439,수술실,3,12,8.1
2026-04-16 10:44:00,13,1325,병동,16,11,5.8
2026-04-16 10:45:56,17,1704,MRI,-3,12,13.9
2026-04-16 10:46:04,16,1628,병동,11,11,7.1
2026-04-16 10:46:51,18,1809,병동,13,12,5.1
2026-04-16 10:55:14,8,812,수술실,3,12,6.9
2026-04-16 10:55:52,8,810,병동,15,8,5.3
2026-04-16 11:00:21,7,731,수술실,3,6,5.4
2026-04-16 11:06:05,12,1228,MRI,-3,7,8.7
2026-04-16 11:10:24,9,933,병동,9,8,2.9
2026-04-16 11:16:00,10,1027,CT,1,12,6.9
2026-04-16 11:19:44,15,1518,CT,1,7,9.8
2026-04-16 11:28:15,17,1702,수술실,3,11,11.2
2026-04-16 11:29:11,9,921,CT,1,11,7.6
2026-04-16 11:40:53,16,1609,CT,1,6,9.2
2026-04-16 11:45:42,9,935,병동,13,12,5.8
2026-04-16 11:47:21,8,823,CT,1,10,7.5
2026-04-16 11:55:58,14,1404,수술실,3,9,8.7
2026-04-16 12:06:21,8,820,병동,8,4,1.7
2026-04-16 12:09:55,6,609,CT,1,5,4.3
2026-04-16 12:15:35,16,1623,수술실,3,5,7.3
2026-04-16 12:16:05,14,1433,병동,16,7,4.4
2026-04-16 12:33:01,14,1425,CT,1,5,7.0
2026-04-16 12:40:00,11,1102,수술실,3,3,7.2
2026-04-16 12:46:02,7,740,병동,18,6,8.8
2026-04-16 12:47:43,11,1136,MRI,-3,7,11.9
2026-04-16 13:02:26,7,716,MRI,-3,5,8.8
2026-04-16 13:04:32,11,1114,병동,16,5,3.8
2026-04-16 13:12:00,15,1512,MRI,-3,8,13.2
2026-04-16 13:12:35,13,1316,CT,1,6,7.6
2026-04-16 13:36:20,17,1736,수술실,3,10,10.0
2026-04-16 13:36:42,7,730,병동,12,7,4.1
2026-04-16 13:50:01,11,1112,수술실,3,8,7.2
2026-04-16 13:58:39,6,627,병동,14,8,5.7
2026-04-16 14:07:28,13,1316,수술실,3,6,9.4
2026-04-16 14:12:50,12,1202,병동,6,6,4.3
2026-04-16 14:19:31,10,1024,CT,1,8,7.8
2026-04-16 14:26:40,14,1402,MRI,-3,8,11.8
2026-04-16 14:28:08,17,1735,MRI,-3,8,14.4
2026-04-16 14:30:39,8,823,CT,1,5,4.6
2026-04-16 14:34:29,6,620,CT,1,5,4.2
2026-04-16 14:43:31,5,528,병동,5,6,2.9
2026-04-16 14:45:13,15,1530,CT,1,5,6.5
2026-04-16 14:46:28,11,1130,MRI,-3,10,8.7
2026-04-16 14:49:51,18,1825,MRI,-3,7,12.4
2026-04-16 14:50:03,10,1025,CT,1,9,6.6
2026-04-16 15:01:56,15,1505,병동,8,8,6.6
2026-04-16 15:12:34,8,817,MRI,-3,7,8.2
2026-04-16 15:13:16,8,838,수술실,3,6,5.5
2026-04-16 15:48:44,10,1013,수술실,3,5,6.7
2026-04-16 15:58:01,16,1623,MRI,-3,8,11.7
2026-04-16 16:01:32,8,830,수술실,3,5,5.3
2026-04-16 16:56:22,11,1136,CT,1,8,7.2
2026-04-16 16:57:14,10,1030,CT,1,7,6.6
2026-04-16 17:55:29,17,1726,CT,1,2,8.3
2026-04-16 18:37:37,10,1028,MRI,-3,2,8.6
2026-04-16 18:57:43,14,1404,수술실,3,0,6.0
2026-04-16 20:34:02,12,1232,수술실,3,0,5.8
2026-04-17 06:36:22,16,1625,MRI,-3,1,13.0
2026-04-17 07:28:40,9,934,수술실,3,2,5.2
2026-04-17 07:36:20,6,613,CT,1,3,4.1
2026-04-17 07:50:33,8,828,MRI,-3,0,9.4
2026-04-17 08:02:41,8,820,MRI,-3,10,7.7
2026-04-17 08:03:29,13,1329,CT,1,8,9.8
2026-04-17 08:03:37,6,635,병동,6,14,4.6
2026-04-17 08:07:32,18,1822,MRI,-3,10,14.3
2026-04-17 08:08:21,7,723,MRI,-3,11,11.2
2026-04-17 08:09:31,9,906,CT,1,14,9.0
2026-04-17 08:11:28,10,1011,CT,1,15,7.5
2026-04-17 08:12:18,14,1401,수술실,3,14,7.7
2026-04-17 08:13:03,6,639,병동,12,15,5.2
2026-04-17 08:17:37,17,1708,병동,18,9,2.9
2026-04-17 08:22:51,9,939,CT,1,9,6.8
2026-04-17 08:26:19,9,927,병동,8,15,4.4
2026-04-17 08:29:46,10,1004,병동,6,15,4.8
2026-04-17 08:38:35,16,1620,수술실,3,12,9.7
2026-04-17 08:39:50,9,902,MRI,-3,8,8.2
2026-04-17 08:42:31,7,718,병동,9,13,5.3
2026-04-17 08:44:32,6,602,MRI,-3,8,8.2
2026-04-17 08:48:51,12,1211,MRI,-3,10,11.1
2026-04-17 08:53:04,9,939,수술실,3,11,8.4
2026-04-17 08:54:39,14,1401,수술실,3,11,8.1
2026-04-17 08:56:18,5,537,수술실,3,8,5.4
2026-04-17 08:56:41,14,1411,병동,5,8,7.8
2026-04-17 08:56:53,17,1707,MRI,-3,12,11.0
2026-04-17 08:57:23,15,1540,CT,1,8,9.3
2026-04-17 09:06:25,9,925,MRI,-3,9,10.0
2026-04-17 09:09:30,10,1036,수술실,3,13,6.9
2026-04-17 09:10:23,16,1618,CT,1,13,8.9
2026-04-17 09:13:47,10,1028,CT,1,14,9.1
2026-04-17 09:18:40,16,1616,수술실,3,9,8.8
2026-04-17 09:18:43,16,1623,수술실,3,13,11.8
2026-04-17 09:35:04,12,1222,수술실,3,9,9.0
2026-04-17 09:37:04,7,722,병동,15,9,6.2
2026-04-17 09:38:05,17,1722,병동,15,14,5.2
2026-04-17 09:45:42,12,1238,병동,8,13,5.9
2026-04-17 09:48:05,15,1538,CT,1,15,10.4
2026-04-17 09:48:11,15,1511,수술실,3,8,8.4
2026-04-17 09:51:36,6,609,MRI,-3,10,9.1
2026-04-17 09:54:47,18,1822,수술실,3,14,13.2
2026-04-17 09:57:27,11,1114,MRI,-3,9,9.5
2026-04-17 10:06:09,5,522,MRI,-3,6,6.3
2026-04-17 10:18:04,8,803,MRI,-3,10,8.7
2026-04-17 10:20:34,5,538,병동,9,12,5.1
2026-04-17 10:23:33,13,1327,MRI,-3,9,9.2
2026-04-17 10:25:54,10,1022,CT,1,8,6.9
2026-04-17 10:29:23,6,613,수술실,3,7,4.6
2026-04-17 10:29:34,15,1519,수술실,3,11,10.2
2026-04-17 10:34:31,5,504,병동,5,11,4.5
2026-04-17 10:35:52,13,1301,MRI,-3,12,14.2
2026-04-17 10:46:23,8,801,수술실,3,11,7.6
2026-04-17 10:47:40,11,1138,수술실,3,11,8.7
2026-04-17 10:54:02,16,1609,CT,1,11,9.1
2026-04-17 10:58:48,14,1431,수술실,3,8,7.0
2026-04-17 11:14:16,17,1706,MRI,-3,12,11.7
2026-04-17 11:21:25,10,1001,CT,1,6,6.3
2026-04-17 11:22:03,16,1603,MRI,-3,8,10.1
2026-04-17 11:23:26,16,1616,MRI,-3,12,13.9
2026-04-17 11:25:50,13,1333,MRI,-3,7,10.9
2026-04-17 11:37:26,16,1606,MRI,-3,6,11.8
2026-04-17 11:40:16,7,709,병동,13,8,4.8
2026-04-17 11:52:03,17,1714,MRI,-3,12,12.9
2026-04-17 11:54:13,5,523,병동,12,10,6.1
2026-04-17 11:58:31,10,1006,CT,1,6,7.9
2026-04-17 12:14:28,14,1432,수술실,3,5,7.8
2026-04-17 12:16:03,14,1404,수술실,3,4,8.8
2026-04-17 12:20:22,6,630,수술실,3,5,4.4
2026-04-17 12:25:15,18,1830,수술실,3,6,9.6
2026-04-17 12:40:30,11,1113,MRI,-3,7,8.7
2026-04-17 12:43:54,12,1214,수술실,3,6,7.9
2026-04-17 12:44:52,16,1604,MRI,-3,5,9.0
2026-04-17 12:45:31,14,1436,병동,14,7,3.3
2026-04-17 12:46:18,17,1727,MRI,-3,4,10.4
2026-04-17 12:48:56,10,1003,MRI,-3,4,9.2
2026-04-17 12:52:26,12,1212,수술실,3,4,7.0
2026-04-17 12:53:11,14,1412,CT,1,5,8.6
2026-04-17 12:58:11,9,913,병동,6,7,3.5
2026-04-17 13:00:05,6,621,수술실,3,7,4.7
2026-04-17 13:08:25,16,1617,CT,1,7,10.9
2026-04-17 13:09:28,17,1724,병동,16,5,2.1
2026-04-17 13:10:58,18,1820,MRI,-3,6,11.0
2026-04-17 13:12:17,15,1508,병동,13,8,3.1
2026-04-17 13:29:18,18,1833,병동,17,9,3.5
2026-04-17 13:34:30,13,1305,병동,7,9,4.5
2026-04-17 13:36:33,6,636,CT,1,5,4.8
2026-04-17 13:43:08,15,1538,MRI,-3,5,11.9
2026-04-17 13:49:15,5,525,MRI,-3,10,7.9
2026-04-17 13:52:44,8,828,MRI,-3,8,7.9
2026-04-17 13:57:03,7,704,수술실,3,6,6.2
2026-04-17 14:02:06,8,837,CT,1,6,5.9
2026-04-17 14:14:43,18,1806,병동,7,9,8.4
2026-04-17 14:17:01,18,1804,병동,16,5,2.7
2026-04-17 14:22:38,18,1821,수술실,3,8,10.9
2026-04-17 14:40:27,10,1030,CT,1,5,6.3
2026-04-17 14:47:52,8,834,CT,1,5,6.0
2026-04-17 14:47:57,7,736,CT,1,9,5.7
2026-04-17 15:01:39,6,605,수술실,3,7,5.8
2026-04-17 15:03:02,9,904,CT,1,5,5.8
2026-04-17 15:07:15,13,1332,병동,5,6,7.1
2026-04-17 15:07:50,5,517,CT,1,3,4.2
2026-04-17 15:30:44,9,934,MRI,-3,3,8.9
2026-04-17 15:44:33,8,823,병동,17,4,6.7
2026-04-17 15:46:46,13,1302,CT,1,7,6.6
2026-04-17 16:03:26,7,733,MRI,-3,4,8.0
2026-04-17 16:10:31,9,922,수술실,3,7,7.1
2026-04-17 16:21:31,17,1717,병동,17,7,2.6
2026-04-17 16:30:15,17,1706,수술실,3,6,8.2
2026-04-17 16:34:27,10,1011,CT,1,7,8.0
2026-04-17 16:47:36,12,1202,MRI,-3,6,9.0
2026-04-17 17:24:44,12,1223,MRI,-3,4,10.8
2026-04-17 18:15:56,9,915,병동,7,4,2.2
2026-04-17 18:26:08,18,1810,수술실,3,0,9.4
2026-04-17 18:30:23,8,829,MRI,-3,1,6.8
2026-04-17 19:35:30,13,1337,병동,13,2,1.9
2026-04-17 20:10:37,18,1819,병동,7,4,7.2
2026-04-18 06:10:19,12,1223,병동,18,0,4.7
2026-04-18 06:16:28,15,1539,수술실,3,1,9.1
2026-04-18 06:21:17,7,735,CT,1,3,5.8
2026-04-18 06:29:01,16,1635,CT,1,1,7.2
2026-04-18 06:34:27,9,932,CT,1,0,5.2
2026-04-18 06:40:45,16,1629,병동,16,3,2.4
2026-04-18 06:42:41,10,1022,CT,1,0,6.3
2026-04-18 06:56:18,7,708,병동,7,2,2.0
2026-04-18 07:00:50,16,1637,CT,1,1,8.3
2026-04-18 08:08:05,13,1324,수술실,3,15,9.9
2026-04-18 08:12:32,6,624,수술실,3,15,7.0
2026-04-18 08:13:41,6,637,CT,1,11,5.4
2026-04-18 08:15:32,10,1031,수술실,3,13,6.8
2026-04-18 08:21:51,10,1015,병동,6,13,4.8
2026-04-18 08:26:42,12,1207,수술실,3,9,8.0
2026-04-18 08:26:59,15,1532,병동,18,14,4.3
2026-04-18 08:29:55,13,1312,MRI,-3,14,13.2
2026-04-18 08:31:57,5,512,수술실,3,12,5.9
2026-04-18 08:32:51,8,815,수술실,3,9,5.5
2026-04-18 08:34:45,17,1723,MRI,-3,10,11.8
2026-04-18 08:39:38,14,1434,CT,1,15,9.4
2026-04-18 08:40:18,5,522,수술실,3,11,6.6
2026-04-18 08:53:37,16,1621,MRI,-3,9,9.7
2026-04-18 08:54:17,7,703,병동,7,12,3.6
2026-04-18 08:54:27,14,1438,수술실,3,9,8.8
2026-04-18 08:55:24,16,1623,CT,1,9,10.4
2026-04-18 09:00:27,14,1440,MRI,-3,8,11.5
2026-04-18 09:00:28,18,1816,MRI,-3,14,11.5
2026-04-18 09:01:15,6,606,수술실,3,14,5.1
2026-04-18 09:06:31,6,603,병동,18,12,8.8
2026-04-18 09:08:02,12,1209,병동,10,12,4.4
2026-04-18 09:09:32,7,719,병동,7,13,4.5
2026-04-18 09:13:10,15,1535,수술실,3,12,9.6
2026-04-18 09:23:31,14,1416,CT,1,10,7.5
2026-04-18 09:24:02,16,1632,CT,1,10,10.9
2026-04-18 09:29:03,5,530,수술실,3,13,5.3
2026-04-18 09:37:23,8,808,수술실,3,13,6.8
2026-04-18 09:42:50,16,1634,수술실,3,9,8.3
2026-04-18 09:48:12,11,1129,수술실,3,15,7.7
2026-04-18 09:55:28,15,1516,CT,1,8,8.5
2026-04-18 09:59:05,9,940,수술실,3,8,5.6
2026-04-18 09:59:28,18,1801,병동,6,13,7.0
2026-04-18 10:03:42,18,1821,MRI,-3,8,15.2
2026-04-18 10:06:05,18,1826,CT,1,11,12.8
2026-04-18 10:06:30,15,1509,MRI,-3,10,11.5
2026-04-18 10:12:09,7,726,수술실,3,11,6.0
2026-04-18 10:15:40,9,903,병동,14,9,5.7
2026-04-18 10:19:36,11,1112,수술실,3,12,7.4
2026-04-18 10:24:25,5,518,병동,18,6,7.5
2026-04-18 10:25:10,15,1515,병동,18,7,4.8
2026-04-18 10:35:33,11,1104,CT,1,11,9.9
2026-04-18 10:36:08,9,919,MRI,-3,9,9.9
2026-04-18 10:37:28,11,1114,병동,16,6,5.3
2026-04-18 10:38:16,17,1739,병동,10,12,5.7
2026-04-18 10:40:39,16,1627,수술실,3,12,11.3
2026-04-18 10:42:19,12,1240,병동,7,9,4.6
2026-04-18 10:42:26,10,1035,MRI,-3,8,10.1
2026-04-18 10:42:34,15,1514,병동,5,9,7.4
2026-04-18 10:45:56,11,1134,수술실,3,12,9.7
2026-04-18 10:57:04,13,1328,CT,1,12,8.9
2026-04-18 11:06:33,7,728,CT,1,9,6.2
2026-04-18 11:11:29,17,1733,CT,1,8,10.1
2026-04-18 11:13:23,15,1540,병동,15,10,3.0
2026-04-18 11:15:02,13,1339,수술실,3,7,9.5
2026-04-18 11:17:10,7,715,병동,16,10,6.9
2026-04-18 11:25:29,14,1413,병동,15,10,3.3
2026-04-18 11:25:32,14,1401,수술실,3,10,9.1
2026-04-18 11:30:42,6,619,CT,1,12,7.7
2026-04-18 11:31:43,16,1624,CT,1,8,8.7
2026-04-18 11:45:22,13,1338,MRI,-3,8,9.6
2026-04-18 11:46:10,9,934,병동,18,11,6.2
2026-04-18 11:46:38,18,1838,MRI,-3,6,14.4
2026-04-18 12:03:09,15,1510,CT,1,7,9.2
2026-04-18 12:11:44,10,1004,CT,1,4,5.9
2026-04-18 12:17:24,18,1820,MRI,-3,5,13.2
2026-04-18 12:17:41,11,1129,MRI,-3,3,7.8
2026-04-18 12:24:32,12,1225,MRI,-3,6,11.4
2026-04-18 12:27:50,13,1309,MRI,-3,3,10.1
2026-04-18 12:32:06,14,1423,MRI,-3,3,8.6
2026-04-18 12:35:07,14,1438,CT,1,6,8.6
2026-04-18 12:37:13,13,1316,수술실,3,6,7.4
2026-04-18 12:50:18,14,1423,MRI,-3,7,11.4
2026-04-18 12:50:48,11,1102,수술실,3,5,6.2
2026-04-18 12:55:54,14,1431,병동,14,3,1.7
2026-04-18 13:05:37,17,1721,수술실,3,8,8.7
2026-04-18 13:05:43,9,934,CT,1,9,5.9
2026-04-18 13:10:14,6,607,CT,1,8,6.2
2026-04-18 13:15:35,10,1021,병동,13,5,2.8
2026-04-18 13:22:31,5,504,수술실,3,5,3.3
2026-04-18 13:27:14,16,1635,MRI,-3,9,13.8
2026-04-18 13:29:54,12,1207,CT,1,5,7.1
2026-04-18 13:32:43,7,731,CT,1,7,6.9
2026-04-18 13:48:17,18,1819,수술실,3,6,9.2
2026-04-18 13:55:34,8,805,병동,15,5,4.3
2026-04-18 13:59:19,11,1125,병동,5,9,5.5
2026-04-18 14:01:50,5,503,CT,1,7,4.3
2026-04-18 14:10:25,15,1508,수술실,3,9,9.5
2026-04-18 14:23:29,8,822,MRI,-3,5,7.7
2026-04-18 14:30:14,16,1619,병동,9,6,5.0
2026-04-18 14:38:47,10,1006,MRI,-3,6,9.0
2026-04-18 14:45:28,13,1335,수술실,3,6,7.3
2026-04-18 14:48:10,13,1304,수술실,3,8,6.8
2026-04-18 14:53:24,12,1234,병동,17,7,5.0
2026-04-18 15:18:01,5,530,CT,1,3,3.9
2026-04-18 15:20:49,6,631,MRI,-3,6,7.0
2026-04-18 15:39:53,11,1124,수술실,3,7,7.8
2026-04-18 15:56:43,12,1205,병동,8,8,5.0
2026-04-18 16:01:14,18,1838,병동,13,6,5.9
2026-04-18 16:19:39,14,1424,MRI,-3,4,8.6
2026-04-18 16:37:03,6,620,MRI,-3,3,6.9
2026-04-18 16:42:13,14,1423,병동,13,7,3.8
2026-04-18 16:58:18,10,1024,병동,17,4,4.2
2026-04-18 16:58:47,17,1717,병동,18,6,3.5
2026-04-18 17:14:45,18,1826,병동,11,4,4.2
2026-04-18 18:12:16,10,1039,수술실,3,0,5.0
2026-04-18 18:19:15,14,1439,수술실,3,2,8.2
2026-04-18 19:04:50,5,501,CT,1,4,3.7
2026-04-18 20:57:47,10,1012,수술실,3,3,5.2
2026-04-19 06:29:46,17,1717,수술실,3,3,7.3
2026-04-19 06:31:38,11,1109,MRI,-3,3,8.6
2026-04-19 06:32:26,9,904,MRI,-3,4,8.4
2026-04-19 07:00:12,18,1818,수술실,3,1,9.1
2026-04-19 07:12:13,16,1602,병동,15,4,2.7
2026-04-19 07:33:05,8,808,CT,1,2,5.2
2026-04-19 07:53:48,9,931,수술실,3,3,6.1
2026-04-19 08:03:01,8,810,CT,1,8,7.1
2026-04-19 08:03:41,18,1819,MRI,-3,9,11.1
2026-04-19 08:11:06,14,1433,병동,16,8,3.8
2026-04-19 08:15:18,9,920,병동,17,14,6.4
2026-04-19 08:15:49,9,915,수술실,3,10,5.5
2026-04-19 08:21:41,8,835,병동,9,12,4.3
2026-04-19 08:22:22,9,939,CT,1,9,6.2
2026-04-19 08:24:44,5,512,MRI,-3,13,9.4
2026-04-19 08:24:46,7,734,병동,9,12,4.2
2026-04-19 08:36:56,9,924,CT,1,8,6.6
2026-04-19 08:37:17,17,1738,MRI,-3,8,14.3
2026-04-19 08:40:13,12,1204,병동,9,13,5.3
2026-04-19 08:41:03,11,1109,병동,17,15,7.4
2026-04-19 08:49:58,16,1605,CT,1,15,11.6
2026-04-19 08:56:54,16,1607,수술실,3,15,9.9
2026-04-19 09:02:56,10,1038,MRI,-3,15,12.4
2026-04-19 09:03:10,7,708,MRI,-3,15,11.1
2026-04-19 09:03:57,17,1703,수술실,3,13,11.3
2026-04-19 09:12:32,5,537,MRI,-3,9,7.8
2026-04-19 09:13:28,12,1209,병동,15,8,4.8
2026-04-19 09:14:30,13,1329,병동,5,11,6.2
2026-04-19 09:16:30,17,1728,병동,10,15,7.3
2026-04-19 09:19:08,14,1405,CT,1,15,8.0
2026-04-19 09:22:30,18,1818,수술실,3,8,11.2
2026-04-19 09:27:28,10,1018,MRI,-3,14,9.9
2026-04-19 09:34:45,13,1329,MRI,-3,10,10.7
2026-04-19 09:36:03,18,1815,병동,10,12,7.8
2026-04-19 09:50:17,9,923,MRI,-3,11,10.6
2026-04-19 09:53:52,5,517,MRI,-3,15,9.2
2026-04-19 09:54:58,10,1021,수술실,3,13,8.4
2026-04-19 09:54:59,13,1328,CT,1,13,9.6
2026-04-19 09:58:40,11,1138,CT,1,8,7.7
2026-04-19 10:09:18,13,1325,MRI,-3,8,12.5
2026-04-19 10:09:31,11,1111,CT,1,7,6.7
2026-04-19 10:11:38,6,605,CT,1,11,5.9
2026-04-19 10:17:54,17,1729,병동,12,10,5.8
2026-04-19 10:33:34,14,1407,병동,18,12,5.2
2026-04-19 10:34:45,11,1128,MRI,-3,10,9.4
2026-04-19 10:36:58,7,731,CT,1,10,7.0
2026-04-19 10:44:55,11,1107,MRI,-3,7,8.2
2026-04-19 10:50:22,8,819,CT,1,10,5.1
2026-04-19 10:52:09,17,1734,병동,17,8,2.9
2026-04-19 10:54:22,13,1314,MRI,-3,12,13.9
2026-04-19 10:55:26,9,918,병동,5,8,4.7
2026-04-19 10:57:18,18,1822,수술실,3,12,9.7
2026-04-19 11:00:39,8,823,수술실,3,11,6.8
2026-04-19 11:00:42,14,1412,병동,18,9,4.0
2026-04-19 11:00:45,10,1022,CT,1,6,7.0
2026-04-19 11:06:17,15,1515,병동,11,12,5.7
2026-04-19 11:08:06,7,715,CT,1,10,6.3
2026-04-19 11:10:37,17,1712,병동,6,10,6.9
2026-04-19 11:13:25,10,1003,병동,17,12,6.9
2026-04-19 11:19:17,10,1004,병동,17,8,6.1
2026-04-19 11:20:40,12,1217,MRI,-3,6,10.3
2026-04-19 11:21:07,10,1034,병동,12,7,4.2
2026-04-19 11:25:03,11,1112,CT,1,11,7.7
2026-04-19 11:25:11,8,807,수술실,3,12,7.9
2026-04-19 11:30:29,16,1611,수술실,3,7,10.1
2026-04-19 11:35:26,5,512,병동,11,6,5.9
2026-04-19 11:35:43,17,1734,병동,7,6,7.2
2026-04-19 11:42:04,17,1708,MRI,-3,6,13.3
2026-04-19 11:49:16,10,1014,병동,10,7,3.4
2026-04-19 11:57:14,13,1316,병동,16,8,4.0
2026-04-19 11:59:10,15,1530,수술실,3,9,10.4
2026-04-19 12:11:21,10,1021,병동,18,7,5.0
2026-04-19 12:31:09,8,801,CT,1,6,6.5
2026-04-19 12:37:01,10,1025,수술실,3,3,5.9
2026-04-19 12:38:25,11,1114,병동,15,4,3.8
2026-04-19 12:38:50,7,704,CT,1,7,4.7
2026-04-19 12:42:37,11,1139,MRI,-3,6,9.8
2026-04-19 12:44:07,8,825,수술실,3,7,5.8
2026-04-19 12:54:21,8,812,수술실,3,5,6.0
2026-04-19 12:54:40,14,1407,수술실,3,7,8.8
2026-04-19 12:56:48,14,1406,CT,1,6,8.0
2026-04-19 13:10:23,18,1818,병동,17,9,3.6
2026-04-19 13:21:02,16,1607,병동,17,10,3.6
2026-04-19 13:33:47,9,916,병동,10,8,3.9
2026-04-19 13:35:50,16,1616,병동,14,10,3.7
2026-04-19 13:50:48,13,1316,수술실,3,10,6.7
2026-04-19 14:00:33,7,726,병동,17,7,7.9
2026-04-19 14:04:29,12,1215,MRI,-3,9,12.3
2026-04-19 14:07:34,11,1140,MRI,-3,8,9.9
2026-04-19 14:25:29,6,640,병동,11,5,3.6
2026-04-19 14:27:26,5,501,CT,1,5,3.6
2026-04-19 14:44:01,18,1823,수술실,3,9,9.9
2026-04-19 14:49:38,12,1222,병동,17,5,3.4
2026-04-19 15:12:12,13,1340,수술실,3,5,7.7
2026-04-19 15:13:37,5,503,병동,14,5,5.2
2026-04-19 15:19:28,12,1237,CT,1,4,8.1
2026-04-19 15:30:52,13,1308,수술실,3,5,8.1
2026-04-19 15:35:48,8,835,수술실,3,6,5.5
2026-04-19 15:37:38,7,707,MRI,-3,5,7.2
2026-04-19 16:30:39,11,1127,수술실,3,7,6.7
2026-04-19 16:36:21,8,802,병동,9,4,2.0
2026-04-19 16:40:26,11,1101,병동,9,5,2.4
2026-04-19 16:44:16,7,737,MRI,-3,6,7.7
2026-04-19 16:44:16,8,812,MRI,-3,4,7.7
2026-04-19 16:52:47,7,717,병동,5,3,2.5
2026-04-19 18:01:43,10,1031,병동,12,0,2.3
2026-04-19 18:13:55,8,805,CT,1,2,6.1
2026-04-19 18:41:46,10,1002,병동,5,2,4.7
2026-04-19 20:18:17,13,1324,수술실,3,1,6.2
2026-04-19 20:20:21,11,1108,병동,5,1,3.8
2026-04-19 20:29:57,12,1229,CT,1,1,5.6
2026-04-19 20:41:54,16,1626,MRI,-3,1,9.8
2026-04-19 20:52:49,18,1836,병동,17,0,2.8
2026-04-20 06:22:49,8,830,병동,7,3,2.3
2026-04-20 06:37:54,16,1638,MRI,-3,3,10.8
2026-04-20 07:02:13,14,1424,수술실,3,0,7.5
2026-04-20 07:06:26,10,1004,MRI,-3,3,7.0
2026-04-20 07:18:40,12,1238,CT,1,3,7.1
2026-04-20 07:27:29,5,514,CT,1,1,4.2
2026-04-20 07:35:48,17,1714,MRI,-3,2,12.2
2026-04-20 07:38:24,8,823,수술실,3,0,4.4
2026-04-20 07:58:57,8,837,병동,16,4,4.8
2026-04-20 08:02:30,12,1233,MRI,-3,13,9.9
2026-04-20 08:05:16,15,1538,병동,17,12,3.9
2026-04-20 08:08:27,6,624,MRI,-3,11,9.3
2026-04-20 08:15:39,11,1106,MRI,-3,12,11.0
2026-04-20 08:17:01,13,1340,MRI,-3,10,11.4
2026-04-20 08:25:51,11,1133,수술실,3,10,6.1
2026-04-20 08:31:16,6,635,CT,1,8,5.1
2026-04-20 08:32:43,7,711,수술실,3,11,5.9
2026-04-20 08:33:18,9,906,MRI,-3,14,11.7
2026-04-20 08:33:39,18,1809,수술실,3,12,13.0
2026-04-20 08:40:12,6,628,MRI,-3,11,8.1
2026-04-20 08:49:16,6,614,병동,10,12,6.1
2026-04-20 08:49:20,8,833,병동,17,10,6.9
2026-04-20 08:51:34,5,539,수술실,3,9,4.3
2026-04-20 08:57:06,16,1618,MRI,-3,13,11.3
2026-04-20 08:58:40,12,1206,CT,1,10,7.2
2026-04-20 09:05:40,7,722,수술실,3,11,7.3
2026-04-20 09:05:48,14,1411,MRI,-3,8,12.0
2026-04-20 09:10:28,9,927,MRI,-3,14,9.4
2026-04-20 09:11:30,8,813,수술실,3,8,5.6
2026-04-20 09:12:19,5,511,병동,12,12,7.6
2026-04-20 09:17:39,11,1106,병동,13,14,5.0
2026-04-20 09:20:03,14,1407,수술실,3,12,9.0
2026-04-20 09:25:20,11,1112,수술실,3,15,9.0
2026-04-20 09:25:45,12,1210,병동,13,14,4.5
2026-04-20 09:29:54,10,1032,MRI,-3,14,11.7
2026-04-20 09:32:58,13,1332,수술실,3,14,10.2
2026-04-20 09:37:00,5,535,병동,12,8,5.8
2026-04-20 09:39:02,8,824,CT,1,10,5.8
2026-04-20 09:51:07,14,1401,수술실,3,8,7.9
2026-04-20 09:55:15,5,508,병동,17,10,8.1
2026-04-20 09:59:22,14,1402,MRI,-3,14,10.0
2026-04-20 10:16:36,11,1136,MRI,-3,12,10.0
2026-04-20 10:16:57,9,917,병동,18,11,7.2
2026-04-20 10:23:57,16,1608,CT,1,11,9.4
2026-04-20 10:34:58,17,1734,MRI,-3,9,10.1
2026-04-20 10:38:29,14,1414,MRI,-3,6,12.1
2026-04-20 10:46:34,14,1439,병동,12,10,4.0
2026-04-20 10:46:40,14,1405,MRI,-3,10,11.6
2026-04-20 10:48:42,8,815,병동,9,10,3.2
2026-04-20 10:54:42,17,1718,수술실,3,7,7.8
2026-04-20 10:55:06,5,503,MRI,-3,12,10.4
2026-04-20 11:01:13,8,801,병동,15,7,6.2
2026-04-20 11:05:25,8,818,CT,1,8,6.5
2026-04-20 11:08:07,7,736,병동,13,9,5.3
2026-04-20 11:08:43,14,1430,CT,1,6,9.7
2026-04-20 11:27:10,16,1616,수술실,3,12,8.3
2026-04-20 11:30:36,14,1415,병동,11,7,4.5
2026-04-20 11:49:22,16,1639,MRI,-3,12,14.0
2026-04-20 11:50:57,15,1509,MRI,-3,12,14.5
2026-04-20 11:52:53,7,720,병동,16,8,7.2
2026-04-20 11:59:28,8,820,CT,1,12,8.1
2026-04-20 12:05:24,8,812,MRI,-3,6,7.3
2026-04-20 12:06:04,7,723,CT,1,5,4.4
2026-04-20 12:33:09,9,925,수술실,3,5,6.1
2026-04-20 12:42:40,16,1639,수술실,3,5,8.1
2026-04-20 12:45:50,15,1520,수술실,3,4,7.6
2026-04-20 12:45:51,12,1201,MRI,-3,7,10.6
2026-04-20 12:56:13,13,1310,CT,1,6,9.5
2026-04-20 13:22:32,14,1437,병동,18,7,5.0
2026-04-20 13:27:43,9,919,MRI,-3,5,8.0
2026-04-20 13:32:45,13,1334,CT,1,7,8.8
2026-04-20 13:44:40,16,1627,수술실,3,9,9.9
2026-04-20 13:45:47,15,1501,CT,1,10,7.6
2026-04-20 13:48:49,6,613,병동,9,5,2.7
2026-04-20 13:50:51,7,702,MRI,-3,7,7.9
2026-04-20 13:55:27,14,1429,수술실,3,7,9.9
2026-04-20 14:02:31,13,1304,수술실,3,5,7.2
2026-04-20 14:06:06,6,631,CT,1,7,5.9
2026-04-20 14:10:18,15,1523,CT,1,7,9.6
2026-04-20 14:20:15,5,528,MRI,-3,9,7.1
2026-04-20 14:29:09,8,835,수술실,3,8,5.8
2026-04-20 14:42:21,14,1422,CT,1,10,8.6
2026-04-20 15:19:15,17,1714,MRI,-3,4,12.0
2026-04-20 15:28:38,14,1416,수술실,3,7,9.9
2026-04-20 15:33:47,9,912,수술실,3,6,7.4
2026-04-20 15:35:50,9,901,수술실,3,3,5.0
2026-04-20 16:10:22,9,903,MRI,-3,6,8.4
2026-04-20 16:18:43,15,1514,병동,15,6,3.4
2026-04-20 16:34:30,17,1722,수술실,3,6,9.8
2026-04-20 16:51:26,9,921,병동,5,8,3.8
2026-04-20 17:00:45,7,707,CT,1,2,4.6
2026-04-20 17:29:20,8,823,수술실,3,0,5.7
2026-04-20 18:10:35,18,1816,수술실,3,0,10.2
2026-04-20 18:22:39,5,513,MRI,-3,0,6.4
2026-04-20 20:10:38,13,1306,수술실,3,4,6.6
2026-04-20 20:11:04,11,1104,MRI,-3,1,7.3
2026-04-20 20:44:40,10,1007,CT,1,3,7.0
2026-04-20 20:46:31,6,634,수술실,3,4,4.0
2026-04-20 20:58:28,10,1008,CT,1,0,5.5
2026-04-21 06:18:01,7,720,CT,1,0,5.0
2026-04-21 06:40:01,9,923,MRI,-3,1,9.6
2026-04-21 07:27:50,15,1517,병동,16,1,2.5
2026-04-21 07:42:03,12,1221,MRI,-3,1,7.7
2026-04-21 08:09:08,9,916,병동,9,10,3.2
2026-04-21 08:09:32,13,1330,CT,1,10,9.3
2026-04-21 08:09:47,10,1013,수술실,3,15,6.7
2026-04-21 08:15:19,16,1606,병동,10,8,4.6
2026-04-21 08:15:24,13,1335,수술실,3,8,7.5
2026-04-21 08:23:08,7,715,CT,1,14,6.7
2026-04-21 08:26:47,14,1410,병동,9,10,5.4
2026-04-21 08:29:24,9,905,병동,18,10,7.2
2026-04-21 08:29:48,16,1612,수술실,3,8,10.6
2026-04-21 08:32:48,18,1830,수술실,3,11,9.9
2026-04-21 08:36:12,5,540,병동,15,10,8.0
2026-04-21 08:44:24,17,1701,수술실,3,11,11.4
2026-04-21 08:48:00,15,1526,병동,7,14,7.5
2026-04-21 08:57:41,16,1633,병동,18,8,3.2
2026-04-21 09:00:30,5,509,병동,13,9,6.1
2026-04-21 09:02:27,14,1427,MRI,-3,14,10.8
2026-04-21 09:03:59,11,1132,MRI,-3,12,10.5
2026-04-21 09:04:40,17,1731,병동,10,8,5.0
2026-04-21 09:05:26,8,803,병동,10,13,4.5
2026-04-21 09:12:13,9,923,MRI,-3,10,10.1
2026-04-21 09:24:07,17,1702,CT,1,11,8.7
2026-04-21 09:26:04,9,928,MRI,-3,13,10.3
2026-04-21 09:28:31,12,1206,CT,1,14,10.1
2026-04-21 09:31:36,15,1535,CT,1,10,8.6
2026-04-21 09:39:17,6,612,수술실,3,8,5.5
2026-04-21 09:44:30,17,1706,병동,16,14,4.4
2026-04-21 09:48:01,8,817,수술실,3,14,8.2
2026-04-21 09:48:06,13,1318,MRI,-3,12,13.8
2026-04-21 09:48:21,18,1805,병동,8,14,9.1
2026-04-21 09:54:43,18,1802,수술실,3,12,9.8
2026-04-21 09:57:59,13,1304,병동,14,13,5.2
2026-04-21 09:59:50,12,1238,수술실,3,14,7.2
2026-04-21 10:02:06,11,1101,병동,17,9,5.6
2026-04-21 10:03:48,14,1424,수술실,3,9,8.9
2026-04-21 10:08:22,12,1209,CT,1,6,8.4
2026-04-21 10:16:38,14,1421,MRI,-3,11,9.9
2026-04-21 10:36:50,8,819,병동,11,6,3.5
2026-04-21 10:39:24,5,517,병동,13,8,5.6
2026-04-21 10:39:47,11,1134,MRI,-3,6,9.5
2026-04-21 10:41:20,8,831,수술실,3,9,6.7
2026-04-21 10:46:29,17,1712,수술실,3,7,11.5
2026-04-21 10:49:16,12,1226,수술실,3,7,7.7
2026-04-21 10:51:56,14,1412,병동,11,9,4.2
2026-04-21 10:54:09,18,1833,CT,1,6,10.1
2026-04-21 10:56:39,5,514,병동,17,7,8.9
2026-04-21 11:02:20,12,1236,MRI,-3,11,13.2
2026-04-21 11:11:36,11,1116,수술실,3,10,6.6
2026-04-21 11:19:16,16,1635,CT,1,11,10.0
2026-04-21 11:33:14,15,1517,MRI,-3,12,12.8
2026-04-21 11:37:08,18,1833,MRI,-3,8,12.1
2026-04-21 11:38:42,16,1640,MRI,-3,10,11.6
2026-04-21 11:46:54,11,1105,수술실,3,6,6.7
2026-04-21 11:55:43,5,510,병동,15,11,8.9
2026-04-21 11:55:57,11,1115,CT,1,9,8.3
2026-04-21 11:58:33,10,1021,병동,8,7,3.3
2026-04-21 12:04:25,7,715,병동,13,7,5.7
2026-04-21 12:21:06,15,1513,수술실,3,6,7.1
2026-04-21 12:23:31,5,521,MRI,-3,3,7.5
2026-04-21 12:25:33,15,1506,수술실,3,5,8.8
2026-04-21 12:32:10,15,1505,수술실,3,4,8.9
2026-04-21 12:35:06,10,1027,CT,1,4,5.2
2026-04-21 12:40:34,14,1420,MRI,-3,5,10.4
2026-04-21 12:43:32,17,1709,병동,12,4,4.4
2026-04-21 12:45:43,7,711,MRI,-3,4,8.6
2026-04-21 12:55:47,15,1509,수술실,3,6,7.5
2026-04-21 12:56:20,14,1427,CT,1,7,9.6
2026-04-21 13:14:55,8,804,수술실,3,6,5.2
2026-04-21 13:17:41,12,1203,병동,10,6,3.5
2026-04-21 13:20:43,14,1431,MRI,-3,10,12.0
2026-04-21 13:30:19,5,505,CT,1,10,4.6
2026-04-21 13:38:43,15,1536,CT,1,10,7.7
2026-04-21 13:41:47,17,1724,수술실,3,10,9.1
2026-04-21 13:48:22,5,523,CT,1,10,4.6
2026-04-21 13:53:34,7,727,CT,1,9,6.1
2026-04-21 13:55:16,10,1018,병동,13,8,4.9
2026-04-21 13:56:45,16,1601,CT,1,6,10.5
2026-04-21 14:03:04,11,1140,CT,1,8,8.4
2026-04-21 14:08:13,17,1717,CT,1,8,9.3
2026-04-21 14:10:31,7,707,수술실,3,5,4.2
2026-04-21 14:33:14,18,1825,병동,6,8,8.5
2026-04-21 14:40:47,7,730,MRI,-3,10,7.1
2026-04-21 14:48:08,14,1417,수술실,3,8,8.2
2026-04-21 15:04:48,14,1432,병동,16,8,4.5
2026-04-21 15:07:01,9,936,수술실,3,4,5.6
2026-04-21 15:13:15,8,817,MRI,-3,7,7.3
2026-04-21 15:19:22,8,838,CT,1,4,5.6
2026-04-21 15:35:28,8,833,MRI,-3,4,8.8
2026-04-21 15:39:28,10,1002,수술실,3,7,7.7
2026-04-21 15:40:01,11,1123,수술실,3,4,7.3
2026-04-21 15:53:13,13,1325,수술실,3,8,7.8
2026-04-21 16:11:19,14,1422,CT,1,4,9.2
2026-04-21 16:38:02,13,1305,병동,14,7,2.8
2026-04-21 16:47:43,16,1639,수술실,3,8,10.2
2026-04-21 16:57:05,12,1218,수술실,3,7,8.1
2026-04-21 17:00:28,13,1339,수술실,3,1,6.6
2026-04-21 17:51:36,7,713,CT,1,4,4.1
2026-04-21 19:13:16,12,1216,CT,1,1,7.1
2026-04-21 19:33:36,16,1620,병동,5,1,6.7
2026-04-21 20:09:36,18,1834,수술실,3,4,8.4
2026-04-21 20:10:29,16,1601,CT,1,3,6.8
2026-04-21 20:31:31,9,933,CT,1,0,6.6
2026-04-21 20:43:32,6,626,수술실,3,3,4.2
2026-04-21 21:19:52,12,1234,수술실,3,0,5.6
2026-04-22 06:17:02,7,722,수술실,3,1,4.9
2026-04-22 06:21:29,11,1124,CT,1,1,5.7
2026-04-22 06:43:56,17,1708,병동,17,2,1.8
2026-04-22 06:52:46,7,738,CT,1,2,4.9
2026-04-22 07:08:05,11,1129,CT,1,1,5.8
2026-04-22 07:38:20,15,1510,MRI,-3,0,9.8
2026-04-22 08:00:05,9,916,MRI,-3,12,8.9
2026-04-22 08:00:56,12,1235,병동,8,15,5.1
2026-04-22 08:01:35,10,1004,CT,1,10,8.3
2026-04-22 08:13:00,8,820,수술실,3,13,7.9
2026-04-22 08:19:41,5,505,수술실,3,9,5.5
2026-04-22 08:24:55,6,608,병동,13,12,8.0
2026-04-22 08:28:20,11,1125,CT,1,15,8.3
2026-04-22 08:28:51,14,1421,병동,5,14,8.7
2026-04-22 08:30:10,5,522,수술실,3,14,5.5
2026-04-22 08:32:20,7,737,수술실,3,11,7.8
2026-04-22 08:42:26,18,1824,CT,1,13,12.0
2026-04-22 08:45:50,7,721,MRI,-3,10,8.1
2026-04-22 08:46:43,9,931,수술실,3,11,6.7
2026-04-22 08:50:16,6,612,MRI,-3,8,8.1
2026-04-22 08:53:03,15,1537,병동,11,14,6.5
2026-04-22 08:54:55,14,1422,수술실,3,12,8.5
2026-04-22 08:55:44,13,1313,병동,17,14,6.0
2026-04-22 08:57:34,17,1719,병동,13,15,6.5
2026-04-22 09:01:19,8,813,CT,1,10,5.9
2026-04-22 09:03:47,10,1030,MRI,-3,9,9.2
2026-04-22 09:08:41,15,1516,CT,1,12,8.9
2026-04-22 09:12:09,5,534,CT,1,15,5.8
2026-04-22 09:15:27,16,1606,CT,1,11,9.4
2026-04-22 09:22:55,18,1829,수술실,3,13,9.4
2026-04-22 09:23:02,12,1226,MRI,-3,14,10.7
2026-04-22 09:29:15,17,1715,병동,7,11,7.9
2026-04-22 09:34:38,12,1225,CT,1,8,6.6
2026-04-22 09:36:05,13,1318,수술실,3,15,8.2
2026-04-22 09:37:23,18,1835,CT,1,12,12.5
2026-04-22 09:41:49,10,1022,병동,6,10,5.3
2026-04-22 09:47:02,13,1336,수술실,3,13,7.8
2026-04-22 09:48:50,7,716,CT,1,9,7.0
2026-04-22 09:51:58,8,829,MRI,-3,15,11.3
2026-04-22 09:52:47,13,1335,수술실,3,9,7.0
2026-04-22 09:52:49,15,1535,수술실,3,8,10.3
2026-04-22 09:56:41,7,736,수술실,3,11,7.2
2026-04-22 09:57:04,14,1409,수술실,3,10,6.9
2026-04-22 10:05:52,9,935,CT,1,8,7.2
2026-04-22 10:13:43,10,1031,MRI,-3,6,10.1
2026-04-22 10:15:53,5,522,CT,1,8,5.4
2026-04-22 10:16:10,6,626,MRI,-3,11,8.4
2026-04-22 10:20:21,13,1334,수술실,3,8,8.3
2026-04-22 10:22:03,11,1110,수술실,3,7,6.8
2026-04-22 10:25:22,14,1437,CT,1,9,8.1
2026-04-22 10:34:03,12,1202,CT,1,7,7.7
2026-04-22 10:36:38,7,727,수술실,3,11,7.2
2026-04-22 10:37:19,12,1205,CT,1,12,10.4
2026-04-22 10:57:36,12,1220,CT,1,8,8.6
2026-04-22 11:07:55,8,838,수술실,3,7,6.5
2026-04-22 11:09:00,9,902,MRI,-3,12,11.4
2026-04-22 11:12:46,12,1213,MRI,-3,9,10.4
2026-04-22 11:13:55,12,1228,수술실,3,9,7.4
2026-04-22 11:21:02,15,1501,수술실,3,9,9.8
2026-04-22 11:29:18,17,1723,수술실,3,10,11.2
2026-04-22 11:31:31,16,1635,수술실,3,9,7.5
2026-04-22 11:36:16,7,714,수술실,3,6,5.5
2026-04-22 11:37:19,7,708,병동,13,8,4.7
2026-04-22 11:47:58,11,1122,병동,5,6,5.8
2026-04-22 11:52:47,13,1331,MRI,-3,12,12.1
2026-04-22 11:58:06,9,927,CT,1,9,6.0
2026-04-22 12:01:45,18,1827,CT,1,5,8.9
2026-04-22 12:07:15,16,1631,CT,1,4,9.2
2026-04-22 12:09:37,12,1206,MRI,-3,6,11.3
2026-04-22 12:10:01,13,1318,CT,1,4,7.2
2026-04-22 12:12:41,6,625,MRI,-3,3,5.9
2026-04-22 12:21:28,9,921,MRI,-3,4,7.1
2026-04-22 12:29:24,5,518,수술실,3,3,4.6
2026-04-22 12:30:44,5,533,병동,15,6,5.7
2026-04-22 12:34:54,9,925,CT,1,3,5.2
2026-04-22 12:36:29,11,1111,병동,18,4,5.7
2026-04-22 12:38:38,12,1233,CT,1,4,6.9
2026-04-22 12:43:50,12,1228,병동,16,4,3.1
2026-04-22 12:49:36,11,1139,수술실,3,5,6.4
2026-04-22 12:50:09,7,721,CT,1,4,4.4
2026-04-22 12:51:26,18,1819,병동,11,7,6.3
2026-04-22 13:06:52,11,1112,CT,1,7,7.9
2026-04-22 13:08:16,13,1330,CT,1,10,7.9
2026-04-22 13:15:43,7,721,CT,1,7,5.9
2026-04-22 13:26:01,9,901,수술실,3,8,7.0
2026-04-22 13:42:57,9,934,MRI,-3,8,8.4
2026-04-22 13:51:18,16,1640,병동,12,8,5.3
2026-04-22 14:30:57,10,1006,CT,1,8,6.4
2026-04-22 14:33:29,17,1728,CT,1,7,11.6
2026-04-22 14:34:58,10,1001,병동,5,9,5.4
2026-04-22 14:38:26,9,903,MRI,-3,7,10.1
2026-04-22 14:45:43,15,1516,병동,10,10,5.5
2026-04-22 14:55:13,6,633,MRI,-3,10,9.4
2026-04-22 14:57:26,17,1706,병동,10,7,5.4
2026-04-22 15:02:24,8,820,CT,1,8,7.1
2026-04-22 15:02:29,16,1621,수술실,3,8,11.0
2026-04-22 15:13:20,6,602,수술실,3,7,6.2
2026-04-22 15:17:28,15,1512,MRI,-3,3,10.1
2026-04-22 15:19:38,8,813,수술실,3,7,6.6
2026-04-22 15:32:16,13,1325,수술실,3,5,7.6
2026-04-22 15:33:15,13,1302,MRI,-3,3,8.0
2026-04-22 15:59:46,7,718,MRI,-3,5,7.9
2026-04-22 16:05:06,7,716,CT,1,6,5.0
2026-04-22 16:11:18,18,1827,병동,17,3,2.9
2026-04-22 16:18:41,8,821,MRI,-3,8,9.5
2026-04-22 16:19:53,18,1815,수술실,3,4,8.2
2026-04-22 16:26:17,10,1006,CT,1,8,7.6
2026-04-22 16:33:00,15,1510,CT,1,4,7.3
2026-04-22 16:34:38,5,534,MRI,-3,5,7.5
2026-04-22 16:47:11,9,936,MRI,-3,6,9.6
2026-04-22 16:58:05,12,1236,수술실,3,3,6.7
2026-04-22 18:37:26,5,515,수술실,3,0,3.5
2026-04-22 18:58:03,17,1719,MRI,-3,4,10.8
2026-04-22 19:00:32,12,1232,CT,1,0,5.7
2026-04-22 19:46:33,15,1531,병동,15,3,1.7
2026-04-22 20:04:23,14,1431,MRI,-3,4,10.5
2026-04-22 20:05:16,14,1404,수술실,3,3,5.9
2026-04-22 20:18:56,9,910,수술실,3,1,5.2
2026-04-23 06:08:10,10,1032,MRI,-3,1,8.7
2026-04-23 06:08:51,16,1627,MRI,-3,1,9.4
2026-04-23 06:18:16,16,1627,MRI,-3,0,9.1
2026-04-23 06:25:41,9,915,CT,1,1,5.3
2026-04-23 06:29:02,13,1320,병동,14,0,2.5
2026-04-23 06:31:31,9,902,병동,13,3,3.9
2026-04-23 06:31:32,5,513,MRI,-3,0,6.3
2026-04-23 06:46:11,11,1130,수술실,3,1,7.3
2026-04-23 06:46:39,17,1738,수술실,3,4,7.2
2026-04-23 07:01:24,18,1828,MRI,-3,0,11.0
2026-04-23 07:15:40,18,1823,수술실,3,4,10.6
2026-04-23 07:27:41,10,1024,병동,16,1,4.8
2026-04-23 07:42:17,15,1523,MRI,-3,1,10.0
2026-04-23 07:54:38,13,1312,CT,1,3,8.4
2026-04-23 08:04:21,6,630,CT,1,11,5.3
2026-04-23 08:12:21,14,1408,수술실,3,15,8.4
2026-04-23 08:14:10,10,1003,수술실,3,13,8.3
2026-04-23 08:22:14,7,717,병동,11,10,5.0
2026-04-23 08:28:24,10,1022,수술실,3,10,7.5
2026-04-23 08:30:16,13,1311,MRI,-3,12,12.1
2026-04-23 08:37:47,15,1516,병동,9,9,4.9
2026-04-23 08:37:48,14,1439,CT,1,14,11.6
2026-04-23 08:41:28,15,1519,MRI,-3,11,10.8
2026-04-23 08:43:25,11,1108,수술실,3,13,6.7
2026-04-23 08:44:26,10,1018,수술실,3,15,7.4
2026-04-23 08:48:03,6,602,수술실,3,12,5.0
2026-04-23 08:50:38,14,1435,MRI,-3,13,12.6
2026-04-23 08:52:48,15,1520,병동,14,9,3.4
2026-04-23 08:55:14,8,835,CT,1,9,6.6
2026-04-23 08:59:15,14,1428,MRI,-3,10,9.4
2026-04-23 08:59:20,12,1213,수술실,3,9,8.3
2026-04-23 09:00:39,10,1013,MRI,-3,9,8.4
2026-04-23 09:05:04,10,1040,병동,15,14,6.9
2026-04-23 09:07:24,8,831,병동,14,15,5.9
2026-04-23 09:10:54,17,1735,수술실,3,9,8.2
2026-04-23 09:12:32,8,802,MRI,-3,14,11.5
2026-04-23 09:19:24,8,812,수술실,3,14,6.4
2026-04-23 09:23:30,17,1715,MRI,-3,9,13.8
2026-04-23 09:26:51,18,1801,병동,15,15,5.4
2026-04-23 09:28:58,10,1030,MRI,-3,13,12.6
2026-04-23 09:30:07,10,1022,CT,1,10,7.1
2026-04-23 09:30:17,13,1338,MRI,-3,14,9.9
2026-04-23 09:34:48,13,1322,CT,1,13,8.1
2026-04-23 09:35:53,13,1340,MRI,-3,15,10.5
2026-04-23 09:36:45,12,1239,CT,1,9,9.3
2026-04-23 09:46:58,9,938,MRI,-3,15,11.0
2026-04-23 09:50:42,10,1027,병동,11,11,4.7
2026-04-23 09:50:55,9,929,수술실,3,13,7.7
2026-04-23 09:51:51,5,514,MRI,-3,12,9.2
2026-04-23 09:54:49,8,829,CT,1,12,8.6
2026-04-23 09:56:05,15,1510,수술실,3,10,9.0
2026-04-23 10:12:24,8,830,병동,13,8,5.8
2026-04-23 10:14:10,11,1127,MRI,-3,8,10.7
2026-04-23 10:23:21,11,1124,병동,11,10,2.6
2026-04-23 10:29:09,7,715,수술실,3,6,6.4
2026-04-23 10:30:22,18,1827,MRI,-3,8,13.4
2026-04-23 10:35:08,10,1011,CT,1,8,5.8
2026-04-23 10:39:39,8,821,MRI,-3,9,8.3
2026-04-23 10:41:15,15,1540,수술실,3,6,9.4
2026-04-23 10:46:20,10,1004,병동,13,9,4.7
2026-04-23 10:47:57,16,1632,MRI,-3,12,12.3
2026-04-23 10:58:04,16,1608,MRI,-3,7,11.7
2026-04-23 10:59:46,18,1817,수술실,3,9,9.5
2026-04-23 11:02:03,8,832,병동,9,6,3.9
2026-04-23 11:03:46,14,1414,수술실,3,12,7.9
2026-04-23 11:06:19,17,1717,CT,1,9,10.5
2026-04-23 11:11:55,18,1807,MRI,-3,11,14.3
2026-04-23 11:20:02,17,1713,CT,1,10,10.4
2026-04-23 11:23:41,8,826,병동,6,11,4.8
2026-04-23 11:31:04,16,1626,수술실,3,12,9.8
2026-04-23 11:32:12,6,601,MRI,-3,6,8.0
2026-04-23 11:34:40,15,1528,CT,1,6,7.7
2026-04-23 11:45:32,11,1129,CT,1,12,9.0
2026-04-23 11:46:14,13,1331,MRI,-3,11,12.6
2026-04-23 11:56:15,12,1204,수술실,3,11,7.1
2026-04-23 12:35:57,15,1522,병동,17,7,3.3
2026-04-23 12:46:21,6,617,CT,1,5,4.9
2026-04-23 12:48:02,18,1801,수술실,3,7,8.3
2026-04-23 13:12:58,16,1619,수술실,3,6,10.1
2026-04-23 13:15:56,16,1603,CT,1,8,9.2
2026-04-23 13:27:23,17,1702,CT,1,7,10.2
2026-04-23 13:30:54,16,1635,병동,9,8,4.7
2026-04-23 13:51:00,13,1339,수술실,3,5,5.8
2026-04-23 14:08:53,14,1421,병동,17,8,3.8
2026-04-23 14:21:08,10,1029,CT,1,10,7.8
2026-04-23 14:21:36,18,1803,병동,12,8,5.8
2026-04-23 14:31:48,11,1135,병동,13,7,4.1
2026-04-23 14:34:48,11,1106,병동,7,8,5.2
2026-04-23 14:35:32,18,1815,CT,1,9,8.3
2026-04-23 14:46:27,7,726,CT,1,5,4.0
2026-04-23 14:54:31,10,1024,CT,1,10,5.7
2026-04-23 14:57:30,5,508,수술실,3,5,3.6
2026-04-23 14:58:46,6,618,병동,12,7,5.2
2026-04-23 15:07:28,11,1126,MRI,-3,6,11.2
2026-04-23 15:12:56,14,1415,CT,1,3,7.6
2026-04-23 15:20:16,13,1326,병동,10,6,3.9
2026-04-23 15:23:40,6,620,수술실,3,8,5.7
2026-04-23 15:24:19,18,1838,CT,1,3,9.2
2026-04-23 15:34:57,15,1536,병동,10,3,3.2
2026-04-23 15:36:48,11,1105,CT,1,8,6.9
2026-04-23 15:38:35,8,833,병동,15,5,4.1
2026-04-23 15:45:46,12,1218,수술실,3,4,6.4
2026-04-23 15:49:23,5,530,수술실,3,7,5.6
2026-04-23 15:52:21,6,628,MRI,-3,4,7.9
2026-04-23 16:13:03,9,914,MRI,-3,8,9.4
2026-04-23 16:21:20,18,1814,수술실,3,6,11.4
2026-04-23 16:29:16,15,1510,병동,10,3,3.7
2026-04-23 16:31:41,18,1819,MRI,-3,3,11.2
2026-04-23 16:32:32,6,640,수술실,3,6,4.6
2026-04-23 16:34:16,9,918,수술실,3,5,5.0
2026-04-23 16:58:31,17,1728,수술실,3,7,9.7
2026-04-23 17:00:56,18,1838,수술실,3,4,7.5
2026-04-23 17:27:30,13,1339,수술실,3,0,7.5
2026-04-23 18:09:50,8,836,MRI,-3,0,9.2
2026-04-23 20:02:28,11,1128,수술실,3,2,5.6
2026-04-23 20:38:56,14,1410,CT,1,2,7.1
2026-04-23 20:50:13,8,822,병동,7,0,2.4
2026-04-23 21:35:59,12,1225,CT,1,3,6.8
2026-04-24 06:00:43,17,1729,MRI,-3,4,9.8
2026-04-24 06:13:56,11,1114,MRI,-3,1,7.9
2026-04-24 06:15:47,13,1340,병동,14,3,2.4
2026-04-24 06:45:03,18,1833,수술실,3,4,7.8
2026-04-24 06:48:57,14,1438,병동,12,0,2.7
2026-04-24 06:49:20,10,1007,MRI,-3,4,7.5
2026-04-24 07:04:10,8,836,병동,13,2,4.3
2026-04-24 07:06:01,5,506,CT,1,1,4.6
2026-04-24 07:22:39,11,1128,병동,10,2,2.6
2026-04-24 07:24:57,13,1314,수술실,3,2,6.5
2026-04-24 07:39:00,17,1709,병동,18,1,2.6
2026-04-24 07:41:17,9,929,MRI,-3,1,7.7
2026-04-24 08:01:41,13,1333,수술실,3,11,9.1
2026-04-24 08:05:05,13,1317,MRI,-3,11,13.7
2026-04-24 08:06:13,8,809,수술실,3,15,6.3
2026-04-24 08:10:02,8,823,MRI,-3,11,9.6
2026-04-24 08:11:36,7,735,수술실,3,11,6.4
2026-04-24 08:12:15,9,930,MRI,-3,14,10.8
2026-04-24 08:19:51,11,1110,수술실,3,14,9.3
2026-04-24 08:24:03,16,1637,MRI,-3,11,10.5
2026-04-24 08:28:18,6,607,MRI,-3,15,8.7
2026-04-24 08:34:53,13,1313,병동,18,15,4.9
2026-04-24 08:40:29,12,1203,병동,10,11,5.4
2026-04-24 08:42:50,17,1726,MRI,-3,14,11.4
2026-04-24 08:43:36,6,616,MRI,-3,10,7.6
2026-04-24 08:46:36,16,1629,MRI,-3,12,14.1
2026-04-24 08:48:10,18,1825,CT,1,9,10.2
2026-04-24 08:54:25,16,1634,수술실,3,8,7.6
2026-04-24 08:58:07,16,1606,CT,1,9,10.4
2026-04-24 09:00:31,10,1019,MRI,-3,9,11.5
2026-04-24 09:01:40,15,1510,병동,16,14,5.0
2026-04-24 09:01:43,9,931,병동,9,13,3.6
2026-04-24 09:03:31,5,509,수술실,3,11,6.0
2026-04-24 09:04:06,17,1722,MRI,-3,10,10.4
2026-04-24 09:13:07,13,1331,수술실,3,8,6.7
2026-04-24 09:14:14,14,1433,CT,1,10,8.3
2026-04-24 09:16:36,11,1136,수술실,3,14,7.9
2026-04-24 09:17:16,6,601,MRI,-3,12,10.1
2026-04-24 09:18:13,7,707,병동,5,11,4.3
2026-04-24 09:18:57,16,1631,MRI,-3,9,13.0
2026-04-24 09:19:30,6,630,수술실,3,14,6.5
2026-04-24 09:23:04,9,917,수술실,3,9,7.6
2026-04-24 09:25:21,6,607,수술실,3,15,6.9
2026-04-24 09:25:47,14,1437,CT,1,13,10.5
2026-04-24 09:25:58,18,1840,병동,6,13,10.5
2026-04-24 09:35:34,10,1039,MRI,-3,10,9.5
2026-04-24 09:40:42,11,1103,MRI,-3,8,11.9
2026-04-24 09:48:09,17,1730,MRI,-3,9,13.0
2026-04-24 09:48:50,16,1627,병동,17,12,4.2
2026-04-24 09:51:54,5,511,CT,1,12,7.1
2026-04-24 09:55:47,8,805,수술실,3,8,7.2
2026-04-24 10:06:01,11,1112,CT,1,9,6.8
2026-04-24 10:06:42,14,1430,CT,1,12,9.9
2026-04-24 10:06:55,14,1438,CT,1,11,11.4
2026-04-24 10:10:49,9,911,병동,15,12,5.6
2026-04-24 10:13:42,16,1633,병동,8,6,7.0
2026-04-24 10:13:56,16,1611,수술실,3,6,7.9
2026-04-24 10:16:37,18,1808,병동,10,7,7.3
2026-04-24 10:17:56,8,831,병동,11,8,3.5
2026-04-24 10:23:54,11,1131,CT,1,11,9.4
2026-04-24 10:32:24,6,634,병동,11,7,5.6
2026-04-24 10:32:33,18,1812,수술실,3,9,10.3
2026-04-24 10:53:56,9,908,수술실,3,6,5.3
2026-04-24 10:56:21,10,1035,수술실,3,10,6.3
2026-04-24 10:58:22,18,1819,CT,1,11,9.1
2026-04-24 11:04:05,8,810,MRI,-3,11,9.1
2026-04-24 11:21:06,18,1823,CT,1,9,12.1
2026-04-24 11:24:09,18,1811,병동,16,7,4.1
2026-04-24 11:29:06,15,1525,CT,1,12,10.3
2026-04-24 11:39:13,7,701,CT,1,7,5.7
2026-04-24 11:43:18,11,1111,CT,1,6,6.7
2026-04-24 11:52:41,13,1321,CT,1,7,9.5
2026-04-24 12:00:09,11,1109,병동,6,4,3.8
2026-04-24 12:12:17,6,606,병동,5,4,2.5
2026-04-24 12:13:30,13,1327,수술실,3,5,5.8
2026-04-24 12:46:24,10,1023,병동,12,6,3.5
2026-04-24 12:48:31,5,537,병동,16,4,5.6
2026-04-24 12:51:10,15,1508,MRI,-3,5,9.0
2026-04-24 13:09:24,9,930,CT,1,9,5.6
2026-04-24 13:09:46,9,918,CT,1,9,7.1
2026-04-24 13:13:06,7,716,CT,1,6,4.9
2026-04-24 13:16:13,13,1324,CT,1,6,8.7
2026-04-24 13:18:47,18,1840,병동,16,7,3.4
2026-04-24 13:22:27,14,1416,CT,1,5,6.7
2026-04-24 13:29:33,16,1631,CT,1,10,8.9
2026-04-24 13:49:26,8,823,MRI,-3,8,9.1
2026-04-24 13:49:45,12,1217,MRI,-3,8,9.6
2026-04-24 13:50:03,18,1809,CT,1,8,12.1
2026-04-24 14:04:07,14,1440,병동,13,8,2.8
2026-04-24 14:07:38,6,604,CT,1,9,5.6
2026-04-24 14:14:37,6,609,병동,8,6,3.5
2026-04-24 14:19:29,6,605,수술실,3,10,5.1
2026-04-24 14:22:02,8,823,CT,1,9,5.1
2026-04-24 14:47:09,10,1001,병동,11,7,3.9
2026-04-24 15:10:29,7,739,CT,1,4,5.3
2026-04-24 15:23:05,18,1818,병동,6,5,8.0
2026-04-24 15:41:23,7,719,병동,6,8,3.3
2026-04-24 15:52:33,6,629,병동,8,4,3.1
2026-04-24 16:37:43,5,513,CT,1,3,4.8
2026-04-24 16:38:42,11,1105,CT,1,5,7.4
2026-04-24 16:52:38,8,819,수술실,3,3,5.1
2026-04-24 17:03:56,17,1718,MRI,-3,2,11.7
2026-04-24 17:41:50,18,1826,CT,1,3,9.0
2026-04-24 17:45:50,17,1720,MRI,-3,3,9.8
2026-04-24 18:27:25,15,1510,병동,9,0,5.2
2026-04-24 19:20:09,13,1304,수술실,3,2,6.0
2026-04-24 19:52:42,14,1414,CT,1,2,6.6
2026-04-24 21:35:29,12,1229,병동,15,4,3.3
2026-04-24 21:40:04,10,1030,MRI,-3,0,10.0
2026-04-25 06:44:18,6,627,수술실,3,1,4.1
2026-04-25 07:11:48,16,1629,MRI,-3,1,10.5
2026-04-25 07:16:56,14,1409,CT,1,2,6.6
2026-04-25 07:41:34,8,828,CT,1,4,5.3
2026-04-25 07:42:18,6,620,CT,1,3,4.3
2026-04-25 07:51:30,6,611,CT,1,2,4.3
2026-04-25 07:54:12,12,1237,수술실,3,1,7.1
2026-04-25 08:04:07,9,933,MRI,-3,13,8.6
2026-04-25 08:12:54,11,1134,MRI,-3,12,13.3
2026-04-25 08:19:48,18,1829,수술실,3,10,9.7
2026-04-25 08:41:25,6,623,병동,17,10,7.8
2026-04-25 08:42:10,14,1429,병동,5,12,6.6
2026-04-25 08:42:53,15,1539,병동,5,8,7.0
2026-04-25 08:53:09,15,1526,CT,1,10,8.5
2026-04-25 08:57:40,14,1435,병동,18,13,4.9
2026-04-25 09:02:19,13,1339,MRI,-3,8,11.0
2026-04-25 09:08:17,15,1506,병동,9,15,7.0
2026-04-25 09:19:14,6,614,MRI,-3,12,10.5
2026-04-25 09:20:46,16,1613,CT,1,9,9.6
2026-04-25 09:22:15,18,1813,CT,1,10,9.2
2026-04-25 09:22:39,14,1419,CT,1,12,8.5
2026-04-25 09:32:01,7,704,수술실,3,8,5.6
2026-04-25 09:32:42,18,1837,수술실,3,15,8.9
2026-04-25 09:35:25,16,1631,CT,1,13,9.6
2026-04-25 09:36:32,7,710,수술실,3,9,4.8
2026-04-25 09:40:07,13,1336,병동,8,14,5.9
2026-04-25 09:43:52,12,1235,수술실,3,15,8.0
2026-04-25 09:55:57,17,1719,수술실,3,10,8.6
2026-04-25 09:56:58,11,1138,CT,1,8,6.1
2026-04-25 09:59:12,18,1810,병동,14,14,6.4
2026-04-25 10:02:08,18,1824,수술실,3,6,8.4
2026-04-25 10:05:58,16,1605,CT,1,7,8.7
2026-04-25 10:06:44,10,1036,병동,8,8,3.5
2026-04-25 10:07:39,5,517,MRI,-3,10,9.2
2026-04-25 10:14:41,18,1838,수술실,3,7,10.3
2026-04-25 10:17:47,9,909,CT,1,9,7.1
2026-04-25 10:18:56,6,617,MRI,-3,12,10.1
2026-04-25 10:20:34,9,908,병동,10,10,3.8
2026-04-25 10:22:17,18,1836,MRI,-3,9,13.5
2026-04-25 10:32:41,16,1601,수술실,3,11,11.9
2026-04-25 10:35:12,11,1133,병동,12,10,3.0
2026-04-25 10:38:31,11,1124,수술실,3,6,6.5
2026-04-25 10:39:00,13,1322,CT,1,7,6.8
2026-04-25 10:40:17,17,1710,MRI,-3,12,12.7
2026-04-25 10:41:37,5,518,CT,1,12,6.6
2026-04-25 10:46:17,18,1828,CT,1,12,10.8
2026-04-25 10:47:29,9,934,병동,14,6,5.8
2026-04-25 10:57:46,18,1823,수술실,3,7,9.6
2026-04-25 11:04:47,17,1710,병동,7,12,7.6
2026-04-25 11:09:08,7,738,CT,1,11,6.0
2026-04-25 11:11:41,12,1230,CT,1,12,8.9
2026-04-25 11:17:04,14,1425,수술실,3,11,9.1
2026-04-25 11:18:21,10,1040,MRI,-3,7,7.8
2026-04-25 11:27:09,14,1419,수술실,3,11,8.5
2026-04-25 11:42:43,6,603,MRI,-3,10,7.0
2026-04-25 12:01:06,15,1525,수술실,3,5,7.1
2026-04-25 12:24:48,13,1324,수술실,3,4,7.0
2026-04-25 12:27:18,14,1425,CT,1,4,7.6
2026-04-25 12:43:42,8,830,CT,1,6,5.7
2026-04-25 12:46:58,6,605,수술실,3,3,4.3
2026-04-25 12:55:14,15,1519,CT,1,6,8.7
2026-04-25 13:10:15,10,1031,수술실,3,6,5.9
2026-04-25 13:10:16,8,839,MRI,-3,6,9.3
2026-04-25 13:11:45,15,1535,병동,16,7,3.5
2026-04-25 13:21:12,14,1403,병동,8,7,4.9
2026-04-25 13:35:37,13,1328,수술실,3,5,7.0
2026-04-25 13:38:35,7,712,MRI,-3,8,10.0
2026-04-25 13:44:56,10,1012,병동,5,7,5.9
2026-04-25 13:49:50,7,738,CT,1,7,7.0
2026-04-25 14:08:30,14,1430,수술실,3,8,9.0
2026-04-25 14:08:48,12,1213,CT,1,8,7.3
2026-04-25 14:22:21,8,806,CT,1,7,7.0
2026-04-25 14:23:49,5,530,MRI,-3,10,8.9
2026-04-25 14:36:19,9,923,병동,10,7,2.8
2026-04-25 14:40:38,8,832,수술실,3,8,5.9
2026-04-25 14:52:49,13,1302,수술실,3,7,6.7
2026-04-25 14:56:33,16,1613,수술실,3,5,9.7
2026-04-25 14:57:18,17,1702,수술실,3,9,10.3
2026-04-25 14:58:39,14,1429,병동,11,9,3.5
2026-04-25 15:08:17,12,1205,CT,1,7,8.1
2026-04-25 15:09:50,14,1434,CT,1,6,8.1
2026-04-25 15:24:09,14,1422,수술실,3,3,7.8
2026-04-25 15:25:34,6,625,병동,9,4,3.5
2026-04-25 15:38:54,15,1506,MRI,-3,5,8.7
2026-04-25 15:40:41,15,1540,수술실,3,3,6.4
2026-04-25 15:46:01,16,1610,수술실,3,7,7.7
2026-04-25 15:57:58,11,1128,MRI,-3,6,10.2
2026-04-25 15:59:19,15,1522,MRI,-3,5,8.7
2026-04-25 16:02:35,9,939,MRI,-3,4,9.7
2026-04-25 16:03:07,5,504,CT,1,6,5.0
2026-04-25 16:19:16,7,711,수술실,3,6,5.6
2026-04-25 16:25:27,8,821,수술실,3,4,6.0
2026-04-25 16:28:53,15,1513,병동,9,5,5.0
2026-04-25 16:32:03,12,1212,병동,18,6,6.5
2026-04-25 16:34:31,14,1425,병동,11,3,3.4
2026-04-25 16:42:37,13,1325,수술실,3,6,7.9
2026-04-25 16:53:08,12,1209,수술실,3,6,8.2
2026-04-25 17:00:36,18,1829,MRI,-3,4,13.9
2026-04-25 17:28:31,16,1617,수술실,3,3,9.6
2026-04-25 18:49:50,7,738,CT,1,2,5.8
2026-04-25 20:48:28,5,523,MRI,-3,1,7.7
2026-04-25 20:57:28,14,1416,MRI,-3,4,11.7
2026-04-25 21:20:45,9,940,수술실,3,3,6.3
2026-04-25 21:20:49,5,522,MRI,-3,4,7.2
2026-04-26 06:08:16,11,1125,CT,1,2,7.5
2026-04-26 06:35:54,9,917,MRI,-3,0,8.8
2026-04-26 06:38:43,18,1824,MRI,-3,4,13.5
2026-04-26 06:58:48,15,1533,CT,1,3,7.6
2026-04-26 07:05:07,12,1229,수술실,3,4,6.9
2026-04-26 07:30:01,18,1821,MRI,-3,4,11.8
2026-04-26 07:37:59,13,1337,수술실,3,4,7.0
2026-04-26 07:43:40,5,529,병동,5,3,1.7
2026-04-26 07:48:28,8,805,수술실,3,2,4.5
2026-04-26 07:56:28,5,522,수술실,3,0,3.6
2026-04-26 08:00:46,6,614,MRI,-3,15,8.3
2026-04-26 08:00:53,11,1105,CT,1,10,8.4
2026-04-26 08:01:36,16,1604,수술실,3,13,11.2
2026-04-26 08:02:34,6,602,MRI,-3,13,10.5
2026-04-26 08:07:34,15,1523,수술실,3,12,8.5
2026-04-26 08:11:16,6,633,수술실,3,9,5.0
2026-04-26 08:17:36,9,919,CT,1,15,6.6
2026-04-26 08:22:17,9,936,병동,5,12,6.3
2026-04-26 08:22:59,10,1026,CT,1,11,7.3
2026-04-26 08:25:03,12,1227,수술실,3,10,8.7
2026-04-26 08:28:46,7,720,병동,8,12,5.1
2026-04-26 08:29:57,8,831,병동,14,14,6.8
2026-04-26 08:32:36,10,1018,병동,7,15,4.7
2026-04-26 08:32:48,15,1510,병동,7,8,7.3
2026-04-26 08:33:29,6,626,MRI,-3,10,8.6
2026-04-26 08:37:39,6,604,병동,14,8,7.0
2026-04-26 08:38:38,17,1724,병동,14,10,4.8
2026-04-26 08:39:01,8,806,CT,1,11,8.7
2026-04-26 08:44:21,16,1624,병동,15,8,3.0
2026-04-26 08:46:28,13,1329,병동,6,8,5.1
2026-04-26 08:46:50,8,801,MRI,-3,14,9.8
2026-04-26 08:48:11,13,1334,MRI,-3,9,10.0
2026-04-26 08:49:35,12,1217,병동,13,12,4.2
2026-04-26 08:49:43,6,607,수술실,3,14,6.2
2026-04-26 08:57:50,6,628,병동,8,12,5.8
2026-04-26 09:00:01,10,1016,MRI,-3,15,11.1
2026-04-26 09:04:36,11,1140,수술실,3,15,6.6
2026-04-26 09:04:59,13,1319,MRI,-3,10,9.9
2026-04-26 09:06:01,9,911,수술실,3,11,6.2
2026-04-26 09:12:01,15,1525,수술실,3,14,8.7
2026-04-26 09:14:55,5,524,CT,1,14,6.7
2026-04-26 09:15:45,6,604,CT,1,12,5.3
2026-04-26 09:16:13,9,902,병동,10,8,3.7
2026-04-26 09:17:08,13,1340,MRI,-3,14,11.5
2026-04-26 09:20:23,13,1324,수술실,3,11,8.0
2026-04-26 09:21:04,18,1813,MRI,-3,13,11.5
2026-04-26 09:27:23,18,1804,MRI,-3,14,14.8
2026-04-26 09:29:55,17,1704,병동,15,15,4.0
2026-04-26 09:31:36,18,1807,CT,1,11,10.6
2026-04-26 09:33:20,13,1333,CT,1,13,9.8
2026-04-26 09:35:23,12,1232,MRI,-3,10,8.7
2026-04-26 09:38:21,6,635,수술실,3,12,6.9
2026-04-26 09:46:55,7,727,수술실,3,12,6.5
2026-04-26 09:52:19,15,1503,수술실,3,10,9.4
2026-04-26 09:53:26,13,1321,수술실,3,11,9.2
2026-04-26 09:56:20,14,1439,병동,13,15,5.1
2026-04-26 09:58:19,7,726,수술실,3,8,6.7
2026-04-26 10:04:42,10,1029,병동,7,9,4.0
2026-04-26 10:08:26,5,510,MRI,-3,12,9.1
2026-04-26 10:26:37,15,1508,MRI,-3,8,13.6
2026-04-26 10:30:10,9,909,병동,6,8,4.7
2026-04-26 10:54:57,6,636,병동,16,8,7.7
2026-04-26 10:56:38,8,820,병동,12,8,4.3
2026-04-26 11:02:32,8,814,수술실,3,8,7.1
2026-04-26 11:04:54,12,1224,수술실,3,7,7.8
2026-04-26 11:06:17,11,1109,수술실,3,8,7.6
2026-04-26 11:10:29,9,910,MRI,-3,12,10.0
2026-04-26 11:13:01,5,524,병동,7,8,3.6
2026-04-26 11:16:36,6,613,수술실,3,7,5.7
2026-04-26 11:24:22,5,526,수술실,3,7,4.8
2026-04-26 11:28:50,5,528,MRI,-3,9,8.0
2026-04-26 11:31:00,15,1507,병동,7,7,6.3
2026-04-26 11:32:33,8,816,MRI,-3,8,10.5
2026-04-26 11:35:51,15,1533,CT,1,12,10.7
2026-04-26 11:36:06,13,1322,CT,1,8,8.9
2026-04-26 11:40:09,12,1209,MRI,-3,12,12.0
2026-04-26 11:52:40,14,1432,MRI,-3,12,11.2
2026-04-26 11:59:55,5,519,수술실,3,9,5.3
2026-04-26 12:19:07,8,806,CT,1,3,4.8
2026-04-26 12:30:38,12,1206,수술실,3,3,7.1
2026-04-26 12:31:49,18,1832,CT,1,5,8.0
2026-04-26 12:37:10,12,1213,MRI,-3,3,9.2
2026-04-26 12:45:37,5,532,수술실,3,3,3.5
2026-04-26 13:01:41,15,1540,CT,1,10,8.8
2026-04-26 13:04:33,17,1707,병동,5,7,7.8
2026-04-26 13:05:15,14,1422,MRI,-3,9,12.5
2026-04-26 13:07:04,16,1636,MRI,-3,10,11.1
2026-04-26 13:14:35,16,1603,수술실,3,7,10.9
2026-04-26 13:27:29,18,1817,MRI,-3,10,14.8
2026-04-26 13:29:59,14,1405,수술실,3,5,8.0
2026-04-26 13:32:40,11,1111,CT,1,10,8.1
2026-04-26 13:42:52,11,1125,MRI,-3,5,8.3
2026-04-26 13:54:28,8,813,CT,1,5,5.9
2026-04-26 14:17:03,6,625,병동,16,6,8.0
2026-04-26 14:26:15,7,732,CT,1,5,5.0
2026-04-26 14:42:34,14,1438,MRI,-3,10,9.2
2026-04-26 14:46:00,10,1004,병동,6,5,3.4
2026-04-26 14:48:45,6,602,MRI,-3,7,8.9
2026-04-26 15:05:36,11,1116,MRI,-3,7,8.6
2026-04-26 15:16:04,12,1212,MRI,-3,7,8.8
2026-04-26 15:31:28,12,1216,MRI,-3,8,9.9
2026-04-26 15:39:46,8,809,MRI,-3,6,8.8
2026-04-26 15:45:44,18,1827,병동,16,5,3.1
2026-04-26 15:47:50,10,1029,수술실,3,3,5.4
2026-04-26 15:48:09,8,830,병동,9,8,3.5
2026-04-26 16:03:31,15,1509,수술실,3,3,6.3
2026-04-26 16:03:59,5,505,MRI,-3,5,7.3
2026-04-26 16:05:56,11,1119,수술실,3,7,7.2
2026-04-26 16:09:09,17,1715,수술실,3,3,9.4
2026-04-26 16:13:57,15,1526,수술실,3,7,9.3
2026-04-26 16:27:27,8,820,병동,7,7,3.7
2026-04-26 16:43:00,5,523,MRI,-3,5,6.6
2026-04-26 16:45:04,17,1711,MRI,-3,4,11.2
2026-04-26 16:52:53,17,1711,수술실,3,3,7.4
2026-04-26 16:58:31,16,1627,병동,14,6,3.6
2026-04-26 17:04:09,18,1804,병동,11,4,4.3
2026-04-26 17:55:14,7,705,수술실,3,4,3.9
2026-04-26 18:10:02,15,1516,CT,1,2,8.1
2026-04-26 18:37:58,13,1307,병동,12,1,2.5
2026-04-26 18:55:30,9,910,CT,1,0,6.3
2026-04-26 19:06:48,15,1524,MRI,-3,4,12.7
2026-04-26 19:17:02,5,502,수술실,3,3,3.2
2026-04-26 19:18:42,13,1336,MRI,-3,3,8.8
2026-04-26 19:45:56,14,1413,MRI,-3,1,11.0
2026-04-26 20:36:31,9,908,수술실,3,1,5.7
2026-04-26 20:46:17,16,1635,병동,13,3,3.6
2026-04-26 21:56:24,17,1709,CT,1,2,7.2
2026-04-27 06:02:01,13,1330,CT,1,0,6.5
2026-04-27 06:02:08,6,633,MRI,-3,1,8.3
2026-04-27 06:03:18,15,1510,병동,7,0,5.5
2026-04-27 06:24:11,16,1608,병동,15,4,2.4
2026-04-27 06:24:40,6,609,CT,1,2,4.3
2026-04-27 06:26:56,18,1821,CT,1,3,11.0
2026-04-27 06:34:09,18,1837,병동,9,3,5.6
2026-04-27 06:38:49,7,730,CT,1,2,4.8
2026-04-27 06:42:50,7,720,MRI,-3,2,6.8
2026-04-27 06:45:09,8,814,병동,13,4,3.7
2026-04-27 06:50:37,7,735,병동,8,3,2.5
2026-04-27 07:09:31,9,916,수술실,3,1,5.1
2026-04-27 07:17:44,7,734,CT,1,1,4.4
2026-04-27 07:23:04,15,1520,병동,10,3,4.8
2026-04-27 07:31:52,5,537,병동,10,0,3.3
2026-04-27 07:34:04,17,1717,MRI,-3,2,13.4
2026-04-27 08:08:24,13,1317,수술실,3,10,8.2
2026-04-27 08:09:30,16,1603,병동,17,8,3.6
2026-04-27 08:09:35,13,1337,CT,1,8,7.0
2026-04-27 08:16:28,14,1440,MRI,-3,13,10.2
2026-04-27 08:16:44,13,1318,병동,9,14,6.4
2026-04-27 08:18:38,15,1532,CT,1,14,11.5
2026-04-27 08:21:53,9,924,병동,5,13,5.9
2026-04-27 08:22:21,14,1406,수술실,3,13,8.9
2026-04-27 08:31:15,13,1330,수술실,3,11,10.6
2026-04-27 08:31:42,13,1330,수술실,3,12,8.3
2026-04-27 08:33:13,10,1004,MRI,-3,10,10.6
2026-04-27 08:41:37,10,1012,수술실,3,13,8.3
2026-04-27 08:43:11,5,528,CT,1,11,5.4
2026-04-27 08:44:21,12,1222,CT,1,9,6.6
2026-04-27 08:49:09,6,606,수술실,3,13,5.0
2026-04-27 08:54:23,18,1839,MRI,-3,15,12.4
2026-04-27 08:57:53,16,1615,CT,1,8,11.0
2026-04-27 09:00:24,13,1333,병동,8,9,4.1
2026-04-27 09:00:24,17,1720,병동,18,14,4.2
2026-04-27 09:01:14,17,1705,CT,1,12,10.6
2026-04-27 09:11:35,5,513,수술실,3,13,5.2
2026-04-27 09:11:36,16,1617,CT,1,14,12.3
2026-04-27 09:13:43,18,1814,CT,1,11,10.3
2026-04-27 09:14:18,16,1604,수술실,3,10,7.5
2026-04-27 09:16:53,7,717,병동,7,8,3.6
2026-04-27 09:21:32,7,739,MRI,-3,12,8.5
2026-04-27 09:44:40,5,520,CT,1,13,5.8
2026-04-27 09:47:36,15,1535,CT,1,10,9.1
2026-04-27 09:49:57,16,1611,병동,15,12,4.0
2026-04-27 09:59:33,7,727,병동,11,15,6.5
2026-04-27 10:08:38,13,1302,병동,6,9,6.9
2026-04-27 10:09:07,9,912,병동,9,6,3.5
2026-04-27 10:09:28,6,617,CT,1,6,5.9
2026-04-27 10:10:32,17,1728,수술실,3,6,9.7
2026-04-27 10:16:42,11,1104,병동,18,7,5.9
2026-04-27 10:24:55,15,1511,CT,1,7,9.0
2026-04-27 10:25:41,14,1426,병동,16,12,3.9
2026-04-27 10:32:52,17,1730,MRI,-3,10,13.5
2026-04-27 10:33:08,12,1217,CT,1,6,7.6
2026-04-27 10:36:20,18,1811,병동,18,10,2.8
2026-04-27 10:44:16,16,1628,병동,13,10,3.4
2026-04-27 10:51:53,15,1524,병동,16,11,4.3
2026-04-27 10:57:26,13,1333,병동,14,8,3.6
2026-04-27 10:58:06,16,1619,병동,12,6,4.4
2026-04-27 11:00:06,18,1809,병동,12,8,5.1
2026-04-27 11:05:33,11,1106,CT,1,7,7.3
2026-04-27 11:07:59,6,608,MRI,-3,8,6.6
2026-04-27 11:10:25,9,916,병동,16,7,4.9
2026-04-27 11:17:02,15,1506,MRI,-3,7,10.9
2026-04-27 11:20:08,9,939,수술실,3,7,5.3
2026-04-27 11:41:16,17,1709,병동,5,7,7.5
2026-04-27 11:43:55,12,1220,병동,11,6,3.9
2026-04-27 11:47:51,6,617,수술실,3,7,4.6
2026-04-27 11:48:32,6,618,수술실,3,6,4.3
2026-04-27 11:55:17,11,1128,수술실,3,9,7.5
2026-04-27 12:15:58,13,1302,CT,1,3,8.3
2026-04-27 12:24:16,18,1812,CT,1,6,12.2
2026-04-27 12:44:24,16,1639,CT,1,6,11.0
2026-04-27 12:57:53,15,1514,병동,5,6,7.9
2026-04-27 13:02:51,17,1733,수술실,3,10,8.1
2026-04-27 13:12:33,13,1327,MRI,-3,5,10.1
2026-04-27 13:18:42,8,829,수술실,3,6,5.7
2026-04-27 14:07:11,5,519,수술실,3,8,4.9
2026-04-27 14:13:13,8,825,수술실,3,9,5.9
2026-04-27 14:15:48,14,1432,수술실,3,10,7.3
2026-04-27 14:18:06,6,603,수술실,3,8,5.8
2026-04-27 14:20:17,17,1729,병동,8,9,5.3
2026-04-27 14:26:42,5,507,병동,6,8,3.2
2026-04-27 14:27:43,13,1311,병동,16,7,4.4
2026-04-27 14:35:25,13,1309,수술실,3,10,6.5
2026-04-27 14:36:09,14,1428,수술실,3,8,7.8
2026-04-27 14:37:51,11,1109,CT,1,6,7.3
2026-04-27 14:46:08,8,802,수술실,3,7,7.1
2026-04-27 14:51:19,10,1033,병동,14,7,4.7
2026-04-27 14:55:56,5,531,MRI,-3,9,7.5
2026-04-27 15:01:20,16,1627,수술실,3,5,6.9
2026-04-27 15:01:29,17,1707,CT,1,6,10.2
2026-04-27 15:12:32,18,1823,CT,1,3,8.3
2026-04-27 15:34:18,8,827,CT,1,6,7.2
2026-04-27 15:34:50,17,1738,CT,1,3,8.7
2026-04-27 15:39:18,13,1324,병동,8,3,4.3
2026-04-27 15:52:04,14,1422,병동,7,3,4.4
2026-04-27 15:53:37,15,1508,CT,1,4,8.6
2026-04-27 16:02:46,12,1229,병동,16,6,4.7
2026-04-27 16:11:32,17,1703,병동,18,3,2.0
2026-04-27 16:38:47,6,615,수술실,3,4,4.9
2026-04-27 16:38:53,6,604,병동,15,8,6.9
2026-04-27 16:53:24,12,1237,CT,1,5,6.1
2026-04-27 16:57:50,7,731,병동,7,7,3.5
2026-04-27 17:08:58,10,1016,병동,9,4,2.4
2026-04-27 17:45:13,7,735,병동,9,3,2.6
2026-04-27 17:48:46,5,517,병동,15,3,6.0
2026-04-27 18:13:01,6,638,수술실,3,1,3.9
2026-04-27 18:38:20,8,818,MRI,-3,2,7.2
2026-04-27 18:52:02,15,1501,병동,10,0,4.1
2026-04-27 19:25:41,18,1815,수술실,3,4,10.3
2026-04-27 19:41:46,14,1436,CT,1,1,8.5
2026-04-27 19:53:13,8,827,수술실,3,1,5.1
2026-04-27 21:32:59,11,1117,MRI,-3,2,10.6
2026-04-28 06:04:41,5,525,병동,18,4,8.2
2026-04-28 06:19:52,12,1202,수술실,3,1,7.4
2026-04-28 06:33:29,16,1616,수술실,3,3,9.4
2026-04-28 06:36:02,12,1220,CT,1,4,8.0
2026-04-28 06:36:14,5,515,CT,1,0,3.3
2026-04-28 06:37:14,17,1736,CT,1,4,9.3
2026-04-28 06:45:58,18,1837,MRI,-3,1,10.7
2026-04-28 07:00:46,12,1238,MRI,-3,1,9.0
2026-04-28 07:10:58,9,931,MRI,-3,4,7.8
2026-04-28 07:16:33,10,1008,CT,1,1,5.2
2026-04-28 07:21:27,15,1531,MRI,-3,1,11.1
2026-04-28 07:22:36,18,1808,MRI,-3,3,9.6
2026-04-28 07:24:45,10,1033,병동,17,1,5.4
2026-04-28 07:57:26,11,1127,CT,1,1,6.3
2026-04-28 08:00:17,12,1205,병동,6,12,6.4
2026-04-28 08:08:45,14,1403,CT,1,11,11.5
2026-04-28 08:12:16,16,1624,CT,1,9,9.6
2026-04-28 08:13:00,11,1124,MRI,-3,11,12.1
2026-04-28 08:19:41,5,527,병동,12,8,6.8
2026-04-28 08:29:07,17,1734,수술실,3,14,12.3
2026-04-28 08:35:01,9,917,CT,1,12,9.2
2026-04-28 08:36:11,8,805,수술실,3,11,6.0
2026-04-28 08:38:03,5,516,병동,16,13,9.9
2026-04-28 08:41:53,8,806,병동,5,9,3.4
2026-04-28 08:42:52,5,506,수술실,3,15,5.6
2026-04-28 08:49:59,15,1522,병동,8,10,6.7
2026-04-28 08:51:21,17,1738,CT,1,9,11.6
2026-04-28 08:58:47,11,1122,병동,5,13,6.5
2026-04-28 08:59:24,12,1240,MRI,-3,13,11.2
2026-04-28 08:59:37,11,1122,수술실,3,8,6.9
2026-04-28 09:03:02,18,1822,병동,5,15,7.4
2026-04-28 09:03:40,7,720,병동,11,15,4.9
2026-04-28 09:06:53,6,611,수술실,3,14,5.4
2026-04-28 09:08:09,5,510,병동,9,8,5.0
2026-04-28 09:12:04,10,1011,MRI,-3,11,9.9
2026-04-28 09:13:26,12,1206,MRI,-3,13,13.5
2026-04-28 09:17:06,17,1738,수술실,3,10,10.3
2026-04-28 09:18:50,14,1432,병동,7,12,6.2
2026-04-28 09:19:37,15,1532,수술실,3,15,8.8
2026-04-28 09:28:59,6,620,수술실,3,9,5.4
2026-04-28 09:31:25,10,1038,CT,1,10,6.8
2026-04-28 09:32:01,8,831,CT,1,9,5.1
2026-04-28 09:44:04,7,733,CT,1,12,8.3
2026-04-28 09:54:47,12,1222,CT,1,12,8.4
2026-04-28 10:00:57,13,1320,MRI,-3,7,10.4
2026-04-28 10:13:28,12,1224,수술실,3,8,7.4
2026-04-28 10:14:43,7,702,병동,15,6,6.7
2026-04-28 10:22:43,18,1830,CT,1,12,11.1
2026-04-28 10:25:49,18,1818,병동,9,8,5.6
2026-04-28 10:31:44,7,724,CT,1,9,5.9
2026-04-28 10:40:00,17,1721,MRI,-3,8,12.6
2026-04-28 10:40:45,7,710,MRI,-3,10,7.1
2026-04-28 10:48:42,9,936,CT,1,6,6.4
2026-04-28 10:50:41,14,1430,CT,1,10,8.6
2026-04-28 10:53:37,17,1730,수술실,3,8,7.9
2026-04-28 10:59:21,12,1205,MRI,-3,8,8.9
2026-04-28 11:04:43,16,1612,병동,7,12,7.4
2026-04-28 11:06:46,13,1307,수술실,3,11,9.8
2026-04-28 11:08:59,7,728,수술실,3,11,5.7
2026-04-28 11:12:21,11,1109,수술실,3,8,6.7
2026-04-28 11:22:52,12,1206,CT,1,8,7.0
2026-04-28 11:34:10,15,1519,수술실,3,12,9.5
2026-04-28 11:39:21,11,1102,MRI,-3,11,11.8
2026-04-28 11:41:16,13,1308,병동,15,7,4.5
2026-04-28 11:43:09,18,1816,CT,1,12,13.0
2026-04-28 11:46:19,10,1006,MRI,-3,10,11.2
2026-04-28 11:48:40,7,734,CT,1,9,5.3
2026-04-28 11:48:56,11,1140,CT,1,7,8.6
2026-04-28 11:51:53,7,721,CT,1,9,5.1
2026-04-28 11:56:08,18,1809,CT,1,10,11.5
2026-04-28 11:57:21,13,1329,수술실,3,10,7.4
2026-04-28 12:04:58,6,639,MRI,-3,4,5.9
2026-04-28 12:05:52,15,1522,병동,10,7,4.7
2026-04-28 12:09:11,17,1739,MRI,-3,5,10.7
2026-04-28 12:11:10,12,1213,병동,10,5,2.5
2026-04-28 12:13:13,11,1128,병동,18,7,6.1
2026-04-28 12:17:14,10,1012,수술실,3,5,5.0
2026-04-28 12:24:23,18,1833,수술실,3,5,10.7
2026-04-28 12:38:43,6,624,CT,1,6,5.7
2026-04-28 12:43:20,7,739,CT,1,5,5.8
2026-04-28 12:49:52,7,704,MRI,-3,5,7.2
2026-04-28 12:56:47,7,721,MRI,-3,6,9.8
2026-04-28 12:56:58,15,1516,수술실,3,6,7.9
2026-04-28 13:04:51,17,1721,수술실,3,8,8.3
2026-04-28 13:09:39,5,527,병동,11,8,4.8
2026-04-28 13:15:19,16,1606,수술실,3,5,7.1
2026-04-28 13:27:31,18,1838,병동,16,7,3.4
2026-04-28 13:32:32,11,1114,CT,1,7,8.2
2026-04-28 13:45:42,6,608,MRI,-3,7,8.7
2026-04-28 14:05:57,14,1421,CT,1,10,8.4
2026-04-28 14:06:26,12,1205,수술실,3,6,7.9
2026-04-28 14:21:03,5,512,MRI,-3,7,6.8
2026-04-28 14:24:03,14,1411,MRI,-3,5,10.3
2026-04-28 14:26:23,13,1322,수술실,3,6,8.8
2026-04-28 14:29:10,16,1630,수술실,3,5,7.1
2026-04-28 14:39:52,6,631,병동,15,6,7.1
2026-04-28 14:44:28,12,1213,MRI,-3,9,9.4
2026-04-28 15:03:24,18,1817,수술실,3,8,8.1
2026-04-28 15:06:40,15,1521,수술실,3,3,7.2
2026-04-28 15:11:02,12,1225,수술실,3,3,6.4
2026-04-28 15:22:13,7,719,MRI,-3,8,10.1
2026-04-28 15:27:43,13,1317,MRI,-3,6,11.5
2026-04-28 15:40:59,12,1204,CT,1,4,6.8
2026-04-28 15:52:00,13,1330,CT,1,6,8.5
2026-04-28 16:01:10,18,1827,수술실,3,6,9.4
2026-04-28 16:12:15,10,1002,병동,14,3,3.6
2026-04-28 16:39:24,13,1306,병동,15,7,4.3
2026-04-28 16:43:07,11,1118,수술실,3,3,6.3
2026-04-28 17:32:18,5,529,MRI,-3,2,7.7
2026-04-28 18:49:45,8,821,MRI,-3,4,6.9
2026-04-28 19:20:41,9,921,CT,1,1,6.1
2026-04-28 19:38:59,13,1336,수술실,3,0,6.9
2026-04-28 20:42:36,14,1403,CT,1,3,7.9
2026-04-28 21:55:41,8,814,MRI,-3,0,7.5
2026-04-29 06:00:54,14,1425,MRI,-3,4,10.0
2026-04-29 06:34:09,17,1732,MRI,-3,2,13.6
2026-04-29 06:35:43,6,609,수술실,3,2,3.7
2026-04-29 06:42:32,15,1515,수술실,3,0,8.7
2026-04-29 06:44:58,11,1102,수술실,3,1,5.6
2026-04-29 06:53:34,9,912,CT,1,3,6.7
2026-04-29 06:56:32,15,1532,CT,1,2,7.5
2026-04-29 07:00:47,9,915,MRI,-3,2,9.2
2026-04-29 07:32:28,9,905,CT,1,0,5.1
2026-04-29 07:41:54,18,1831,수술실,3,1,10.2
2026-04-29 07:52:36,16,1614,MRI,-3,3,13.2
2026-04-29 08:02:33,12,1239,병동,18,8,5.0
2026-04-29 08:05:08,15,1513,병동,6,11,6.5
2026-04-29 08:08:44,17,1713,MRI,-3,14,15.8
2026-04-29 08:09:06,17,1704,CT,1,15,10.5
2026-04-29 08:11:19,16,1623,MRI,-3,11,10.7
2026-04-29 08:26:20,13,1309,CT,1,11,10.4
2026-04-29 08:33:47,18,1824,수술실,3,13,11.3
2026-04-29 08:33:57,18,1815,MRI,-3,12,11.7
2026-04-29 08:33:59,14,1431,수술실,3,15,8.8
2026-04-29 08:34:42,5,502,수술실,3,9,4.7
2026-04-29 08:34:59,16,1623,수술실,3,12,12.0
2026-04-29 08:35:31,16,1633,MRI,-3,8,13.7
2026-04-29 08:39:07,11,1136,CT,1,8,6.2
2026-04-29 08:39:13,10,1011,수술실,3,9,6.0
2026-04-29 08:40:47,5,531,병동,15,8,7.5
2026-04-29 08:44:11,7,722,CT,1,11,8.0
2026-04-29 08:45:25,16,1630,CT,1,10,11.0
2026-04-29 08:46:33,10,1038,병동,13,9,4.6
2026-04-29 08:51:48,11,1118,CT,1,15,9.4
2026-04-29 08:51:56,16,1603,수술실,3,8,8.0
2026-04-29 08:55:48,9,904,수술실,3,8,5.4
2026-04-29 09:01:23,8,819,수술실,3,12,8.3
2026-04-29 09:07:22,5,527,수술실,3,9,4.2
2026-04-29 09:08:52,14,1423,수술실,3,9,10.0
2026-04-29 09:09:13,8,837,수술실,3,15,6.4
2026-04-29 09:13:04,17,1707,CT,1,8,9.0
2026-04-29 09:14:24,9,902,수술실,3,10,6.4
2026-04-29 09:14:25,15,1520,CT,1,14,9.7
2026-04-29 09:15:01,17,1723,수술실,3,12,12.5
2026-04-29 09:18:03,12,1218,CT,1,9,8.9
2026-04-29 09:24:16,7,705,CT,1,9,5.5
2026-04-29 09:24:56,8,840,병동,14,15,7.6
2026-04-29 09:25:33,6,636,수술실,3,14,5.5
2026-04-29 09:27:54,15,1533,병동,9,14,5.2
2026-04-29 09:31:52,7,703,수술실,3,13,5.8
2026-04-29 09:33:14,14,1433,CT,1,14,8.8
2026-04-29 09:33:30,11,1107,CT,1,10,7.0
2026-04-29 09:40:53,18,1826,병동,18,10,3.2
2026-04-29 09:48:23,6,613,수술실,3,13,5.0
2026-04-29 09:48:50,15,1528,수술실,3,14,9.2
2026-04-29 09:49:51,7,702,MRI,-3,14,7.7
2026-04-29 09:50:27,7,734,수술실,3,13,7.0
2026-04-29 09:52:15,7,727,수술실,3,9,6.0
2026-04-29 09:52:39,15,1518,병동,15,14,4.4
2026-04-29 09:53:59,13,1335,병동,6,9,5.3
2026-04-29 09:56:53,11,1128,CT,1,14,7.8
2026-04-29 10:06:19,16,1623,병동,12,10,5.3
2026-04-29 10:07:15,10,1010,병동,6,11,4.9
2026-04-29 10:16:43,9,924,MRI,-3,7,9.1
2026-04-29 10:18:21,18,1814,MRI,-3,8,12.2
2026-04-29 10:24:50,17,1740,CT,1,11,11.0
2026-04-29 10:30:06,10,1010,MRI,-3,11,10.7
2026-04-29 10:50:16,9,935,병동,12,8,4.4
2026-04-29 10:50:58,11,1111,병동,8,11,6.2
2026-04-29 10:54:54,7,720,CT,1,11,7.2
2026-04-29 11:03:57,6,629,CT,1,8,6.3
2026-04-29 11:13:23,9,905,병동,5,6,3.8
2026-04-29 11:26:20,9,905,수술실,3,7,5.6
2026-04-29 11:27:00,12,1231,CT,1,10,8.7
2026-04-29 11:36:17,9,912,수술실,3,12,6.0
2026-04-29 11:42:55,6,639,MRI,-3,10,7.9
2026-04-29 11:44:12,9,913,CT,1,11,8.1
2026-04-29 11:51:31,14,1413,수술실,3,6,7.7
2026-04-29 12:05:39,10,1014,MRI,-3,7,10.8
2026-04-29 12:19:19,5,535,병동,7,3,2.4
2026-04-29 12:25:29,16,1604,병동,15,7,3.6
2026-04-29 12:33:06,18,1805,MRI,-3,6,15.3
2026-04-29 12:36:50,14,1408,병동,10,7,5.1
2026-04-29 12:39:58,5,525,수술실,3,7,5.1
2026-04-29 12:52:11,9,938,병동,9,6,2.9
2026-04-29 12:54:57,17,1725,병동,15,3,2.7
2026-04-29 12:55:09,12,1209,CT,1,6,8.3
2026-04-29 12:59:04,5,518,MRI,-3,7,6.4
2026-04-29 13:00:34,6,605,MRI,-3,9,9.2
2026-04-29 13:02:21,18,1829,병동,6,7,7.3
2026-04-29 13:06:33,9,929,MRI,-3,7,10.6
2026-04-29 13:09:22,12,1234,수술실,3,7,6.1
2026-04-29 13:21:12,18,1833,CT,1,5,8.9
2026-04-29 13:30:58,6,610,수술실,3,7,5.1
2026-04-29 13:40:22,17,1701,수술실,3,8,10.3
2026-04-29 13:41:37,7,738,수술실,3,8,5.4
2026-04-29 13:49:53,13,1304,수술실,3,7,8.9
2026-04-29 14:08:35,6,621,수술실,3,8,5.9
2026-04-29 14:22:51,10,1005,병동,16,6,4.4
2026-04-29 14:25:47,10,1020,MRI,-3,5,10.1
2026-04-29 14:36:54,9,939,MRI,-3,5,8.3
2026-04-29 14:39:30,14,1427,병동,12,9,3.3
2026-04-29 14:44:40,16,1629,수술실,3,8,9.6
2026-04-29 14:56:57,15,1505,MRI,-3,8,13.9
2026-04-29 15:04:58,17,1710,수술실,3,8,8.4
2026-04-29 15:20:29,7,730,CT,1,6,6.3
2026-04-29 15:59:10,6,635,병동,17,8,7.7
2026-04-29 16:05:17,12,1221,수술실,3,5,5.8
2026-04-29 16:09:11,8,801,MRI,-3,6,7.3
2026-04-29 16:17:59,7,709,수술실,3,8,5.1
2026-04-29 16:29:16,14,1439,MRI,-3,4,8.6
2026-04-29 16:29:46,5,519,수술실,3,6,4.2
2026-04-29 16:42:31,8,812,CT,1,6,6.6
2026-04-29 16:46:17,15,1540,수술실,3,7,9.2
2026-04-29 16:50:35,14,1429,병동,12,3,2.9
2026-04-29 18:19:27,8,836,수술실,3,0,5.9
2026-04-29 19:00:18,9,916,병동,7,0,2.4
2026-04-29 19:14:05,16,1625,CT,1,2,7.3
2026-04-29 19:51:38,6,604,병동,13,0,4.8
2026-04-29 21:00:51,13,1327,MRI,-3,0,9.2
2026-04-29 21:27:54,16,1602,병동,16,3,1.9
2026-04-29 21:51:45,10,1035,수술실,3,2,5.2
2026-04-30 06:08:42,8,833,수술실,3,1,5.8
2026-04-30 06:11:05,18,1839,MRI,-3,4,12.5
2026-04-30 06:15:01,7,718,CT,1,1,4.1
2026-04-30 06:48:33,14,1429,수술실,3,2,6.8
2026-04-30 07:11:12,8,836,MRI,-3,0,9.0
2026-04-30 07:26:00,15,1525,병동,13,0,3.0
2026-04-30 07:36:07,16,1621,MRI,-3,3,9.9
2026-04-30 07:41:55,17,1725,수술실,3,2,8.0
2026-04-30 07:43:44,11,1110,CT,1,0,6.7
2026-04-30 07:47:21,12,1227,병동,18,4,4.5
2026-04-30 07:59:55,6,621,CT,1,0,5.1
2026-04-30 08:00:24,16,1621,수술실,3,11,12.2
2026-04-30 08:01:19,13,1334,MRI,-3,15,13.6
2026-04-30 08:01:45,15,1514,CT,1,12,10.8
2026-04-30 08:03:09,9,939,MRI,-3,12,9.5
2026-04-30 08:07:42,13,1304,CT,1,11,11.1
2026-04-30 08:10:55,14,1437,CT,1,15,11.4
2026-04-30 08:17:56,13,1317,MRI,-3,10,11.5
2026-04-30 08:19:46,14,1403,병동,16,11,3.8
2026-04-30 08:21:50,5,516,병동,11,14,5.8
2026-04-30 08:23:20,15,1526,CT,1,13,8.5
2026-04-30 08:32:25,11,1137,MRI,-3,14,12.2
2026-04-30 08:42:17,7,720,병동,16,8,7.1
2026-04-30 08:47:51,17,1707,수술실,3,8,7.9
2026-04-30 08:50:22,14,1424,CT,1,15,8.7
2026-04-30 08:57:05,11,1118,수술실,3,9,7.9
2026-04-30 08:57:07,14,1423,CT,1,11,9.4
2026-04-30 09:06:20,7,708,수술실,3,9,6.4
2026-04-30 09:12:17,6,626,수술실,3,10,4.9
2026-04-30 09:13:05,10,1016,CT,1,15,7.9
2026-04-30 09:15:42,8,819,병동,8,10,3.5
2026-04-30 09:16:18,5,514,수술실,3,14,5.2
2026-04-30 09:19:58,16,1613,수술실,3,14,10.5
2026-04-30 09:20:21,10,1010,MRI,-3,13,9.0
2026-04-30 09:23:02,8,821,CT,1,11,6.0
2026-04-30 09:24:59,12,1201,MRI,-3,13,13.3
2026-04-30 09:25:37,12,1205,CT,1,9,7.3
2026-04-30 09:27:43,9,915,병동,14,14,7.0
2026-04-30 09:28:04,9,923,CT,1,12,8.4
2026-04-30 09:28:55,9,901,CT,1,9,7.6
2026-04-30 09:30:36,17,1734,수술실,3,9,7.7
2026-04-30 09:31:35,17,1723,MRI,-3,11,12.4
2026-04-30 09:33:07,17,1707,수술실,3,14,9.0
2026-04-30 09:40:56,17,1703,수술실,3,9,8.7
2026-04-30 09:47:10,9,930,CT,1,12,7.1
2026-04-30 09:51:04,17,1736,CT,1,15,9.8
2026-04-30 09:54:21,6,605,병동,11,10,5.9
2026-04-30 09:57:10,12,1221,CT,1,10,8.1
2026-04-30 09:57:12,13,1314,CT,1,14,8.4
2026-04-30 10:00:14,7,717,MRI,-3,9,8.6
2026-04-30 10:03:55,18,1809,수술실,3,7,9.2
2026-04-30 10:16:39,9,907,수술실,3,7,5.2
2026-04-30 10:20:24,14,1439,MRI,-3,8,11.6
2026-04-30 10:24:26,17,1728,CT,1,6,9.3
2026-04-30 10:37:59,15,1515,수술실,3,9,7.5
2026-04-30 10:39:38,5,518,수술실,3,12,6.5
2026-04-30 10:44:38,13,1320,병동,13,9,2.9
2026-04-30 11:06:58,9,906,MRI,-3,8,11.0
2026-04-30 11:10:45,14,1429,수술실,3,10,7.3
2026-04-30 11:13:19,5,505,수술실,3,9,4.6
2026-04-30 11:13:23,7,711,MRI,-3,11,9.4
2026-04-30 11:21:36,10,1040,CT,1,6,7.9
2026-04-30 11:27:27,15,1537,MRI,-3,10,13.2
2026-04-30 11:28:27,5,539,MRI,-3,6,8.2
2026-04-30 11:34:02,10,1021,병동,14,12,6.2
2026-04-30 11:34:16,14,1409,병동,12,8,3.2
2026-04-30 11:38:46,12,1207,병동,6,11,6.1
2026-04-30 11:43:59,13,1329,CT,1,11,8.4
2026-04-30 11:45:36,12,1202,CT,1,7,6.3
2026-04-30 11:48:23,8,838,MRI,-3,8,8.2
2026-04-30 11:48:52,7,702,수술실,3,7,5.6
2026-04-30 11:54:30,8,817,병동,8,9,3.3
2026-04-30 11:56:58,6,625,병동,15,10,6.7
2026-04-30 11:58:18,14,1413,MRI,-3,7,13.5
2026-04-30 11:58:59,9,911,MRI,-3,8,10.9
2026-04-30 12:05:39,16,1639,CT,1,3,7.0
2026-04-30 12:12:07,17,1726,MRI,-3,7,13.8
2026-04-30 12:15:40,11,1122,수술실,3,4,7.0
2026-04-30 12:18:39,13,1328,CT,1,7,7.6
2026-04-30 12:21:46,17,1722,수술실,3,7,8.5
2026-04-30 12:26:07,5,515,수술실,3,7,4.2
2026-04-30 12:28:31,14,1437,병동,15,6,2.7
2026-04-30 12:37:41,18,1837,MRI,-3,7,14.3
2026-04-30 12:57:06,6,619,CT,1,5,4.9
2026-04-30 13:02:04,11,1136,MRI,-3,8,10.0
2026-04-30 13:07:20,18,1808,CT,1,7,11.0
2026-04-30 13:07:50,17,1724,병동,10,8,6.9
2026-04-30 13:29:08,10,1013,수술실,3,7,6.4
2026-04-30 13:41:13,13,1314,수술실,3,7,7.9
2026-04-30 13:54:20,13,1325,MRI,-3,6,11.8
2026-04-30 14:03:16,9,921,MRI,-3,10,10.8
2026-04-30 14:07:10,11,1109,MRI,-3,5,7.4
2026-04-30 14:09:47,13,1340,수술실,3,5,7.9
2026-04-30 14:14:29,12,1210,CT,1,10,7.5
2026-04-30 14:15:32,10,1019,MRI,-3,8,10.4
2026-04-30 14:19:41,17,1718,MRI,-3,10,11.1
2026-04-30 14:30:37,12,1222,CT,1,9,8.9
2026-04-30 14:52:35,18,1807,수술실,3,6,8.5
2026-04-30 14:55:00,16,1623,수술실,3,6,10.5
2026-04-30 15:01:38,13,1312,CT,1,8,7.9
2026-04-30 15:09:46,15,1531,병동,16,8,3.9
2026-04-30 15:22:39,10,1020,병동,12,8,4.1
2026-04-30 15:27:49,9,902,MRI,-3,3,9.4
2026-04-30 15:28:08,5,526,수술실,3,8,5.5
2026-04-30 15:36:07,13,1305,CT,1,3,7.7
2026-04-30 15:39:28,10,1009,수술실,3,5,5.1
2026-04-30 15:55:49,5,528,CT,1,3,3.3
2026-04-30 16:13:18,15,1505,MRI,-3,6,13.7
2026-04-30 16:27:50,14,1413,MRI,-3,6,12.1
2026-04-30 16:32:59,6,612,MRI,-3,7,9.4
2026-04-30 16:47:58,8,820,CT,1,4,6.2
2026-04-30 19:10:49,18,1831,수술실,3,1,7.9
2026-04-30 19:14:56,7,731,수술실,3,2,4.9
2026-04-30 19:31:08,5,538,MRI,-3,0,5.5
2026-04-30 19:32:52,11,1121,CT,1,0,7.3
2026-04-30 19:58:09,8,806,MRI,-3,4,8.4
2026-04-30 20:29:55,7,703,CT,1,4,5.1
2026-04-30 20:30:32,9,913,수술실,3,3,6.3
2026-04-30 21:07:57,5,507,CT,1,4,4.6
2026-04-30 21:38:03,8,816,CT,1,0,6.1
2026-05-01 06:11:45,5,506,병동,7,2,2.4
2026-05-01 06:14:42,13,1301,MRI,-3,2,9.6
2026-05-01 06:40:59,7,728,수술실,3,2,3.8
2026-05-01 06:49:42,10,1007,병동,18,1,5.6
2026-05-01 06:53:50,8,805,수술실,3,2,4.6
2026-05-01 06:55:16,9,917,MRI,-3,1,7.2
2026-05-01 07:04:38,10,1031,수술실,3,0,6.1
2026-05-01 07:06:01,11,1102,MRI,-3,1,9.7
2026-05-01 07:11:48,12,1215,수술실,3,3,7.7
2026-05-01 07:13:12,14,1438,MRI,-3,1,10.9
2026-05-01 07:31:20,8,840,병동,8,3,2.3
2026-05-01 07:34:02,9,910,병동,17,0,5.3
2026-05-01 07:35:11,9,909,MRI,-3,3,6.7
2026-05-01 07:46:51,12,1238,수술실,3,4,5.9
2026-05-01 07:50:00,13,1307,CT,1,0,7.8
2026-05-01 08:03:21,15,1508,CT,1,10,10.5
2026-05-01 08:03:30,5,515,수술실,3,8,4.7
2026-05-01 08:03:50,6,604,병동,6,14,3.9
2026-05-01 08:05:56,8,825,수술실,3,9,5.2
2026-05-01 08:09:23,9,902,CT,1,15,8.4
2026-05-01 08:09:51,7,725,병동,14,13,5.6
2026-05-01 08:11:12,16,1618,수술실,3,12,9.8
2026-05-01 08:15:29,16,1637,병동,13,11,6.2
2026-05-01 08:18:27,15,1520,MRI,-3,8,10.2
2026-05-01 08:29:09,14,1431,MRI,-3,13,11.0
2026-05-01 08:31:09,16,1612,수술실,3,13,8.6
2026-05-01 08:33:20,11,1125,MRI,-3,14,10.4
2026-05-01 08:36:11,14,1422,MRI,-3,10,12.8
2026-05-01 08:38:07,6,603,수술실,3,13,6.3
2026-05-01 08:48:05,16,1636,병동,11,9,5.5
2026-05-01 08:50:41,7,707,수술실,3,15,6.2
2026-05-01 08:51:49,7,724,CT,1,8,5.3
2026-05-01 08:52:40,17,1734,병동,13,14,4.8
2026-05-01 08:58:41,5,521,CT,1,9,5.3
2026-05-01 09:15:32,18,1809,병동,11,12,6.1
2026-05-01 09:19:28,5,511,병동,7,9,4.6
2026-05-01 09:20:35,17,1732,병동,10,14,6.7
2026-05-01 09:20:48,5,522,CT,1,14,6.0
2026-05-01 09:22:49,13,1316,수술실,3,8,7.7
2026-05-01 09:25:32,9,915,수술실,3,8,5.6
2026-05-01 09:33:29,7,705,수술실,3,14,7.3
2026-05-01 09:39:18,12,1236,수술실,3,10,6.5
2026-05-01 09:40:07,9,937,MRI,-3,10,8.1
2026-05-01 09:49:46,9,910,CT,1,15,8.2
2026-05-01 09:53:20,13,1328,CT,1,14,7.8
2026-05-01 09:53:43,7,722,CT,1,11,7.1
2026-05-01 10:02:18,8,826,수술실,3,9,6.4
2026-05-01 10:06:53,15,1501,MRI,-3,12,14.9
2026-05-01 10:11:45,12,1212,MRI,-3,9,8.6
2026-05-01 10:20:12,5,527,병동,16,8,6.5
2026-05-01 10:22:42,14,1436,CT,1,11,8.8
2026-05-01 10:29:49,7,708,수술실,3,11,5.7
2026-05-01 10:30:05,6,607,수술실,3,11,6.1
2026-05-01 10:34:42,14,1440,MRI,-3,6,11.9
2026-05-01 10:38:58,11,1110,MRI,-3,9,9.7
2026-05-01 10:41:42,12,1227,수술실,3,6,7.6
2026-05-01 10:44:58,11,1104,CT,1,11,8.0
2026-05-01 10:56:22,18,1817,CT,1,9,9.7
2026-05-01 11:03:46,12,1219,CT,1,12,9.5
2026-05-01 11:06:44,12,1220,MRI,-3,12,9.3
2026-05-01 11:13:35,15,1505,CT,1,12,9.0
2026-05-01 11:15:36,17,1730,수술실,3,6,10.5
2026-05-01 11:18:51,17,1707,MRI,-3,7,14.5
2026-05-01 11:30:42,9,917,MRI,-3,11,12.1
2026-05-01 11:34:28,5,522,CT,1,10,5.1
2026-05-01 11:41:10,15,1522,CT,1,12,9.3
2026-05-01 11:58:31,11,1120,CT,1,11,10.1
2026-05-01 11:59:30,16,1601,수술실,3,11,11.1
2026-05-01 12:10:09,10,1007,수술실,3,3,5.9
2026-05-01 12:19:21,11,1121,CT,1,3,7.5
2026-05-01 12:26:12,5,506,병동,15,5,4.8
2026-05-01 12:31:13,16,1625,수술실,3,4,8.4
2026-05-01 12:36:50,6,609,수술실,3,3,4.1
2026-05-01 12:38:41,8,816,MRI,-3,5,6.9
2026-05-01 12:49:51,12,1221,CT,1,4,6.3
2026-05-01 12:52:24,7,718,MRI,-3,5,8.3
2026-05-01 12:57:49,17,1710,MRI,-3,6,12.0
2026-05-01 13:03:36,7,718,MRI,-3,5,8.7
2026-05-01 13:08:25,16,1611,MRI,-3,8,10.8
2026-05-01 13:12:32,14,1422,CT,1,10,10.3
2026-05-01 13:17:57,10,1036,CT,1,5,5.6
2026-05-01 13:22:01,5,517,CT,1,5,3.7
2026-05-01 13:24:34,17,1731,수술실,3,9,8.6
2026-05-01 13:26:30,6,629,병동,12,9,4.7
2026-05-01 13:50:33,11,1126,CT,1,5,5.3
2026-05-01 13:52:00,14,1420,병동,11,6,4.8
2026-05-01 13:57:38,7,731,MRI,-3,9,8.7
2026-05-01 14:00:24,13,1321,CT,1,10,7.8
2026-05-01 14:02:01,14,1413,MRI,-3,10,11.4
2026-05-01 14:10:20,14,1414,MRI,-3,10,11.1
2026-05-01 14:16:53,5,506,병동,6,10,3.9
2026-05-01 14:17:06,13,1332,CT,1,7,9.6
2026-05-01 14:18:36,13,1309,MRI,-3,7,9.5
2026-05-01 14:19:04,15,1526,MRI,-3,6,10.3
2026-05-01 14:26:50,14,1433,수술실,3,7,9.2
2026-05-01 14:39:40,14,1428,CT,1,7,7.9
2026-05-01 14:46:24,10,1040,CT,1,8,6.1
2026-05-01 14:50:14,6,611,CT,1,8,5.6
2026-05-01 15:14:18,15,1533,수술실,3,4,7.3
2026-05-01 15:26:52,16,1631,MRI,-3,3,11.8
2026-05-01 15:26:59,7,734,CT,1,3,4.9
2026-05-01 15:29:26,7,729,MRI,-3,3,6.6
2026-05-01 15:45:20,5,527,CT,1,6,4.4
2026-05-01 15:53:42,9,925,MRI,-3,6,10.3
2026-05-01 16:17:55,14,1417,CT,1,6,7.3
2026-05-01 16:21:48,17,1715,병동,11,3,3.9
2026-05-01 16:29:04,6,623,병동,11,8,5.2
2026-05-01 16:34:14,12,1201,CT,1,7,7.8
2026-05-01 16:42:53,7,737,CT,1,3,5.7
2026-05-01 17:27:22,17,1719,병동,12,0,4.6
2026-05-01 17:38:32,11,1118,MRI,-3,1,8.6
2026-05-01 17:45:28,15,1538,수술실,3,2,7.9
2026-05-01 18:32:12,16,1616,MRI,-3,1,12.5
2026-05-01 18:45:03,8,822,수술실,3,1,4.9
2026-05-01 18:53:16,7,725,병동,9,2,3.2
2026-05-01 18:56:26,6,629,수술실,3,2,3.7
2026-05-01 19:01:55,9,918,MRI,-3,1,6.7
2026-05-01 19:15:12,17,1731,병동,18,0,2.4
2026-05-01 20:17:35,17,1716,수술실,3,1,7.4
2026-05-01 20:28:25,17,1712,CT,1,4,9.5
2026-05-01 21:41:47,6,623,병동,10,1,3.1
2026-05-01 21:42:22,10,1008,MRI,-3,1,8.0
2026-05-02 06:04:57,10,1030,MRI,-3,4,7.3
2026-05-02 06:17:38,10,1013,수술실,3,2,5.5
2026-05-02 06:52:40,17,1738,수술실,3,3,8.5
2026-05-02 07:07:27,18,1816,병동,13,2,4.2
2026-05-02 07:12:04,5,504,CT,1,0,4.9
2026-05-02 07:12:56,18,1810,MRI,-3,2,10.7
2026-05-02 07:16:20,10,1010,수술실,3,1,5.7
2026-05-02 07:26:10,14,1435,병동,17,0,3.2
2026-05-02 08:03:30,10,1020,CT,1,12,9.5
2026-05-02 08:05:37,15,1540,병동,13,10,3.1
2026-05-02 08:09:54,5,510,CT,1,11,6.7
2026-05-02 08:14:55,8,817,수술실,3,12,8.4
2026-05-02 08:15:34,6,639,수술실,3,12,5.6
2026-05-02 08:16:06,5,536,MRI,-3,13,9.7
2026-05-02 08:27:54,18,1815,MRI,-3,11,16.2
2026-05-02 08:30:03,11,1134,병동,7,10,4.8
2026-05-02 08:38:51,14,1431,MRI,-3,15,14.6
2026-05-02 08:38:58,17,1738,병동,8,15,7.6
2026-05-02 08:42:46,16,1622,CT,1,10,9.4
2026-05-02 08:42:51,18,1835,병동,13,12,6.6
2026-05-02 08:48:41,14,1431,CT,1,12,10.5
2026-05-02 08:50:05,17,1736,병동,10,11,5.6
2026-05-02 08:52:57,16,1605,수술실,3,10,8.5
2026-05-02 08:56:08,18,1817,MRI,-3,8,10.7
2026-05-02 08:57:21,18,1827,병동,13,9,5.3
2026-05-02 09:02:11,5,523,수술실,3,14,5.1
2026-05-02 09:04:32,7,706,수술실,3,13,7.1
2026-05-02 09:05:55,11,1129,CT,1,9,8.7
2026-05-02 09:08:24,17,1706,병동,15,13,4.3
2026-05-02 09:09:51,5,519,CT,1,14,7.0
2026-05-02 09:10:55,18,1817,MRI,-3,12,13.8
2026-05-02 09:10:59,8,838,MRI,-3,11,10.0
2026-05-02 09:19:15,16,1609,MRI,-3,9,12.3
2026-05-02 09:19:21,14,1402,MRI,-3,15,11.7
2026-05-02 09:21:46,11,1119,수술실,3,12,8.6
2026-05-02 09:23:42,18,1840,MRI,-3,15,14.2
2026-05-02 09:25:27,11,1137,MRI,-3,9,11.8
2026-05-02 09:28:41,6,624,CT,1,12,7.2
2026-05-02 09:30:34,14,1405,병동,7,11,8.1
2026-05-02 09:33:02,15,1533,MRI,-3,9,10.0
2026-05-02 09:36:57,10,1020,CT,1,12,7.2
2026-05-02 09:41:52,15,1523,MRI,-3,15,11.7
2026-05-02 09:44:34,17,1710,MRI,-3,9,13.3
2026-05-02 09:53:28,16,1625,병동,5,10,6.4
2026-05-02 10:14:42,9,909,CT,1,10,5.4
2026-05-02 10:16:59,7,708,수술실,3,7,4.9
2026-05-02 10:22:52,14,1417,CT,1,11,10.8
2026-05-02 10:25:37,17,1728,MRI,-3,10,13.7
2026-05-02 10:39:56,16,1601,MRI,-3,8,12.7
2026-05-02 10:49:02,11,1133,CT,1,8,8.4
2026-05-02 10:54:12,13,1328,CT,1,9,8.1
2026-05-02 10:59:43,15,1511,CT,1,9,9.6
2026-05-02 11:01:00,8,816,MRI,-3,12,10.1
2026-05-02 11:04:03,9,917,MRI,-3,9,9.3
2026-05-02 11:13:36,9,902,MRI,-3,11,9.9
2026-05-02 11:19:33,6,634,병동,5,10,3.2
2026-05-02 11:21:54,11,1114,CT,1,7,7.4
2026-05-02 11:29:35,14,1421,수술실,3,11,10.0
2026-05-02 11:38:14,15,1531,병동,18,7,3.5
2026-05-02 11:43:29,13,1340,MRI,-3,6,10.5
2026-05-02 11:54:30,11,1125,병동,11,6,3.3
2026-05-02 12:09:08,15,1532,CT,1,4,7.0
2026-05-02 12:16:29,12,1239,MRI,-3,7,10.7
2026-05-02 12:20:15,12,1218,병동,11,6,3.8
2026-05-02 12:28:21,12,1210,수술실,3,7,8.1
2026-05-02 12:33:52,12,1215,CT,1,4,5.5
2026-05-02 12:42:22,15,1531,수술실,3,5,9.2
2026-05-02 12:50:03,11,1137,병동,7,3,4.3
2026-05-02 12:53:52,13,1319,CT,1,4,6.6
2026-05-02 13:04:56,10,1021,CT,1,8,7.1
2026-05-02 13:07:21,5,502,병동,7,6,4.4
2026-05-02 13:11:21,10,1018,병동,12,10,3.2
2026-05-02 13:18:06,10,1018,병동,18,10,5.6
2026-05-02 13:24:14,5,513,CT,1,5,3.6
2026-05-02 13:28:46,5,514,CT,1,10,6.0
2026-05-02 13:30:40,7,709,MRI,-3,7,9.5
2026-05-02 13:41:21,15,1523,MRI,-3,5,11.3
2026-05-02 13:46:50,9,919,CT,1,8,5.9
2026-05-02 13:50:09,13,1340,병동,10,9,4.9
2026-05-02 13:51:37,17,1739,MRI,-3,9,14.7
2026-05-02 14:01:45,18,1827,MRI,-3,10,12.4
2026-05-02 14:07:41,6,630,수술실,3,8,5.1
2026-05-02 14:08:58,6,630,수술실,3,7,5.2
2026-05-02 14:21:16,10,1038,수술실,3,9,6.9
2026-05-02 14:30:57,18,1837,병동,11,10,6.5
2026-05-02 14:31:44,8,832,수술실,3,7,7.0
2026-05-02 14:35:08,6,635,MRI,-3,9,7.5
2026-05-02 14:37:45,12,1204,병동,18,9,4.4
2026-05-02 14:53:02,14,1424,MRI,-3,5,10.8
2026-05-02 14:57:16,14,1406,MRI,-3,9,9.3
2026-05-02 15:30:15,13,1330,수술실,3,3,8.1
2026-05-02 15:36:29,15,1534,병동,5,6,6.2
2026-05-02 15:36:39,6,608,수술실,3,7,4.2
2026-05-02 15:58:01,14,1436,MRI,-3,3,11.8
2026-05-02 15:58:16,17,1712,수술실,3,6,9.9
2026-05-02 16:11:43,17,1712,수술실,3,6,8.9
2026-05-02 16:26:22,7,707,병동,8,6,3.5
2026-05-02 16:31:53,11,1123,CT,1,4,7.3
2026-05-02 16:38:14,9,902,CT,1,6,7.0
2026-05-02 16:49:49,6,637,CT,1,3,5.2
2026-05-02 16:54:49,14,1421,병동,7,8,5.5
2026-05-02 16:55:25,15,1540,병동,14,3,2.2
2026-05-02 18:43:44,12,1221,CT,1,4,7.2
2026-05-02 18:45:52,8,829,CT,1,2,5.0
2026-05-02 19:13:57,9,929,CT,1,4,5.9
2026-05-02 19:53:41,14,1426,MRI,-3,1,11.1
2026-05-02 19:54:50,13,1311,수술실,3,0,6.3
2026-05-02 19:55:01,7,716,CT,1,4,4.7
2026-05-02 20:58:08,10,1015,병동,6,3,4.1
2026-05-02 21:17:06,5,521,MRI,-3,2,7.6
2026-05-02 21:26:47,16,1626,수술실,3,1,6.7
2026-05-03 06:15:32,11,1109,CT,1,4,5.8
2026-05-03 06:22:01,5,509,병동,17,3,7.0
2026-05-03 06:29:44,7,726,MRI,-3,2,7.7
2026-05-03 06:42:10,5,527,CT,1,2,4.1
2026-05-03 07:00:02,9,939,수술실,3,2,6.0
2026-05-03 07:10:58,16,1623,MRI,-3,1,8.9
2026-05-03 07:12:18,17,1728,수술실,3,2,8.2
2026-05-03 07:33:26,7,701,CT,1,4,4.6
2026-05-03 08:00:39,8,825,MRI,-3,11,8.8
2026-05-03 08:05:39,14,1438,MRI,-3,10,13.5
2026-05-03 08:09:24,9,903,MRI,-3,9,8.5
2026-05-03 08:10:34,18,1815,CT,1,13,12.2
2026-05-03 08:13:00,16,1615,수술실,3,9,8.4
2026-05-03 08:16:22,17,1732,MRI,-3,9,14.1
2026-05-03 08:17:16,14,1421,수술실,3,14,8.7
2026-05-03 08:27:27,12,1219,병동,8,9,4.4
2026-05-03 08:29:19,17,1706,수술실,3,13,9.4
2026-05-03 08:40:09,18,1811,CT,1,12,9.8
2026-05-03 08:51:52,17,1707,병동,7,9,7.3
2026-05-03 08:55:26,7,702,병동,17,14,6.6
2026-05-03 08:58:14,11,1115,수술실,3,9,5.9
2026-05-03 09:00:53,12,1208,수술실,3,15,8.0
2026-05-03 09:01:37,5,505,MRI,-3,8,6.6
2026-05-03 09:12:01,10,1013,병동,13,11,5.7
2026-05-03 09:13:02,17,1733,병동,5,14,10.5
2026-05-03 09:17:36,8,814,CT,1,13,6.6
2026-05-03 09:27:18,10,1013,수술실,3,15,8.8
2026-05-03 09:37:39,10,1027,병동,18,14,8.2
2026-05-03 09:38:15,7,732,수술실,3,8,6.5
2026-05-03 09:57:12,18,1831,병동,10,9,7.4
2026-05-03 09:59:33,16,1631,MRI,-3,11,10.7
2026-05-03 10:12:20,16,1616,수술실,3,12,9.5
2026-05-03 10:14:07,6,611,MRI,-3,7,9.2
2026-05-03 10:14:51,12,1238,병동,11,6,3.7
2026-05-03 10:16:02,7,738,병동,7,8,3.3
2026-05-03 10:17:30,13,1328,수술실,3,9,7.8
2026-05-03 10:21:44,6,622,CT,1,7,5.2
2026-05-03 10:22:58,15,1508,병동,12,7,3.5
2026-05-03 10:54:51,11,1109,CT,1,12,7.5
2026-05-03 10:58:32,16,1633,수술실,3,7,7.4
2026-05-03 11:00:30,13,1338,병동,11,11,4.7
2026-05-03 11:03:24,18,1809,수술실,3,7,10.1
2026-05-03 11:13:33,15,1533,병동,14,6,3.5
2026-05-03 11:14:52,15,1501,CT,1,6,10.3
2026-05-03 11:35:09,8,821,CT,1,8,7.1
2026-05-03 11:44:55,16,1613,병동,6,8,8.1
2026-05-03 11:57:21,13,1324,MRI,-3,9,12.0
2026-05-03 12:06:06,10,1011,MRI,-3,6,10.4
2026-05-03 12:17:57,6,639,병동,7,4,2.4
2026-05-03 12:24:27,17,1734,CT,1,4,10.1
2026-05-03 12:27:55,16,1626,수술실,3,5,7.2
2026-05-03 12:33:33,5,534,CT,1,3,4.8
2026-05-03 12:33:50,16,1629,CT,1,7,10.4
2026-05-03 13:06:09,11,1103,병동,18,10,5.9
2026-05-03 13:11:25,8,815,병동,17,6,6.3
2026-05-03 13:29:59,10,1006,병동,12,6,3.3
2026-05-03 13:30:27,18,1820,MRI,-3,7,12.5
2026-05-03 13:38:08,10,1011,CT,1,9,7.3
2026-05-03 13:42:19,11,1131,CT,1,6,8.5
2026-05-03 13:42:50,13,1319,수술실,3,6,9.3
2026-05-03 13:48:09,11,1133,병동,7,10,5.0
2026-05-03 13:51:25,12,1233,수술실,3,8,7.4
2026-05-03 14:22:10,9,940,병동,6,9,4.5
2026-05-03 14:29:21,5,522,수술실,3,8,5.7
2026-05-03 14:29:48,7,729,병동,8,9,3.7
2026-05-03 14:52:11,14,1404,MRI,-3,8,11.1
2026-05-03 14:59:57,13,1308,수술실,3,7,7.3
2026-05-03 15:05:38,13,1310,병동,5,3,4.8
2026-05-03 15:06:31,15,1512,병동,15,8,2.8
2026-05-03 15:13:04,12,1240,수술실,3,4,6.5
2026-05-03 15:20:01,12,1226,병동,16,6,3.8
2026-05-03 15:20:53,18,1839,수술실,3,7,9.5
2026-05-03 15:21:12,12,1227,수술실,3,7,7.3
2026-05-03 15:40:18,17,1710,CT,1,8,8.6
2026-05-03 16:03:17,8,813,CT,1,4,6.3
2026-05-03 16:19:44,10,1026,수술실,3,4,6.1
2026-05-03 16:26:46,18,1808,병동,8,4,6.7
2026-05-03 16:46:26,14,1414,병동,5,4,4.9
2026-05-03 16:56:58,10,1028,수술실,3,7,6.0
2026-05-03 17:56:13,6,624,MRI,-3,4,8.4
2026-05-03 18:46:17,5,534,CT,1,2,3.8
2026-05-03 19:45:21,10,1003,MRI,-3,4,7.0
2026-05-03 20:00:54,18,1821,수술실,3,4,9.5
2026-05-03 20:50:11,14,1415,수술실,3,3,8.0
2026-05-04 06:00:59,14,1401,수술실,3,4,6.6
2026-05-04 06:35:36,6,629,수술실,3,0,3.7
2026-05-04 06:49:08,18,1826,병동,8,3,6.3
2026-05-04 07:00:16,7,707,병동,7,3,1.7
2026-05-04 07:46:52,12,1229,CT,1,1,7.3
2026-05-04 07:52:16,17,1722,MRI,-3,0,9.4
2026-05-04 07:56:13,6,617,수술실,3,2,3.9
2026-05-04 08:05:03,5,511,수술실,3,13,5.7
2026-05-04 08:08:06,16,1609,CT,1,10,8.0
2026-05-04 08:09:47,16,1622,병동,14,10,3.6
2026-05-04 08:19:19,16,1607,병동,18,10,4.3
2026-05-04 08:20:42,18,1836,병동,12,9,5.3
2026-05-04 08:21:39,8,831,병동,6,9,3.8
2026-05-04 08:24:31,16,1606,병동,9,14,8.1
2026-05-04 08:25:16,18,1805,병동,14,8,4.2
2026-05-04 08:26:20,14,1422,MRI,-3,8,9.2
2026-05-04 08:28:41,12,1206,CT,1,15,7.4
2026-05-04 08:31:19,13,1305,수술실,3,15,7.6
2026-05-04 08:33:16,17,1727,MRI,-3,10,10.5
2026-05-04 08:33:24,6,605,CT,1,11,7.3
2026-05-04 08:33:31,17,1722,MRI,-3,11,11.0
2026-05-04 08:34:35,13,1305,MRI,-3,13,9.9
2026-05-04 08:36:35,12,1233,수술실,3,12,7.2
2026-05-04 08:37:19,12,1224,MRI,-3,12,12.6
2026-05-04 08:40:01,11,1138,CT,1,11,9.4
2026-05-04 08:41:12,18,1808,수술실,3,11,11.4
2026-05-04 08:42:12,18,1814,수술실,3,9,10.0
2026-05-04 08:56:23,17,1711,CT,1,14,8.9
2026-05-04 08:57:37,8,816,병동,11,11,5.0
2026-05-04 08:59:24,9,930,MRI,-3,11,9.1
2026-05-04 09:06:09,11,1122,수술실,3,10,5.9
2026-05-04 09:12:15,12,1232,병동,16,12,5.7
2026-05-04 09:12:16,11,1120,병동,17,8,5.4
2026-05-04 09:15:40,12,1235,수술실,3,9,7.1
2026-05-04 09:23:03,8,817,수술실,3,12,5.7
2026-05-04 09:24:56,13,1301,수술실,3,15,7.9
2026-05-04 09:29:53,6,618,수술실,3,12,6.7
2026-05-04 09:40:22,12,1237,MRI,-3,14,12.0
2026-05-04 09:40:48,10,1038,수술실,3,13,7.5
2026-05-04 09:49:03,16,1606,CT,1,13,12.3
2026-05-04 09:49:46,13,1329,MRI,-3,15,11.0
2026-05-04 09:51:58,18,1820,병동,12,8,4.4
2026-05-04 09:53:49,12,1223,CT,1,12,8.4
2026-05-04 09:59:33,6,615,수술실,3,14,6.5
2026-05-04 10:04:37,16,1636,수술실,3,8,8.9
2026-05-04 10:29:50,7,738,병동,9,8,3.8
2026-05-04 10:37:38,5,535,MRI,-3,12,9.1
2026-05-04 10:38:13,5,528,병동,18,10,8.9
2026-05-04 10:40:18,7,714,수술실,3,11,6.9
2026-05-04 10:43:18,9,919,CT,1,10,8.0
2026-05-04 10:44:43,8,840,병동,16,6,5.8
2026-05-04 10:45:55,16,1621,병동,12,10,4.8
2026-05-04 10:55:37,12,1222,MRI,-3,12,12.8
2026-05-04 10:56:30,9,925,CT,1,7,6.0
2026-05-04 11:01:17,17,1734,CT,1,9,10.2
2026-05-04 11:05:39,12,1225,CT,1,8,8.9
2026-05-04 11:19:25,8,838,CT,1,11,7.6
2026-05-04 11:23:18,11,1135,병동,15,7,4.3
2026-05-04 11:26:42,12,1240,수술실,3,12,8.4
2026-05-04 11:28:42,11,1132,CT,1,7,8.0
2026-05-04 11:33:12,18,1817,MRI,-3,12,11.6
2026-05-04 11:34:44,9,902,병동,13,7,4.3
2026-05-04 11:40:47,6,621,CT,1,6,6.3
2026-05-04 11:49:55,7,731,병동,14,9,5.5
2026-05-04 11:55:05,5,501,MRI,-3,9,8.6
2026-05-04 12:03:49,12,1213,병동,16,7,4.9
2026-05-04 12:18:24,7,732,MRI,-3,4,8.5
2026-05-04 12:22:41,7,730,수술실,3,5,4.6
2026-05-04 13:03:48,15,1502,병동,8,6,6.1
2026-05-04 13:05:11,14,1408,병동,8,7,4.4
2026-05-04 13:07:41,11,1121,MRI,-3,9,9.6
2026-05-04 13:12:43,13,1306,CT,1,8,9.5
2026-05-04 13:15:16,15,1535,병동,13,9,4.4
2026-05-04 13:32:54,11,1109,CT,1,8,8.3
2026-05-04 13:37:23,10,1021,MRI,-3,9,11.1
2026-05-04 14:11:45,11,1113,CT,1,7,8.4
2026-05-04 14:18:31,12,1204,수술실,3,8,7.6
2026-05-04 14:24:19,7,722,CT,1,9,4.9
2026-05-04 14:26:29,7,728,병동,15,6,5.5
2026-05-04 14:29:00,9,920,병동,9,5,2.4
2026-05-04 14:38:14,9,917,MRI,-3,6,7.5
2026-05-04 14:44:22,5,527,CT,1,8,4.3
2026-05-04 14:52:54,16,1615,병동,18,6,4.4
2026-05-04 15:02:08,9,936,수술실,3,3,5.5
2026-05-04 15:09:26,8,830,MRI,-3,7,8.9
2026-05-04 15:15:25,7,739,MRI,-3,7,9.3
2026-05-04 15:36:16,9,903,수술실,3,5,5.4
2026-05-04 15:38:18,5,506,MRI,-3,4,7.2
2026-05-04 15:58:07,11,1137,수술실,3,6,8.5
2026-05-04 16:04:54,15,1502,수술실,3,6,9.8
2026-05-04 16:13:34,5,507,CT,1,5,3.6
2026-05-04 16:18:16,17,1730,CT,1,8,10.4
2026-05-04 16:19:09,16,1603,수술실,3,8,8.0
2026-05-04 16:35:26,11,1116,MRI,-3,7,9.8
2026-05-04 16:38:36,12,1232,CT,1,7,7.3
2026-05-04 16:41:44,11,1118,MRI,-3,6,9.4
2026-05-04 16:48:38,5,511,MRI,-3,4,7.5
2026-05-04 17:35:37,10,1007,MRI,-3,2,9.6
2026-05-04 18:34:57,18,1806,수술실,3,2,7.8
2026-05-04 19:55:06,7,720,수술실,3,0,5.3
2026-05-04 20:52:36,12,1206,CT,1,1,8.3
2026-05-04 21:37:09,15,1533,수술실,3,3,7.8
2026-05-05 06:16:46,16,1635,MRI,-3,3,9.0
2026-05-05 06:21:27,14,1440,CT,1,2,9.0
2026-05-05 06:56:15,11,1130,수술실,3,3,7.1
2026-05-05 07:03:16,17,1738,수술실,3,4,7.4
2026-05-05 07:22:08,18,1832,병동,13,2,4.2
2026-05-05 07:39:16,17,1740,병동,5,0,6.0
2026-05-05 07:44:53,7,707,수술실,3,4,5.2
2026-05-05 08:01:13,17,1727,CT,1,8,8.7
2026-05-05 08:05:17,6,608,MRI,-3,8,7.1
2026-05-05 08:08:43,18,1834,병동,8,13,7.9
2026-05-05 08:10:22,10,1008,수술실,3,11,7.3
2026-05-05 08:24:02,6,605,병동,15,8,7.6
2026-05-05 08:25:50,5,539,MRI,-3,8,8.6
2026-05-05 08:28:24,15,1537,MRI,-3,12,14.7
2026-05-05 08:39:11,7,717,CT,1,14,5.6
2026-05-05 08:40:35,7,730,수술실,3,10,4.8
2026-05-05 08:41:06,17,1711,MRI,-3,8,10.6
2026-05-05 08:55:03,5,515,CT,1,12,6.8
2026-05-05 08:58:02,11,1103,수술실,3,13,9.6
2026-05-05 09:02:35,14,1432,CT,1,10,9.8
2026-05-05 09:04:22,6,636,수술실,3,8,5.7
2026-05-05 09:05:50,12,1202,MRI,-3,11,12.7
2026-05-05 09:07:31,11,1132,CT,1,9,6.4
2026-05-05 09:11:20,8,825,MRI,-3,8,7.4
2026-05-05 09:19:07,16,1616,MRI,-3,9,11.3
2026-05-05 09:23:55,14,1402,수술실,3,13,7.9
2026-05-05 09:27:21,9,936,MRI,-3,14,11.1
2026-05-05 09:29:08,14,1410,MRI,-3,10,9.2
2026-05-05 09:31:28,14,1416,CT,1,9,9.4
2026-05-05 09:34:03,5,516,MRI,-3,8,7.3
2026-05-05 09:38:14,16,1631,병동,6,13,7.8
2026-05-05 09:55:01,9,936,MRI,-3,8,8.9
2026-05-05 10:05:38,5,526,수술실,3,6,5.3
2026-05-05 10:15:49,12,1234,CT,1,8,6.6
2026-05-05 10:18:48,11,1129,병동,11,8,3.3
2026-05-05 10:20:05,15,1522,병동,11,6,3.7
2026-05-05 10:21:33,11,1103,MRI,-3,11,9.6
2026-05-05 10:28:21,9,918,병동,12,8,4.9
2026-05-05 10:29:43,12,1205,MRI,-3,9,9.6
2026-05-05 10:33:58,15,1506,수술실,3,10,7.1
2026-05-05 10:59:14,16,1629,CT,1,10,8.2
2026-05-05 11:02:06,7,701,수술실,3,12,7.7
2026-05-05 11:10:19,12,1213,병동,17,9,5.6
2026-05-05 11:12:23,8,830,수술실,3,6,7.0
2026-05-05 11:15:10,14,1415,CT,1,12,9.4
2026-05-05 11:21:10,12,1211,CT,1,10,8.8
2026-05-05 11:25:46,12,1225,MRI,-3,11,11.1
2026-05-05 11:35:36,8,828,수술실,3,9,6.6
2026-05-05 11:36:19,8,823,CT,1,11,6.6
2026-05-05 11:37:19,12,1210,병동,18,9,6.0
2026-05-05 11:39:13,17,1716,MRI,-3,10,10.3
2026-05-05 11:41:50,15,1531,병동,9,9,5.7
2026-05-05 11:41:51,15,1506,병동,8,6,5.7
2026-05-05 11:47:00,7,719,수술실,3,11,6.3
2026-05-05 12:06:19,12,1210,CT,1,3,7.8
2026-05-05 12:30:02,9,931,CT,1,5,5.2
2026-05-05 12:37:43,7,712,수술실,3,6,5.2
2026-05-05 12:59:39,12,1210,MRI,-3,7,12.4
2026-05-05 13:02:31,8,828,MRI,-3,7,8.5
2026-05-05 13:02:37,6,609,CT,1,9,5.4
2026-05-05 13:05:13,7,716,병동,12,10,5.7
2026-05-05 13:23:52,8,829,MRI,-3,10,9.8
2026-05-05 14:06:29,14,1437,병동,7,6,6.6
2026-05-05 14:11:16,13,1329,MRI,-3,9,9.4
2026-05-05 14:33:37,7,704,MRI,-3,8,8.1
2026-05-05 14:35:51,6,612,CT,1,9,5.7
2026-05-05 14:41:49,6,612,MRI,-3,5,8.4
2026-05-05 14:43:11,17,1734,수술실,3,8,9.2
2026-05-05 15:01:40,17,1734,수술실,3,6,8.2
2026-05-05 15:03:40,6,612,병동,12,7,5.1
2026-05-05 15:17:27,8,836,수술실,3,7,6.3
2026-05-05 15:19:19,13,1323,CT,1,8,7.3
2026-05-05 15:25:00,10,1015,병동,7,4,3.5
2026-05-05 15:31:33,16,1620,수술실,3,6,8.9
2026-05-05 15:42:08,8,816,MRI,-3,5,8.6
2026-05-05 15:54:10,8,822,CT,1,7,6.4
2026-05-05 16:15:18,7,718,병동,5,5,3.0
2026-05-05 16:25:40,15,1503,병동,6,6,6.5
2026-05-05 16:36:58,12,1236,병동,11,4,2.4
2026-05-05 16:43:31,17,1735,CT,1,7,10.6
2026-05-05 16:57:54,14,1414,병동,8,8,4.4
2026-05-05 17:28:46,11,1112,CT,1,4,7.7
2026-05-05 17:46:26,10,1003,MRI,-3,0,9.3
2026-05-05 18:12:30,5,521,병동,18,3,8.4
2026-05-05 18:59:11,7,725,CT,1,2,5.8
2026-05-05 19:06:16,12,1227,수술실,3,3,6.9
2026-05-05 19:10:05,12,1225,MRI,-3,3,9.0
2026-05-05 19:29:48,16,1620,MRI,-3,2,12.4
2026-05-05 19:47:14,9,925,병동,11,4,3.2
2026-05-05 20:59:56,11,1122,수술실,3,1,6.3
2026-05-06 06:08:48,18,1838,CT,1,3,10.4
2026-05-06 06:14:44,16,1622,MRI,-3,3,9.2
2026-05-06 06:20:53,15,1531,병동,16,2,2.5
2026-05-06 06:29:35,18,1822,MRI,-3,0,13.1
2026-05-06 06:42:45,18,1810,병동,9,1,6.6
2026-05-06 07:00:55,8,828,수술실,3,4,4.8
2026-05-06 07:03:41,17,1717,수술실,3,3,10.1
2026-05-06 07:07:36,12,1236,MRI,-3,0,9.9
2026-05-06 07:16:33,7,731,수술실,3,3,4.0
2026-05-06 07:28:43,15,1535,병동,16,1,2.0
2026-05-06 07:29:02,10,1008,CT,1,4,7.2
2026-05-06 07:41:26,7,702,수술실,3,0,4.4
2026-05-06 07:43:38,8,829,병동,9,3,2.0
2026-05-06 07:52:07,15,1521,CT,1,1,8.5
2026-05-06 08:00:01,10,1023,수술실,3,11,7.6
2026-05-06 08:00:55,7,706,MRI,-3,13,9.8
2026-05-06 08:12:11,13,1324,CT,1,12,9.7
2026-05-06 08:21:56,6,631,CT,1,14,5.8
2026-05-06 08:24:43,17,1720,수술실,3,10,11.2
2026-05-06 08:34:01,11,1101,병동,12,11,3.9
2026-05-06 08:36:23,10,1016,MRI,-3,12,11.4
2026-05-06 08:39:12,11,1139,MRI,-3,12,9.9
2026-05-06 08:40:12,11,1122,MRI,-3,15,11.2
2026-05-06 08:42:01,17,1708,CT,1,10,9.2
2026-05-06 08:42:26,16,1609,MRI,-3,15,12.4
2026-05-06 08:45:49,17,1724,병동,8,15,7.8
2026-05-06 08:47:22,6,636,병동,7,13,5.0
2026-05-06 08:53:32,5,506,수술실,3,14,6.0
2026-05-06 08:58:04,18,1832,수술실,3,14,11.1
2026-05-06 08:59:14,16,1615,수술실,3,14,10.4
2026-05-06 09:05:50,6,606,CT,1,15,6.6
2026-05-06 09:09:05,17,1708,MRI,-3,15,14.8
2026-05-06 09:17:13,15,1538,병동,12,13,5.4
2026-05-06 09:20:48,13,1334,병동,7,11,7.4
2026-05-06 09:22:00,7,721,CT,1,9,6.2
2026-05-06 09:27:43,11,1111,CT,1,8,8.0
2026-05-06 09:28:10,12,1234,병동,13,11,4.9
2026-05-06 09:28:46,8,826,병동,16,10,6.8
2026-05-06 09:34:41,14,1416,MRI,-3,12,13.8
2026-05-06 09:47:25,10,1025,MRI,-3,14,11.2
2026-05-06 09:53:16,13,1305,병동,11,11,4.0
2026-05-06 09:53:46,16,1623,MRI,-3,12,11.7
2026-05-06 09:54:11,8,809,MRI,-3,10,7.4
2026-05-06 09:56:11,11,1138,병동,14,13,5.7
2026-05-06 10:01:08,10,1038,병동,12,12,5.3
2026-05-06 10:04:00,5,503,병동,16,9,6.3
2026-05-06 10:04:53,8,809,MRI,-3,11,11.2
2026-05-06 10:07:46,15,1504,병동,12,7,4.4
2026-05-06 10:07:54,13,1317,MRI,-3,11,13.6
2026-05-06 10:24:04,7,725,수술실,3,6,4.7
2026-05-06 10:34:17,13,1332,MRI,-3,8,10.1
2026-05-06 10:37:32,16,1617,MRI,-3,6,12.1
2026-05-06 10:40:23,11,1132,수술실,3,10,7.8
2026-05-06 10:43:11,17,1731,수술실,3,10,8.0
2026-05-06 10:43:28,14,1429,MRI,-3,11,12.4
2026-05-06 10:54:26,5,529,CT,1,7,5.0
2026-05-06 11:00:11,17,1703,병동,13,7,4.6
2026-05-06 11:03:11,15,1536,CT,1,6,9.0
2026-05-06 11:03:41,10,1025,수술실,3,10,7.6
2026-05-06 11:10:41,15,1524,수술실,3,7,7.2
2026-05-06 11:16:40,9,932,병동,17,11,7.4
2026-05-06 11:24:18,5,508,수술실,3,7,3.9
2026-05-06 11:25:07,5,516,수술실,3,6,4.1
2026-05-06 11:58:16,12,1235,병동,5,11,6.9
2026-05-06 12:09:22,17,1720,병동,8,7,7.7
2026-05-06 12:19:26,8,817,MRI,-3,4,7.9
2026-05-06 12:23:12,15,1537,MRI,-3,6,10.6
2026-05-06 12:32:17,9,928,병동,10,4,2.0
2026-05-06 12:33:36,10,1021,병동,13,3,2.8
2026-05-06 13:03:06,9,923,MRI,-3,8,7.8
2026-05-06 13:03:43,18,1838,수술실,3,7,8.3
2026-05-06 13:11:38,16,1606,병동,13,6,3.6
2026-05-06 13:54:01,12,1228,병동,12,9,3.5
2026-05-06 14:07:13,12,1233,병동,15,10,4.8
2026-05-06 14:08:37,17,1715,CT,1,9,9.6
2026-05-06 14:14:26,8,818,CT,1,10,6.0
2026-05-06 14:23:38,6,614,수술실,3,6,6.1
2026-05-06 14:42:54,10,1026,수술실,3,10,5.9
2026-05-06 14:43:36,6,633,수술실,3,10,4.3
2026-05-06 14:44:22,10,1005,MRI,-3,10,9.7
2026-05-06 14:53:58,11,1121,CT,1,10,6.2
2026-05-06 15:05:23,5,539,병동,17,8,6.9
2026-05-06 15:07:34,13,1308,CT,1,4,6.7
2026-05-06 15:18:40,9,904,CT,1,7,5.5
2026-05-06 15:19:14,10,1003,병동,7,7,3.4
2026-05-06 15:32:34,7,730,CT,1,3,4.8
2026-05-06 15:47:43,9,916,수술실,3,8,5.8
2026-05-06 16:08:54,12,1217,병동,5,8,6.8
2026-05-06 16:09:40,11,1127,CT,1,5,5.8
2026-05-06 16:18:16,11,1111,수술실,3,7,7.7
2026-05-06 16:30:50,14,1439,병동,8,8,5.1
2026-05-06 16:34:59,16,1614,MRI,-3,7,10.9
2026-05-06 16:49:48,9,928,MRI,-3,7,10.5
2026-05-06 16:53:53,18,1831,MRI,-3,6,14.2
2026-05-06 16:57:46,10,1030,CT,1,6,6.7
2026-05-06 17:43:55,10,1003,MRI,-3,4,9.5
2026-05-06 17:54:30,11,1140,MRI,-3,1,9.1
2026-05-06 17:56:37,8,806,병동,16,2,4.2
2026-05-06 18:20:27,5,527,MRI,-3,0,6.2
2026-05-06 18:35:07,5,516,수술실,3,3,4.2
2026-05-06 20:55:28,9,937,수술실,3,1,6.0
2026-05-06 20:57:13,7,731,병동,8,0,2.4
2026-05-06 21:00:42,17,1720,병동,12,4,4.3
2026-05-06 21:35:03,10,1033,CT,1,0,6.2
2026-05-07 06:23:33,7,722,수술실,3,1,5.4
2026-05-07 06:58:34,8,828,MRI,-3,1,9.4
2026-05-07 07:13:20,7,719,MRI,-3,2,8.4
2026-05-07 07:13:35,5,536,수술실,3,3,3.1
2026-05-07 07:46:38,5,518,수술실,3,4,3.9
2026-05-07 08:01:38,16,1619,CT,1,13,9.1
2026-05-07 08:08:26,11,1124,수술실,3,8,7.0
2026-05-07 08:10:26,16,1622,CT,1,14,9.6
2026-05-07 08:16:30,17,1701,CT,1,12,9.1
2026-05-07 08:18:15,7,717,CT,1,15,8.3
2026-05-07 08:22:03,13,1302,수술실,3,14,7.6
2026-05-07 08:29:57,15,1523,CT,1,12,9.5
2026-05-07 08:30:56,7,714,MRI,-3,8,8.8
2026-05-07 08:31:02,6,628,CT,1,12,5.7
2026-05-07 08:34:06,7,705,MRI,-3,11,10.4
2026-05-07 08:34:25,5,529,CT,1,14,6.6
2026-05-07 08:42:40,16,1635,MRI,-3,9,10.0
2026-05-07 08:45:13,6,617,수술실,3,12,6.0
2026-05-07 08:49:17,6,616,MRI,-3,13,8.1
2026-05-07 08:51:41,15,1521,수술실,3,14,9.0
2026-05-07 08:53:22,14,1415,CT,1,8,7.3
2026-05-07 09:00:02,8,820,수술실,3,11,6.3
2026-05-07 09:04:48,11,1127,병동,16,14,6.9
2026-05-07 09:04:50,9,938,병동,6,14,6.0
2026-05-07 09:06:19,12,1220,병동,10,14,4.6
2026-05-07 09:13:07,9,936,CT,1,11,6.3
2026-05-07 09:17:17,17,1730,MRI,-3,11,12.5
2026-05-07 09:24:25,9,939,병동,12,11,5.6
2026-05-07 09:28:43,17,1712,수술실,3,10,10.7
2026-05-07 09:34:03,10,1016,MRI,-3,10,11.6
2026-05-07 09:37:07,14,1433,CT,1,15,10.6
2026-05-07 09:41:33,18,1802,MRI,-3,15,14.4
2026-05-07 09:47:16,12,1203,CT,1,10,7.4
2026-05-07 10:02:18,7,702,수술실,3,9,6.4
2026-05-07 10:06:06,6,625,수술실,3,9,5.9
2026-05-07 10:09:00,9,936,CT,1,6,7.6
2026-05-07 10:12:43,15,1501,CT,1,11,9.1
2026-05-07 10:13:31,15,1536,CT,1,6,10.9
2026-05-07 10:14:54,6,630,MRI,-3,12,8.4
2026-05-07 10:29:44,5,522,CT,1,9,5.3
2026-05-07 10:31:54,13,1321,CT,1,9,6.8
2026-05-07 10:32:38,5,508,CT,1,11,6.2
2026-05-07 10:52:36,12,1203,MRI,-3,6,9.9
2026-05-07 10:55:09,17,1731,CT,1,6,9.1
2026-05-07 11:04:48,5,522,병동,8,7,4.9
2026-05-07 11:12:32,9,909,수술실,3,6,6.3
2026-05-07 11:13:44,17,1708,수술실,3,9,8.0
2026-05-07 11:15:41,12,1216,병동,17,8,5.5
2026-05-07 11:17:13,14,1419,병동,9,10,5.3
2026-05-07 11:20:15,7,719,CT,1,11,5.7
2026-05-07 11:23:30,12,1239,병동,8,8,4.4
2026-05-07 11:24:40,13,1318,MRI,-3,7,11.4
2026-05-07 11:24:59,18,1811,수술실,3,12,9.2
2026-05-07 11:25:20,15,1503,CT,1,10,10.3
2026-05-07 11:26:13,18,1806,병동,8,11,6.9
2026-05-07 11:28:24,14,1409,수술실,3,6,9.2
2026-05-07 11:37:02,11,1112,병동,16,10,5.2
2026-05-07 11:37:12,15,1523,병동,8,10,6.3
2026-05-07 11:41:31,11,1133,MRI,-3,7,9.5
2026-05-07 11:43:00,8,804,수술실,3,11,6.8
2026-05-07 11:46:40,15,1502,수술실,3,7,7.9
2026-05-07 11:48:24,8,810,수술실,3,12,7.5
2026-05-07 11:53:48,14,1426,수술실,3,8,9.0
2026-05-07 11:54:59,14,1440,MRI,-3,7,10.1
2026-05-07 11:58:46,15,1524,수술실,3,12,10.6
2026-05-07 12:01:22,15,1529,병동,12,4,3.0
2026-05-07 12:03:56,17,1712,수술실,3,5,10.3
2026-05-07 12:16:33,5,507,수술실,3,6,4.3
2026-05-07 12:19:59,7,737,MRI,-3,5,7.3
2026-05-07 12:20:16,12,1222,MRI,-3,3,10.0
2026-05-07 12:53:54,5,538,병동,7,6,3.4
2026-05-07 12:56:13,15,1509,CT,1,3,7.0
2026-05-07 13:00:59,6,606,CT,1,10,6.1
2026-05-07 13:08:28,8,801,MRI,-3,8,9.1
2026-05-07 13:17:55,8,837,수술실,3,7,5.5
2026-05-07 13:18:01,6,617,MRI,-3,9,9.7
2026-05-07 13:25:12,8,806,병동,9,6,3.4
2026-05-07 13:27:49,9,921,MRI,-3,8,8.3
2026-05-07 13:31:30,5,536,수술실,3,5,3.8
2026-05-07 13:36:49,6,614,병동,13,9,6.6
2026-05-07 13:56:09,9,925,병동,13,5,3.2
2026-05-07 13:58:07,16,1609,병동,5,9,8.4
2026-05-07 14:08:51,13,1339,수술실,3,8,7.0
2026-05-07 14:22:31,6,618,수술실,3,5,3.5
2026-05-07 14:55:42,18,1830,수술실,3,10,10.0
2026-05-07 15:15:14,9,902,MRI,-3,8,8.2
2026-05-07 15:17:51,8,803,수술실,3,7,6.7
2026-05-07 15:18:12,5,515,수술실,3,8,5.6
2026-05-07 15:20:15,9,936,CT,1,6,7.5
2026-05-07 15:23:08,11,1104,CT,1,4,5.6
2026-05-07 15:35:45,13,1303,병동,9,4,3.1
2026-05-07 15:37:37,18,1801,CT,1,7,11.4
2026-05-07 15:48:07,16,1613,MRI,-3,6,12.5
2026-05-07 15:54:37,7,711,수술실,3,3,5.4
2026-05-07 16:04:08,6,624,MRI,-3,5,5.9
2026-05-07 16:07:10,16,1629,CT,1,8,8.5
2026-05-07 16:38:43,5,518,병동,15,3,5.1
2026-05-07 16:40:59,6,630,수술실,3,4,5.0
2026-05-07 18:17:21,8,826,CT,1,3,4.2
2026-05-07 19:01:57,10,1026,수술실,3,1,6.2
2026-05-07 19:16:36,11,1118,수술실,3,0,7.0
2026-05-07 19:23:57,14,1440,수술실,3,4,7.5
2026-05-08 06:09:20,13,1308,MRI,-3,0,8.1
2026-05-08 06:24:55,7,733,MRI,-3,2,6.8
2026-05-08 06:47:20,10,1024,CT,1,4,6.0
2026-05-08 06:48:40,5,530,수술실,3,3,3.8
2026-05-08 06:50:57,14,1418,수술실,3,3,7.6
2026-05-08 07:00:48,18,1831,병동,10,0,4.7
2026-05-08 07:18:29,6,623,CT,1,2,4.7
2026-05-08 07:21:35,10,1007,MRI,-3,0,7.8
2026-05-08 07:40:43,15,1539,MRI,-3,3,10.4
2026-05-08 07:49:13,15,1507,수술실,3,2,7.6
2026-05-08 07:56:05,10,1003,수술실,3,0,5.5
2026-05-08 08:00:35,7,712,CT,1,12,7.5
2026-05-08 08:02:12,14,1417,MRI,-3,14,10.0
2026-05-08 08:05:24,10,1011,병동,10,12,3.9
2026-05-08 08:10:56,11,1114,CT,1,15,9.3
2026-05-08 08:11:16,16,1623,CT,1,9,8.3
2026-05-08 08:13:20,5,506,MRI,-3,10,7.8
2026-05-08 08:13:24,8,804,MRI,-3,10,10.5
2026-05-08 08:24:09,9,924,MRI,-3,11,9.4
2026-05-08 08:24:20,18,1807,병동,9,10,5.4
2026-05-08 08:32:01,5,522,수술실,3,9,5.2
2026-05-08 08:32:52,12,1231,MRI,-3,13,9.7
2026-05-08 08:32:53,16,1601,병동,6,10,6.9
2026-05-08 08:43:48,5,522,MRI,-3,10,7.8
2026-05-08 08:44:56,6,602,병동,7,12,5.1
2026-05-08 08:47:41,17,1734,MRI,-3,9,14.4
2026-05-08 08:53:34,15,1517,수술실,3,9,7.2
2026-05-08 08:58:01,13,1325,수술실,3,14,7.8
2026-05-08 09:04:24,12,1207,MRI,-3,14,13.0
2026-05-08 09:09:13,9,936,병동,12,12,5.0
2026-05-08 09:09:35,8,832,CT,1,13,7.2
2026-05-08 09:14:02,13,1315,수술실,3,10,7.2
2026-05-08 09:17:32,17,1721,병동,16,11,4.8
2026-05-08 09:18:05,13,1330,CT,1,8,9.1
2026-05-08 09:18:40,12,1229,MRI,-3,9,11.3
2026-05-08 09:20:35,7,732,CT,1,14,6.6
2026-05-08 09:20:46,14,1436,MRI,-3,15,13.2
2026-05-08 09:21:21,6,622,CT,1,11,7.6
2026-05-08 09:24:08,5,507,MRI,-3,13,9.7
2026-05-08 09:24:54,7,740,수술실,3,15,5.4
2026-05-08 09:29:18,5,514,수술실,3,9,3.9
2026-05-08 09:30:51,18,1821,수술실,3,11,11.3
2026-05-08 09:38:34,10,1022,병동,9,14,5.0
2026-05-08 09:41:56,9,929,수술실,3,13,7.1
2026-05-08 09:42:46,6,608,수술실,3,14,5.9
2026-05-08 09:43:46,6,614,MRI,-3,13,9.2
2026-05-08 09:44:22,9,909,병동,11,14,5.1
2026-05-08 09:52:35,14,1433,병동,8,14,5.9
2026-05-08 09:52:56,15,1535,수술실,3,9,9.2
2026-05-08 09:56:50,18,1833,병동,17,14,4.2
2026-05-08 09:58:07,16,1639,MRI,-3,9,10.6
2026-05-08 09:59:08,11,1113,병동,6,14,5.8
2026-05-08 10:18:45,9,907,병동,17,11,6.7
2026-05-08 10:22:38,5,501,수술실,3,10,4.2
2026-05-08 10:29:43,15,1514,MRI,-3,8,10.0
2026-05-08 10:30:55,7,725,CT,1,11,7.9
2026-05-08 10:37:44,15,1526,MRI,-3,12,13.6
2026-05-08 10:45:00,9,924,MRI,-3,9,10.2
2026-05-08 10:48:14,5,510,수술실,3,11,5.6
2026-05-08 10:48:26,15,1540,수술실,3,11,11.5
2026-05-08 10:48:29,5,529,수술실,3,7,4.8
2026-05-08 10:56:09,11,1102,MRI,-3,9,9.7
2026-05-08 10:56:46,11,1123,CT,1,12,7.8
2026-05-08 11:01:07,17,1735,병동,8,11,7.9
2026-05-08 11:01:28,16,1618,수술실,3,9,8.4
2026-05-08 11:09:07,6,631,CT,1,12,5.5
2026-05-08 11:36:58,12,1201,CT,1,7,9.2
2026-05-08 11:50:25,8,801,병동,5,9,3.8
2026-05-08 12:02:17,7,726,MRI,-3,4,7.2
2026-05-08 12:07:52,8,813,MRI,-3,4,9.3
2026-05-08 12:09:39,12,1229,CT,1,6,7.8
2026-05-08 12:15:40,9,907,CT,1,7,6.3
2026-05-08 12:17:55,13,1309,병동,11,3,3.1
2026-05-08 12:18:02,15,1521,MRI,-3,5,8.6
2026-05-08 12:23:37,10,1018,CT,1,4,6.9
2026-05-08 12:51:15,14,1431,수술실,3,7,6.8
2026-05-08 13:02:33,10,1035,MRI,-3,5,8.4
2026-05-08 13:12:06,10,1013,CT,1,10,6.5
2026-05-08 13:15:07,12,1218,병동,8,8,4.0
2026-05-08 13:19:22,12,1224,MRI,-3,5,10.9
2026-05-08 13:21:54,6,631,MRI,-3,10,6.6
2026-05-08 13:29:27,9,906,병동,18,7,7.8
2026-05-08 13:31:55,13,1309,병동,8,8,4.8
2026-05-08 13:33:40,10,1003,병동,9,7,3.6
2026-05-08 13:36:48,5,540,MRI,-3,9,7.0
2026-05-08 13:39:32,10,1021,CT,1,9,7.4
2026-05-08 14:00:38,13,1315,CT,1,7,7.9
2026-05-08 14:19:32,11,1107,MRI,-3,10,8.2
2026-05-08 14:22:37,8,827,MRI,-3,9,9.2
2026-05-08 14:23:55,14,1439,CT,1,6,9.3
2026-05-08 14:32:46,7,722,CT,1,8,5.0
2026-05-08 14:32:53,8,819,병동,12,7,4.8
2026-05-08 14:33:51,6,631,CT,1,5,5.4
2026-05-08 14:43:48,17,1705,수술실,3,6,10.1
2026-05-08 14:47:39,14,1436,CT,1,10,9.2
2026-05-08 14:51:11,5,502,CT,1,9,4.9
2026-05-08 14:55:33,7,715,수술실,3,9,6.3
2026-05-08 15:04:36,5,534,수술실,3,3,3.4
2026-05-08 15:16:44,5,505,병동,12,4,5.8
2026-05-08 15:27:12,5,518,MRI,-3,3,6.7
2026-05-08 15:27:51,12,1219,MRI,-3,7,8.7
2026-05-08 15:46:45,17,1731,병동,17,5,1.6
2026-05-08 15:57:20,15,1538,수술실,3,5,9.2
2026-05-08 16:05:39,9,911,MRI,-3,7,10.9
2026-05-08 16:09:31,11,1129,CT,1,7,6.0
2026-05-08 16:23:24,8,834,MRI,-3,4,6.5
2026-05-08 16:42:19,5,515,CT,1,6,5.1
2026-05-08 16:44:14,14,1416,CT,1,7,7.9
2026-05-08 16:53:59,9,901,병동,11,8,4.3
2026-05-08 16:54:22,8,827,병동,7,4,2.8
2026-05-08 16:56:55,17,1722,수술실,3,6,10.6
2026-05-08 16:59:57,15,1504,병동,11,8,4.3
2026-05-08 17:26:10,16,1635,병동,18,2,2.3
2026-05-08 17:49:49,8,835,수술실,3,0,5.1
2026-05-08 17:59:46,9,927,CT,1,1,5.5
2026-05-08 18:40:46,10,1018,수술실,3,1,5.8
2026-05-08 19:10:29,9,928,CT,1,1,6.3
2026-05-08 19:22:36,9,911,CT,1,1,6.6
2026-05-08 19:39:20,5,519,병동,16,1,6.6
2026-05-08 20:17:43,10,1020,CT,1,2,7.0
2026-05-08 20:34:40,17,1713,수술실,3,2,10.1
2026-05-08 20:42:56,12,1202,CT,1,1,6.1
2026-05-08 21:48:02,18,1838,MRI,-3,1,10.4
2026-05-09 06:28:27,7,702,MRI,-3,4,7.0
2026-05-09 06:41:56,15,1522,수술실,3,3,9.1
2026-05-09 06:56:12,17,1714,수술실,3,0,9.5
2026-05-09 07:03:42,14,1423,수술실,3,0,8.6
2026-05-09 07:05:56,16,1634,MRI,-3,1,10.7
2026-05-09 07:06:55,18,1829,수술실,3,1,8.2
2026-05-09 07:17:27,11,1139,수술실,3,4,6.4
2026-05-09 07:19:57,9,915,MRI,-3,4,7.3
2026-05-09 07:49:09,12,1232,수술실,3,1,7.3
2026-05-09 07:49:56,7,713,MRI,-3,1,6.4
2026-05-09 07:51:17,11,1123,CT,1,4,6.9
2026-05-09 08:00:03,15,1505,병동,8,13,7.4
2026-05-09 08:00:37,18,1815,CT,1,12,9.2
2026-05-09 08:03:45,7,720,수술실,3,13,7.0
2026-05-09 08:09:40,16,1638,CT,1,8,10.1
2026-05-09 08:17:13,17,1736,CT,1,9,10.7
2026-05-09 08:17:31,10,1004,MRI,-3,11,12.8
2026-05-09 08:25:36,11,1126,MRI,-3,10,11.3
2026-05-09 08:31:35,14,1405,병동,7,12,7.2
2026-05-09 08:32:32,9,929,병동,16,13,5.7
2026-05-09 08:38:38,12,1221,MRI,-3,13,9.9
2026-05-09 08:43:04,15,1536,CT,1,8,10.0
2026-05-09 08:53:55,13,1338,병동,8,13,7.1
2026-05-09 08:58:42,14,1414,MRI,-3,8,11.3
2026-05-09 09:00:32,12,1205,CT,1,9,7.9
2026-05-09 09:07:25,18,1822,수술실,3,10,10.8
2026-05-09 09:09:24,7,735,MRI,-3,12,8.2
2026-05-09 09:32:28,10,1019,수술실,3,11,9.1
2026-05-09 09:39:13,16,1627,수술실,3,8,9.4
2026-05-09 09:41:39,13,1308,수술실,3,9,8.4
2026-05-09 09:47:12,12,1215,CT,1,10,9.4
2026-05-09 09:48:41,11,1130,병동,8,14,5.1
2026-05-09 09:49:25,17,1706,수술실,3,9,10.7
2026-05-09 09:50:48,17,1731,병동,15,15,4.0
2026-05-09 10:02:26,9,913,CT,1,8,7.1
2026-05-09 10:08:00,7,701,CT,1,6,6.8
2026-05-09 10:26:37,11,1136,MRI,-3,10,12.0
2026-05-09 10:29:53,9,907,CT,1,11,6.5
2026-05-09 10:29:59,14,1424,MRI,-3,8,11.4
2026-05-09 10:42:24,9,922,MRI,-3,12,8.6
2026-05-09 10:42:47,6,633,CT,1,11,7.8
2026-05-09 10:43:44,8,837,수술실,3,9,4.9
2026-05-09 10:55:36,10,1017,병동,5,8,5.4
2026-05-09 10:56:25,10,1005,수술실,3,10,7.2
2026-05-09 11:01:04,17,1701,CT,1,12,12.9
2026-05-09 11:02:53,17,1733,CT,1,12,12.6
2026-05-09 11:05:39,16,1627,MRI,-3,12,14.2
2026-05-09 11:12:50,9,910,MRI,-3,8,8.6
2026-05-09 11:16:58,9,906,MRI,-3,9,10.5
2026-05-09 11:29:29,12,1211,수술실,3,7,6.7
2026-05-09 11:32:25,18,1811,CT,1,7,8.6
2026-05-09 11:35:47,8,840,MRI,-3,7,10.1
2026-05-09 11:38:14,8,832,수술실,3,8,6.5
2026-05-09 11:43:18,17,1720,수술실,3,12,9.8
2026-05-09 11:44:52,11,1115,MRI,-3,11,12.7
2026-05-09 11:48:26,9,915,MRI,-3,10,8.1
2026-05-09 11:48:34,14,1418,MRI,-3,12,11.2
2026-05-09 11:53:16,15,1539,병동,5,11,8.0
2026-05-09 11:58:41,14,1407,CT,1,9,8.9
2026-05-09 12:21:39,14,1431,수술실,3,5,6.9
2026-05-09 12:30:32,13,1328,CT,1,4,6.8
2026-05-09 12:31:39,9,915,CT,1,4,5.2
2026-05-09 12:35:31,13,1311,병동,15,4,2.9
2026-05-09 12:36:52,15,1508,수술실,3,3,6.9
2026-05-09 12:37:56,15,1525,병동,6,3,6.5
2026-05-09 12:52:34,18,1810,MRI,-3,5,13.2
2026-05-09 12:52:44,17,1719,수술실,3,3,7.1
2026-05-09 12:58:09,11,1122,수술실,3,6,6.9
2026-05-09 13:15:38,10,1029,수술실,3,9,6.1
2026-05-09 13:17:00,5,540,수술실,3,8,4.4
2026-05-09 13:19:31,6,627,MRI,-3,9,8.6
2026-05-09 13:34:51,7,728,수술실,3,8,5.0
2026-05-09 13:53:02,14,1402,수술실,3,10,10.0
2026-05-09 13:56:25,17,1719,병동,15,5,3.3
2026-05-09 13:56:57,18,1805,MRI,-3,9,10.5
2026-05-09 13:59:15,13,1333,CT,1,5,8.5
2026-05-09 14:12:55,7,738,MRI,-3,9,8.5
2026-05-09 14:22:21,11,1130,수술실,3,8,8.6
2026-05-09 14:26:07,15,1514,CT,1,7,9.2
2026-05-09 14:48:31,16,1607,MRI,-3,10,14.5
2026-05-09 14:53:49,11,1123,병동,16,10,5.4
2026-05-09 15:01:32,16,1632,MRI,-3,4,9.1
2026-05-09 15:05:01,14,1438,수술실,3,3,7.2
2026-05-09 15:06:10,18,1822,CT,1,3,7.5
2026-05-09 15:13:56,17,1720,병동,8,6,6.2
2026-05-09 15:25:29,7,706,MRI,-3,4,7.9
2026-05-09 15:43:47,5,524,CT,1,3,4.4
2026-05-09 15:50:07,17,1716,CT,1,5,7.6
2026-05-09 15:59:25,7,737,병동,5,4,2.5
2026-05-09 16:00:43,17,1726,MRI,-3,5,13.5
2026-05-09 16:01:32,6,623,수술실,3,4,4.9
2026-05-09 16:03:52,5,517,병동,9,7,4.4
2026-05-09 16:11:26,7,713,MRI,-3,8,8.8
2026-05-09 16:33:48,12,1213,수술실,3,8,8.2
2026-05-09 16:46:10,12,1232,병동,10,5,3.3
2026-05-09 16:53:49,13,1317,MRI,-3,3,9.9
2026-05-09 16:56:53,10,1035,병동,16,4,4.4
2026-05-09 16:57:24,9,922,CT,1,3,6.2
2026-05-09 16:57:50,15,1525,CT,1,5,7.5
2026-05-09 16:57:51,16,1608,MRI,-3,5,9.7
2026-05-09 17:15:04,15,1504,병동,13,0,3.2
2026-05-09 17:16:21,16,1626,MRI,-3,4,13.1
2026-05-09 17:53:12,14,1408,MRI,-3,2,10.1
2026-05-09 20:42:00,16,1607,CT,1,2,9.7
2026-05-09 21:12:57,14,1440,MRI,-3,4,11.7
2026-05-10 06:06:59,10,1007,CT,1,0,6.2
2026-05-10 06:40:50,17,1705,수술실,3,3,9.6
2026-05-10 06:41:11,17,1737,수술실,3,4,9.9
2026-05-10 06:53:50,7,705,수술실,3,0,4.7
2026-05-10 07:40:32,14,1418,병동,10,4,3.7
2026-05-10 07:49:44,14,1413,수술실,3,4,7.8
2026-05-10 08:02:08,11,1123,수술실,3,14,8.6
2026-05-10 08:02:52,5,521,MRI,-3,13,8.5
2026-05-10 08:06:59,18,1817,MRI,-3,14,11.9
2026-05-10 08:07:58,6,639,CT,1,12,7.7
2026-05-10 08:09:40,18,1840,병동,8,10,6.3
2026-05-10 08:12:39,16,1631,병동,15,9,2.9
2026-05-10 08:15:36,12,1227,병동,8,9,5.3
2026-05-10 08:18:56,9,937,MRI,-3,14,8.6
2026-05-10 08:21:14,10,1006,MRI,-3,11,10.4
2026-05-10 08:24:26,15,1513,병동,8,14,6.1
2026-05-10 08:25:21,13,1314,MRI,-3,10,13.0
2026-05-10 08:26:24,8,803,병동,12,15,5.7
2026-05-10 08:28:42,7,736,MRI,-3,10,7.2
2026-05-10 08:29:36,15,1533,MRI,-3,11,12.5
2026-05-10 08:33:45,7,736,병동,6,11,4.3
2026-05-10 08:40:06,18,1836,CT,1,11,10.4
2026-05-10 08:41:46,15,1516,수술실,3,14,9.1
2026-05-10 08:42:59,13,1319,MRI,-3,12,12.4
2026-05-10 08:47:47,16,1637,수술실,3,12,9.8
2026-05-10 08:49:10,10,1018,병동,7,10,3.8
2026-05-10 08:53:01,18,1813,병동,7,8,7.9
2026-05-10 09:18:02,18,1822,MRI,-3,13,15.8
2026-05-10 09:27:26,18,1804,수술실,3,10,10.5
2026-05-10 09:31:38,17,1724,CT,1,14,10.1
2026-05-10 09:34:39,5,519,CT,1,10,5.7
2026-05-10 09:34:49,12,1207,병동,17,13,6.2
2026-05-10 09:38:49,10,1035,MRI,-3,9,9.6
2026-05-10 09:39:00,13,1332,CT,1,14,9.6
2026-05-10 09:42:03,17,1718,병동,12,8,5.5
2026-05-10 09:42:39,15,1513,수술실,3,10,10.4
2026-05-10 09:48:25,14,1426,수술실,3,12,8.2
2026-05-10 09:52:21,10,1010,병동,10,13,4.6
2026-05-10 09:52:47,6,618,수술실,3,14,6.3
2026-05-10 09:57:27,9,914,MRI,-3,13,9.8
2026-05-10 10:00:58,11,1139,MRI,-3,9,12.0
2026-05-10 10:04:10,12,1208,MRI,-3,10,11.7
2026-05-10 10:04:50,6,630,CT,1,7,6.3
2026-05-10 10:06:05,5,520,수술실,3,6,4.7
2026-05-10 10:10:50,18,1806,수술실,3,9,10.2
2026-05-10 10:14:12,11,1113,MRI,-3,12,13.2
2026-05-10 10:16:09,17,1709,CT,1,7,11.5
2026-05-10 10:18:51,5,519,수술실,3,10,5.6
2026-05-10 10:26:14,8,817,CT,1,10,6.0
2026-05-10 10:28:56,6,603,MRI,-3,9,7.4
2026-05-10 10:29:19,10,1016,CT,1,9,8.1
2026-05-10 10:31:40,16,1614,MRI,-3,6,10.5
2026-05-10 10:36:37,10,1024,병동,11,9,3.0
2026-05-10 10:51:47,10,1013,수술실,3,7,5.4
2026-05-10 10:57:58,5,509,병동,16,11,7.3
2026-05-10 11:01:28,12,1220,병동,5,11,6.2
2026-05-10 11:09:50,8,822,수술실,3,12,8.1
2026-05-10 11:16:55,18,1832,CT,1,12,10.2
2026-05-10 11:18:22,13,1327,MRI,-3,9,10.8
2026-05-10 11:18:26,16,1612,병동,14,11,4.1
2026-05-10 11:20:54,18,1827,병동,10,6,6.2
2026-05-10 11:21:36,16,1605,CT,1,11,9.9
2026-05-10 11:23:13,13,1336,MRI,-3,8,10.7
2026-05-10 11:24:52,6,630,CT,1,11,6.9
2026-05-10 11:25:21,6,625,CT,1,8,5.8
2026-05-10 11:31:34,17,1717,병동,9,10,7.0
2026-05-10 11:34:17,16,1607,MRI,-3,10,14.2
2026-05-10 11:37:33,16,1629,MRI,-3,11,13.9
2026-05-10 11:47:40,12,1230,수술실,3,8,7.4
2026-05-10 11:49:21,14,1434,MRI,-3,12,12.8
2026-05-10 11:50:08,15,1505,수술실,3,11,7.9
2026-05-10 11:51:04,18,1808,병동,6,6,7.5
2026-05-10 11:56:31,12,1228,병동,13,10,3.1
2026-05-10 12:02:46,18,1837,CT,1,3,8.3
2026-05-10 12:16:40,12,1234,MRI,-3,7,8.4
2026-05-10 12:31:14,10,1024,병동,11,4,2.3
2026-05-10 12:35:15,9,903,수술실,3,5,6.4
2026-05-10 12:37:38,6,632,수술실,3,3,3.6
2026-05-10 12:50:31,18,1804,병동,5,6,9.2
2026-05-10 12:59:44,13,1310,수술실,3,6,6.4
2026-05-10 12:59:57,7,703,CT,1,7,6.0
2026-05-10 13:00:54,12,1213,수술실,3,5,7.3
2026-05-10 13:07:15,8,820,병동,14,6,4.9
2026-05-10 13:17:43,6,609,병동,12,6,6.4
2026-05-10 13:24:51,17,1736,MRI,-3,5,11.9
2026-05-10 13:37:42,13,1307,병동,17,7,5.4
2026-05-10 13:38:28,17,1727,수술실,3,5,9.4
2026-05-10 14:18:12,11,1115,CT,1,10,7.3
2026-05-10 14:21:26,10,1019,수술실,3,7,6.2
2026-05-10 14:34:30,13,1339,병동,7,9,4.3
2026-05-10 14:37:43,16,1639,MRI,-3,10,11.9
2026-05-10 15:01:05,5,535,병동,5,5,1.7
2026-05-10 15:01:27,16,1603,CT,1,5,8.8
2026-05-10 15:01:46,18,1827,MRI,-3,5,12.6
2026-05-10 15:08:02,12,1203,CT,1,4,5.7
2026-05-10 15:16:12,15,1511,수술실,3,3,8.2
2026-05-10 15:18:10,16,1624,병동,7,8,5.5
2026-05-10 15:24:52,16,1630,MRI,-3,4,12.7
2026-05-10 15:27:02,7,715,CT,1,6,5.7
2026-05-10 15:29:02,6,614,MRI,-3,5,6.0
2026-05-10 15:32:18,11,1135,CT,1,8,6.9
2026-05-10 15:39:14,18,1816,CT,1,4,10.1
2026-05-10 15:42:32,16,1639,병동,8,5,4.3
2026-05-10 15:50:59,6,636,CT,1,5,3.8
2026-05-10 15:51:28,9,917,병동,16,6,5.0
2026-05-10 15:56:28,14,1433,CT,1,3,7.4
2026-05-10 16:14:22,8,830,수술실,3,7,7.0
2026-05-10 16:18:57,16,1624,MRI,-3,7,12.8
2026-05-10 16:24:17,18,1838,병동,6,4,6.9
2026-05-10 16:26:16,18,1815,병동,10,7,5.9
2026-05-10 16:26:43,10,1010,수술실,3,3,5.8
2026-05-10 16:27:39,16,1630,병동,16,4,2.3
2026-05-10 16:28:38,17,1709,MRI,-3,4,13.2
2026-05-10 16:40:48,13,1340,수술실,3,4,8.3
2026-05-10 16:43:53,6,614,CT,1,7,6.3
2026-05-10 17:07:09,5,502,수술실,3,4,3.5
2026-05-10 17:20:36,7,718,CT,1,2,5.2
2026-05-10 17:36:59,14,1427,병동,11,3,3.4
2026-05-10 17:45:41,6,603,수술실,3,0,3.6
2026-05-10 17:59:43,11,1106,CT,1,4,5.8
2026-05-10 18:10:47,8,802,병동,16,4,6.0
2026-05-10 19:10:15,11,1128,CT,1,4,7.6
2026-05-10 19:28:14,17,1707,MRI,-3,2,13.3
2026-05-10 19:54:59,5,518,수술실,3,1,3.5
2026-05-10 20:53:58,12,1235,병동,16,2,3.2
2026-05-10 21:26:29,12,1222,CT,1,3,7.6
2026-05-11 06:04:28,18,1806,CT,1,4,9.2
2026-05-11 06:07:20,10,1019,병동,11,3,2.0
2026-05-11 06:26:01,6,624,수술실,3,3,4.1
2026-05-11 06:27:05,10,1030,수술실,3,3,4.8
2026-05-11 06:33:31,6,618,CT,1,0,4.6
2026-05-11 06:37:02,13,1332,CT,1,0,7.2
2026-05-11 06:46:24,8,831,병동,13,4,4.3
2026-05-11 06:54:19,10,1010,수술실,3,4,6.3
2026-05-11 06:57:00,5,508,병동,13,2,5.7
2026-05-11 06:57:10,11,1129,병동,6,2,3.2
2026-05-11 07:00:34,12,1234,수술실,3,3,7.6
2026-05-11 07:17:11,10,1020,수술실,3,1,5.8
2026-05-11 07:34:40,14,1427,병동,6,1,6.2
2026-05-11 07:58:50,10,1009,수술실,3,2,5.0
2026-05-11 08:05:20,10,1003,수술실,3,11,8.1
2026-05-11 08:07:19,5,531,CT,1,13,7.2
2026-05-11 08:12:29,14,1426,CT,1,14,11.4
2026-05-11 08:15:10,16,1620,병동,17,11,4.2
2026-05-11 08:15:37,18,1807,병동,14,10,4.7
2026-05-11 08:15:38,15,1515,수술실,3,8,9.5
2026-05-11 08:16:20,13,1301,CT,1,13,8.0
2026-05-11 08:17:21,12,1238,CT,1,9,7.7
2026-05-11 08:20:36,17,1725,병동,10,15,7.7
2026-05-11 08:21:30,18,1807,수술실,3,12,9.0
2026-05-11 08:22:24,8,825,CT,1,12,7.9
2026-05-11 08:26:27,7,729,병동,14,12,8.0
2026-05-11 08:31:35,9,902,병동,9,9,2.4
2026-05-11 08:36:40,12,1210,CT,1,8,8.5
2026-05-11 08:38:05,9,916,병동,17,9,5.8
2026-05-11 08:39:49,13,1314,CT,1,13,8.0
2026-05-11 08:47:52,14,1437,수술실,3,12,9.2
2026-05-11 08:57:05,7,733,MRI,-3,11,10.3
2026-05-11 09:01:38,11,1131,병동,13,14,4.2
2026-05-11 09:13:16,18,1838,MRI,-3,9,14.7
2026-05-11 09:13:48,8,829,CT,1,9,7.0
2026-05-11 09:16:25,13,1332,병동,16,10,4.4
2026-05-11 09:16:54,11,1124,MRI,-3,13,12.6
2026-05-11 09:22:16,6,610,MRI,-3,12,8.5
2026-05-11 09:23:33,11,1116,수술실,3,14,9.6
2026-05-11 09:33:14,17,1722,병동,13,12,6.3
2026-05-11 09:34:54,15,1519,CT,1,10,8.8
2026-05-11 09:41:07,18,1836,수술실,3,8,10.6
2026-05-11 09:43:10,12,1216,CT,1,14,10.2
2026-05-11 09:43:37,17,1703,병동,9,9,6.3
2026-05-11 09:44:18,8,822,MRI,-3,15,11.8
2026-05-11 09:44:51,15,1530,수술실,3,14,9.6
2026-05-11 09:45:15,13,1325,CT,1,14,10.8
2026-05-11 09:47:08,6,636,CT,1,9,6.3
2026-05-11 09:55:53,15,1504,병동,7,8,6.5
2026-05-11 09:58:17,9,925,병동,14,9,6.0
2026-05-11 09:59:31,14,1409,병동,18,15,6.1
2026-05-11 10:03:06,6,616,병동,5,8,3.6
2026-05-11 10:16:32,12,1224,CT,1,9,8.0
2026-05-11 10:17:18,10,1012,MRI,-3,7,9.0
2026-05-11 10:18:13,14,1417,병동,9,7,4.7
2026-05-11 10:24:54,9,907,MRI,-3,7,9.1
2026-05-11 10:26:04,13,1334,MRI,-3,7,10.2
2026-05-11 10:31:55,9,938,MRI,-3,11,8.9
2026-05-11 10:33:21,18,1801,CT,1,6,10.3
2026-05-11 10:33:56,11,1102,수술실,3,10,7.0
2026-05-11 10:49:41,14,1415,MRI,-3,12,11.5
2026-05-11 10:57:21,14,1411,CT,1,7,8.2
2026-05-11 11:04:41,10,1009,수술실,3,7,7.2
2026-05-11 11:14:11,16,1612,MRI,-3,12,15.2
2026-05-11 11:16:49,11,1132,병동,15,9,5.1
2026-05-11 11:28:41,18,1807,MRI,-3,12,15.4
2026-05-11 11:38:16,5,511,수술실,3,9,3.9
2026-05-11 11:50:16,14,1411,병동,15,12,4.8
2026-05-11 11:55:14,17,1716,CT,1,11,12.1
2026-05-11 11:57:00,6,612,MRI,-3,8,8.4
2026-05-11 12:00:21,12,1215,CT,1,4,8.1
2026-05-11 12:02:29,10,1033,수술실,3,5,5.6
2026-05-11 12:04:56,9,934,CT,1,5,6.8
2026-05-11 12:14:52,14,1420,병동,10,7,5.5
2026-05-11 12:19:31,14,1439,병동,5,6,7.3
2026-05-11 12:27:42,14,1408,수술실,3,4,6.7
2026-05-11 12:31:34,18,1828,MRI,-3,6,12.8
2026-05-11 12:54:14,16,1601,병동,14,5,3.0
2026-05-11 12:58:14,6,636,CT,1,5,5.0
2026-05-11 13:02:29,15,1539,CT,1,6,10.8
2026-05-11 13:14:07,18,1834,수술실,3,8,8.8
2026-05-11 13:20:02,7,702,CT,1,10,5.4
2026-05-11 13:21:41,16,1609,수술실,3,5,7.3
2026-05-11 13:23:49,8,811,병동,15,5,4.9
2026-05-11 13:26:04,6,634,병동,5,6,3.7
2026-05-11 13:27:51,5,503,병동,12,9,5.3
2026-05-11 13:40:56,12,1214,CT,1,10,8.8
2026-05-11 13:56:03,12,1230,CT,1,7,6.9
2026-05-11 14:01:05,12,1230,MRI,-3,6,10.3
2026-05-11 14:02:52,15,1532,CT,1,8,9.0
2026-05-11 14:11:28,17,1729,MRI,-3,5,13.3
2026-05-11 14:23:06,15,1529,MRI,-3,9,10.7
2026-05-11 14:34:36,15,1515,MRI,-3,8,13.4
2026-05-11 14:40:40,17,1724,수술실,3,6,9.1
2026-05-11 14:41:20,12,1239,CT,1,5,6.6
2026-05-11 14:44:01,18,1803,CT,1,8,11.0
2026-05-11 14:53:33,16,1634,CT,1,9,8.4
2026-05-11 14:54:29,10,1031,CT,1,8,7.6
2026-05-11 14:58:37,6,608,병동,5,7,3.7
2026-05-11 14:59:16,15,1536,병동,18,7,4.9
2026-05-11 15:04:29,11,1140,수술실,3,5,5.5
2026-05-11 15:10:08,5,527,CT,1,4,3.9
2026-05-11 15:11:01,13,1316,MRI,-3,7,10.4
2026-05-11 15:12:29,11,1106,CT,1,7,6.5
2026-05-11 15:17:16,14,1415,MRI,-3,6,12.7
2026-05-11 15:24:16,9,905,병동,5,3,4.1
2026-05-11 15:36:43,15,1529,병동,6,8,7.2
2026-05-11 15:37:12,14,1412,수술실,3,3,6.3
2026-05-11 15:40:02,7,724,수술실,3,6,6.5
2026-05-11 16:27:28,16,1608,수술실,3,5,8.8
2026-05-11 16:38:02,18,1819,수술실,3,8,9.0
2026-05-11 16:38:32,13,1301,수술실,3,6,8.8
2026-05-11 16:43:27,9,919,CT,1,6,5.7
2026-05-11 16:46:17,7,724,MRI,-3,4,8.2
2026-05-11 16:59:17,7,707,CT,1,4,4.2
2026-05-11 17:30:31,18,1817,MRI,-3,1,12.1
2026-05-11 17:45:43,16,1603,MRI,-3,1,9.2
2026-05-11 18:28:24,17,1714,수술실,3,2,7.1
2026-05-11 19:15:01,14,1436,수술실,3,2,7.4
2026-05-11 19:26:09,16,1601,수술실,3,3,9.8
2026-05-11 19:58:03,9,936,수술실,3,4,5.7
2026-05-11 20:06:02,8,804,CT,1,1,4.8
2026-05-11 21:11:27,15,1507,CT,1,0,8.6
2026-05-11 21:31:11,9,909,수술실,3,3,5.9
2026-05-11 21:31:57,8,817,CT,1,3,4.7
2026-05-11 21:46:15,8,829,병동,14,4,3.9
2026-05-12 06:02:15,17,1729,수술실,3,2,8.2
2026-05-12 06:10:42,18,1806,수술실,3,1,7.8
2026-05-12 06:22:31,16,1623,MRI,-3,1,12.0
2026-05-12 06:30:31,18,1824,CT,1,0,10.3
2026-05-12 06:35:31,8,830,MRI,-3,2,8.2
2026-05-12 07:00:40,5,505,MRI,-3,4,6.7
2026-05-12 07:29:18,8,821,수술실,3,1,5.0
2026-05-12 07:55:54,10,1031,병동,13,3,3.4
2026-05-12 08:09:30,11,1111,CT,1,8,8.6
2026-05-12 08:11:44,9,934,수술실,3,14,6.7
2026-05-12 08:12:49,14,1415,MRI,-3,9,13.1
2026-05-12 08:14:35,12,1236,CT,1,9,7.9
2026-05-12 08:15:36,5,503,수술실,3,15,6.2
2026-05-12 08:29:16,5,540,병동,12,8,5.6
2026-05-12 08:38:17,8,817,CT,1,11,7.9
2026-05-12 08:39:08,9,923,MRI,-3,15,11.4
2026-05-12 08:40:40,16,1605,수술실,3,12,10.1
2026-05-12 08:45:33,18,1814,CT,1,8,12.0
2026-05-12 08:47:50,10,1034,병동,9,10,4.0
2026-05-12 08:47:55,8,818,병동,17,9,7.7
2026-05-12 08:48:46,11,1124,MRI,-3,11,10.8
2026-05-12 08:50:14,16,1640,CT,1,15,10.7
2026-05-12 08:51:10,8,821,CT,1,10,6.1
2026-05-12 08:52:08,9,901,수술실,3,10,6.7
2026-05-12 08:54:40,15,1520,MRI,-3,13,12.1
2026-05-12 09:03:29,5,522,수술실,3,13,5.2
2026-05-12 09:04:31,14,1438,CT,1,12,8.9
2026-05-12 09:05:11,17,1701,CT,1,9,10.9
2026-05-12 09:06:36,17,1724,수술실,3,8,11.3
2026-05-12 09:07:16,6,622,CT,1,13,6.2
2026-05-12 09:11:40,17,1712,수술실,3,9,11.0
2026-05-12 09:12:37,10,1024,CT,1,10,6.3
2026-05-12 09:14:18,7,717,수술실,3,14,7.5
2026-05-12 09:16:05,18,1836,수술실,3,11,11.7
2026-05-12 09:17:26,12,1216,CT,1,15,7.9
2026-05-12 09:18:37,14,1432,CT,1,15,8.3
2026-05-12 09:23:06,10,1038,병동,13,8,4.9
2026-05-12 09:24:31,10,1017,CT,1,8,8.1
2026-05-12 09:27:46,17,1738,수술실,3,8,10.1
2026-05-12 09:32:55,13,1326,CT,1,12,9.6
2026-05-12 09:35:08,9,908,수술실,3,13,7.0
2026-05-12 09:35:21,15,1508,수술실,3,8,8.4
2026-05-12 09:36:13,12,1231,MRI,-3,11,10.1
2026-05-12 09:37:49,15,1514,병동,8,11,7.5
2026-05-12 09:44:50,15,1515,MRI,-3,9,11.3
2026-05-12 09:49:07,18,1830,CT,1,12,11.2
2026-05-12 09:52:18,17,1706,수술실,3,11,8.9
2026-05-12 09:55:18,9,907,MRI,-3,8,10.8
2026-05-12 09:56:52,5,508,CT,1,9,5.9
2026-05-12 09:59:05,18,1806,CT,1,9,9.3
2026-05-12 10:07:38,17,1719,수술실,3,10,10.9
2026-05-12 10:08:47,10,1013,병동,17,8,5.5
2026-05-12 10:13:43,13,1311,수술실,3,11,10.3
2026-05-12 10:25:14,16,1611,CT,1,9,9.8
2026-05-12 10:26:21,6,626,MRI,-3,10,8.3
2026-05-12 10:28:43,12,1232,CT,1,12,10.4
2026-05-12 10:32:58,14,1414,CT,1,10,9.0
2026-05-12 10:36:30,17,1709,수술실,3,6,10.5
2026-05-12 10:56:12,5,507,MRI,-3,9,8.6
2026-05-12 11:00:16,10,1028,MRI,-3,10,11.2
2026-05-12 11:07:45,12,1230,MRI,-3,12,12.9
2026-05-12 11:10:24,13,1329,MRI,-3,10,12.7
2026-05-12 11:12:54,15,1520,수술실,3,12,9.9
2026-05-12 11:18:46,9,917,MRI,-3,11,10.6
2026-05-12 11:20:45,7,719,MRI,-3,8,7.4
2026-05-12 11:21:43,18,1827,MRI,-3,11,13.0
2026-05-12 11:22:46,15,1537,수술실,3,10,9.6
2026-05-12 11:22:54,11,1140,CT,1,6,6.7
2026-05-12 11:28:32,16,1625,MRI,-3,9,12.0
2026-05-12 11:39:37,16,1602,병동,12,11,6.0
2026-05-12 11:42:20,7,737,MRI,-3,6,9.5
2026-05-12 11:42:45,16,1619,수술실,3,6,9.5
2026-05-12 11:47:27,14,1424,수술실,3,6,8.3
2026-05-12 11:49:00,15,1514,병동,17,8,4.4
2026-05-12 11:53:43,11,1139,CT,1,11,7.6
2026-05-12 11:59:34,15,1525,병동,16,8,3.7
2026-05-12 12:04:24,15,1503,수술실,3,4,6.7
2026-05-12 12:06:05,6,628,병동,8,5,3.2
2026-05-12 12:07:39,5,523,병동,14,5,6.4
2026-05-12 12:22:58,13,1331,MRI,-3,3,11.8
2026-05-12 12:28:28,6,620,CT,1,5,4.5
2026-05-12 12:31:49,6,631,CT,1,4,4.2
2026-05-12 13:04:39,11,1126,MRI,-3,8,9.2
2026-05-12 13:13:17,9,932,수술실,3,9,7.2
2026-05-12 13:16:19,11,1136,수술실,3,8,8.0
2026-05-12 13:18:13,17,1706,MRI,-3,8,11.3
2026-05-12 13:29:59,6,622,병동,5,8,3.7
2026-05-12 13:33:21,12,1201,병동,10,8,4.3
2026-05-12 13:35:06,10,1019,병동,18,8,7.2
2026-05-12 13:40:14,16,1623,MRI,-3,7,13.1
2026-05-12 13:41:27,7,722,수술실,3,7,5.3
2026-05-12 13:44:58,16,1638,수술실,3,6,8.1
2026-05-12 13:48:30,12,1232,CT,1,7,7.2
2026-05-12 13:54:26,14,1416,CT,1,6,9.1
2026-05-12 13:55:59,12,1204,CT,1,8,6.6
2026-05-12 13:55:59,15,1516,병동,7,5,4.7
2026-05-12 14:04:30,5,528,MRI,-3,10,7.0
2026-05-12 14:08:44,13,1339,병동,11,5,2.5
2026-05-12 14:13:08,8,807,MRI,-3,8,9.9
2026-05-12 14:33:13,10,1004,CT,1,9,7.0
2026-05-12 15:34:11,11,1135,CT,1,8,7.5
2026-05-12 15:54:13,18,1809,CT,1,6,9.7
2026-05-12 15:54:33,13,1320,수술실,3,5,8.1
2026-05-12 16:03:37,6,637,CT,1,4,3.7
2026-05-12 16:33:29,8,827,MRI,-3,5,8.9
2026-05-12 16:40:36,8,840,CT,1,5,4.7
2026-05-12 16:57:07,10,1007,MRI,-3,6,9.7
2026-05-12 17:44:22,15,1532,MRI,-3,2,11.7
2026-05-12 17:48:53,8,838,병동,13,3,4.7
2026-05-12 19:19:09,17,1736,MRI,-3,2,11.5
2026-05-12 20:58:58,11,1112,MRI,-3,1,7.6
2026-05-13 06:00:25,5,530,수술실,3,4,3.4
2026-05-13 06:03:33,13,1333,수술실,3,2,7.6
2026-05-13 06:24:55,12,1229,MRI,-3,0,9.2
2026-05-13 06:39:29,11,1138,MRI,-3,0,9.9
2026-05-13 06:40:48,13,1306,병동,18,3,3.6
2026-05-13 06:48:55,17,1716,MRI,-3,3,11.8
2026-05-13 07:06:05,10,1006,MRI,-3,0,8.4
2026-05-13 07:20:13,6,610,병동,5,2,2.7
2026-05-13 07:20:41,9,911,CT,1,1,4.9
2026-05-13 07:33:35,8,802,병동,14,2,4.0
2026-05-13 07:34:33,8,833,CT,1,0,5.9
2026-05-13 07:43:40,5,505,병동,9,1,3.3
2026-05-13 07:46:09,18,1826,병동,14,3,3.6
2026-05-13 08:00:19,7,718,MRI,-3,13,11.1
2026-05-13 08:05:30,12,1203,수술실,3,15,7.8
2026-05-13 08:10:53,7,707,CT,1,8,5.9
2026-05-13 08:13:33,8,827,수술실,3,10,5.0
2026-05-13 08:15:20,16,1629,병동,18,11,5.4
2026-05-13 08:16:04,17,1723,병동,6,9,7.1
2026-05-13 08:19:38,13,1335,병동,10,8,3.6
2026-05-13 08:29:09,9,919,MRI,-3,8,10.1
2026-05-13 08:29:20,9,940,수술실,3,14,7.5
2026-05-13 08:29:35,6,635,CT,1,9,4.7
2026-05-13 08:38:03,9,923,CT,1,13,8.5
2026-05-13 08:38:41,14,1436,수술실,3,10,10.1
2026-05-13 08:40:27,15,1539,CT,1,13,11.2
2026-05-13 08:41:05,5,517,CT,1,13,5.6
2026-05-13 08:42:01,8,805,병동,6,14,5.3
2026-05-13 08:43:43,17,1704,병동,7,13,9.4
2026-05-13 08:44:20,14,1439,CT,1,11,10.6
2026-05-13 08:52:45,7,739,MRI,-3,15,9.2
2026-05-13 08:55:11,10,1003,CT,1,15,6.7
2026-05-13 09:01:04,18,1811,수술실,3,11,12.4
2026-05-13 09:11:20,7,735,병동,14,12,5.7
2026-05-13 09:16:02,13,1326,수술실,3,8,8.0
2026-05-13 09:20:17,11,1108,MRI,-3,14,12.0
2026-05-13 09:21:57,7,710,CT,1,11,6.1
2026-05-13 09:24:07,10,1001,병동,12,14,4.8
2026-05-13 09:28:07,12,1212,CT,1,11,8.7
2026-05-13 09:35:26,16,1620,MRI,-3,10,13.0
2026-05-13 09:42:36,8,819,CT,1,8,5.5
2026-05-13 09:44:28,9,910,CT,1,11,8.7
2026-05-13 09:49:25,17,1732,병동,8,9,5.3
2026-05-13 09:58:32,17,1735,수술실,3,11,9.0
2026-05-13 10:00:44,11,1136,수술실,3,9,6.9
2026-05-13 10:04:59,9,923,병동,9,6,3.3
2026-05-13 10:13:18,18,1822,CT,1,9,12.0
2026-05-13 10:14:39,12,1238,수술실,3,11,9.6
2026-05-13 10:19:48,18,1802,병동,7,12,9.6
2026-05-13 10:21:48,14,1430,CT,1,10,8.9
2026-05-13 10:27:42,12,1203,MRI,-3,6,9.7
2026-05-13 10:38:44,5,530,병동,13,12,8.2
2026-05-13 10:42:27,13,1307,병동,11,11,4.6
2026-05-13 10:44:10,9,918,CT,1,7,8.0
2026-05-13 10:44:19,17,1727,CT,1,7,10.2
2026-05-13 10:49:01,16,1609,병동,14,7,4.5
2026-05-13 10:55:47,17,1729,수술실,3,11,10.8
2026-05-13 11:00:23,14,1415,MRI,-3,10,11.4
2026-05-13 11:00:50,17,1736,CT,1,8,10.1
2026-05-13 11:00:58,15,1512,병동,9,6,5.6
2026-05-13 11:04:16,7,722,MRI,-3,10,9.8
2026-05-13 11:09:57,12,1230,CT,1,11,7.5
2026-05-13 11:15:44,14,1421,병동,7,12,6.5
2026-05-13 11:19:44,5,509,병동,13,7,5.3
2026-05-13 11:40:21,14,1436,MRI,-3,6,12.3
2026-05-13 11:41:08,16,1624,MRI,-3,9,14.4
2026-05-13 11:43:25,18,1826,수술실,3,10,11.6
2026-05-13 11:44:01,12,1215,병동,14,8,3.3
2026-05-13 11:44:35,8,826,병동,14,11,6.8
2026-05-13 11:50:43,6,604,병동,14,11,5.8
2026-05-13 11:58:02,18,1836,CT,1,8,12.1
2026-05-13 12:05:03,11,1120,CT,1,7,7.4
2026-05-13 12:12:51,6,624,수술실,3,7,5.4
2026-05-13 12:25:11,11,1114,MRI,-3,7,10.5
2026-05-13 12:28:05,18,1809,병동,6,3,6.6
2026-05-13 12:31:03,17,1718,수술실,3,4,8.1
2026-05-13 12:38:49,15,1517,병동,9,5,4.8
2026-05-13 12:59:30,18,1811,MRI,-3,7,14.7
2026-05-13 13:00:58,7,738,병동,12,5,4.5
2026-05-13 13:05:39,16,1631,병동,10,5,3.6
2026-05-13 13:06:35,5,515,MRI,-3,5,7.3
2026-05-13 13:08:31,12,1218,MRI,-3,7,9.5
2026-05-13 13:13:46,11,1113,수술실,3,8,7.4
2026-05-13 13:21:05,14,1432,병동,11,6,4.5
2026-05-13 13:31:02,6,609,CT,1,8,5.4
2026-05-13 13:34:44,14,1429,수술실,3,8,8.5
2026-05-13 13:39:25,9,932,병동,14,7,4.7
2026-05-13 13:39:35,8,813,수술실,3,10,5.5
2026-05-13 13:40:35,15,1501,수술실,3,9,7.8
2026-05-13 13:52:34,10,1031,CT,1,8,8.4
2026-05-13 13:57:57,10,1010,MRI,-3,5,8.6
2026-05-13 14:06:15,11,1119,수술실,3,6,8.2
2026-05-13 14:13:40,5,531,병동,10,6,5.8
2026-05-13 14:25:38,6,609,CT,1,9,6.3
2026-05-13 14:34:14,6,622,CT,1,5,4.9
2026-05-13 14:36:17,13,1325,CT,1,7,7.5
2026-05-13 14:40:12,12,1230,MRI,-3,7,10.1
2026-05-13 14:40:32,8,807,CT,1,5,4.5
2026-05-13 14:48:53,13,1305,수술실,3,8,6.5
2026-05-13 14:50:21,16,1621,수술실,3,10,8.0
2026-05-13 14:52:02,17,1712,수술실,3,7,9.6
2026-05-13 15:11:20,14,1405,MRI,-3,6,11.8
2026-05-13 15:20:52,10,1020,MRI,-3,8,10.2
2026-05-13 15:29:59,5,502,MRI,-3,3,6.2
2026-05-13 15:30:51,16,1603,병동,6,8,6.5
2026-05-13 15:44:41,7,735,수술실,3,5,4.0
2026-05-13 15:54:30,5,531,MRI,-3,6,9.2
2026-05-13 16:00:32,10,1001,CT,1,5,5.8
2026-05-13 16:02:26,6,634,CT,1,3,4.1
2026-05-13 16:07:35,11,1112,MRI,-3,8,10.3
2026-05-13 16:09:35,15,1503,CT,1,5,8.7
2026-05-13 16:25:22,12,1210,CT,1,8,9.2
2026-05-13 16:48:01,7,734,병동,5,6,4.5
2026-05-13 16:50:33,13,1319,병동,13,8,2.5
2026-05-13 16:59:34,14,1414,수술실,3,4,8.4
2026-05-13 17:31:07,13,1305,병동,16,2,3.0
2026-05-13 17:42:19,11,1107,CT,1,4,6.5
2026-05-13 18:21:29,14,1410,CT,1,3,6.6
2026-05-13 18:38:48,16,1621,병동,18,1,3.3
2026-05-13 19:02:10,16,1626,MRI,-3,3,10.1
2026-05-13 19:12:35,7,712,수술실,3,2,4.0
2026-05-13 19:32:19,18,1832,CT,1,4,8.2
2026-05-13 19:44:41,8,814,병동,8,0,2.1
2026-05-14 06:16:09,17,1723,CT,1,0,9.8
2026-05-14 06:17:03,10,1014,CT,1,2,6.2
2026-05-14 06:43:10,8,803,CT,1,2,6.2
2026-05-14 06:44:34,18,1837,병동,11,0,4.1
2026-05-14 06:44:34,12,1220,CT,1,0,7.2
2026-05-14 06:54:38,9,907,CT,1,4,5.1
2026-05-14 06:59:52,11,1116,수술실,3,4,6.4
2026-05-14 07:00:06,7,730,병동,11,4,4.3
2026-05-14 07:05:03,10,1013,수술실,3,2,6.3
2026-05-14 07:14:28,6,614,CT,1,0,5.0
2026-05-14 07:32:37,10,1019,병동,14,0,3.3
2026-05-14 07:54:42,16,1613,MRI,-3,2,11.6
2026-05-14 08:00:00,18,1802,MRI,-3,13,15.9
2026-05-14 08:00:57,16,1631,병동,14,14,5.7
2026-05-14 08:02:52,16,1628,수술실,3,15,11.7
2026-05-14 08:03:21,17,1720,병동,9,14,8.5
2026-05-14 08:10:54,17,1710,수술실,3,11,10.6
2026-05-14 08:14:15,10,1004,CT,1,10,7.2
2026-05-14 08:19:51,14,1419,CT,1,10,9.0
2026-05-14 08:22:55,5,530,MRI,-3,15,9.5
2026-05-14 08:38:06,7,735,MRI,-3,9,8.9
2026-05-14 08:38:11,17,1730,CT,1,12,12.5
2026-05-14 08:38:15,12,1218,병동,8,13,4.8
2026-05-14 08:38:50,9,909,병동,7,11,3.9
2026-05-14 08:39:37,14,1414,수술실,3,15,10.9
2026-05-14 08:49:22,5,520,수술실,3,12,5.8
2026-05-14 08:51:25,5,524,CT,1,14,7.1
2026-05-14 08:57:09,14,1411,병동,8,13,6.0
2026-05-14 08:57:11,18,1808,수술실,3,10,12.0
2026-05-14 09:02:20,18,1828,수술실,3,13,11.4
2026-05-14 09:03:14,6,605,CT,1,14,6.8
2026-05-14 09:03:38,18,1816,CT,1,13,10.4
2026-05-14 09:04:14,18,1832,MRI,-3,9,11.7
2026-05-14 09:12:07,6,602,MRI,-3,14,10.7
2026-05-14 09:16:58,7,709,MRI,-3,8,9.2
2026-05-14 09:19:59,11,1140,MRI,-3,14,13.3
2026-05-14 09:30:09,5,501,CT,1,10,5.5
2026-05-14 09:34:50,10,1020,MRI,-3,9,8.2
2026-05-14 09:35:01,18,1813,CT,1,8,10.9
2026-05-14 09:36:52,17,1735,병동,14,10,5.0
2026-05-14 09:38:32,7,740,병동,8,13,4.0
2026-05-14 09:52:10,18,1839,병동,16,15,4.5
2026-05-14 09:57:51,9,905,수술실,3,13,6.8
2026-05-14 10:05:26,9,902,수술실,3,10,6.4
2026-05-14 10:07:08,16,1622,수술실,3,6,7.6
2026-05-14 10:09:00,10,1023,CT,1,12,6.9
2026-05-14 10:09:29,10,1014,병동,17,9,5.4
2026-05-14 10:09:48,6,608,병동,7,7,3.9
2026-05-14 10:10:46,7,739,수술실,3,8,6.3
2026-05-14 10:17:41,11,1136,병동,8,7,4.3
2026-05-14 10:17:50,5,539,MRI,-3,9,6.5
2026-05-14 10:22:55,6,638,병동,17,6,7.6
2026-05-14 10:24:46,11,1127,CT,1,7,6.0
2026-05-14 10:43:47,12,1201,병동,17,8,5.8
2026-05-14 10:45:18,6,606,CT,1,12,5.3
2026-05-14 10:46:13,18,1831,병동,13,9,5.9
2026-05-14 10:48:28,18,1826,병동,13,6,5.9
2026-05-14 10:56:47,15,1504,CT,1,10,8.6
2026-05-14 10:58:46,14,1433,수술실,3,8,9.9
2026-05-14 11:00:25,10,1037,병동,11,6,3.1
2026-05-14 11:05:50,14,1430,MRI,-3,7,13.1
2026-05-14 11:09:20,5,511,MRI,-3,11,10.3
2026-05-14 11:14:05,15,1510,CT,1,8,7.5
2026-05-14 11:16:28,17,1701,CT,1,11,8.9
2026-05-14 11:16:38,16,1604,수술실,3,6,9.9
2026-05-14 11:17:28,13,1312,MRI,-3,8,11.7
2026-05-14 11:18:36,9,933,수술실,3,7,6.2
2026-05-14 11:21:18,6,602,CT,1,10,5.2
2026-05-14 11:21:53,17,1726,병동,7,12,6.4
2026-05-14 11:42:10,16,1611,CT,1,11,12.2
2026-05-14 11:43:35,18,1834,병동,16,9,3.7
2026-05-14 11:43:52,16,1603,CT,1,9,10.4
2026-05-14 11:47:59,10,1015,수술실,3,6,6.7
2026-05-14 11:49:18,10,1012,MRI,-3,8,11.3
2026-05-14 11:49:48,9,939,CT,1,8,7.8
2026-05-14 11:53:16,7,702,병동,18,8,7.9
2026-05-14 12:04:25,8,837,MRI,-3,3,8.4
2026-05-14 12:11:36,11,1130,MRI,-3,5,8.5
2026-05-14 12:15:47,12,1222,CT,1,6,7.0
2026-05-14 12:16:28,7,705,병동,18,5,5.5
2026-05-14 12:16:28,14,1427,CT,1,5,8.2
2026-05-14 12:20:58,5,518,MRI,-3,5,5.8
2026-05-14 12:21:04,13,1334,CT,1,6,9.0
2026-05-14 12:29:57,15,1505,MRI,-3,7,13.3
2026-05-14 12:49:51,6,632,병동,17,4,7.3
2026-05-14 13:00:39,16,1613,CT,1,10,7.6
2026-05-14 13:04:23,13,1320,수술실,3,6,6.6
2026-05-14 13:16:25,17,1734,수술실,3,10,8.6
2026-05-14 13:22:11,14,1416,MRI,-3,5,8.8
2026-05-14 13:27:20,15,1503,MRI,-3,8,12.9
2026-05-14 13:28:07,7,740,수술실,3,5,4.3
2026-05-14 13:48:37,17,1728,CT,1,6,11.3
2026-05-14 14:09:10,7,706,수술실,3,10,6.0
2026-05-14 14:11:42,5,516,수술실,3,7,4.6
2026-05-14 14:12:14,18,1823,수술실,3,7,11.9
2026-05-14 14:14:03,15,1517,MRI,-3,6,10.0
2026-05-14 14:14:09,13,1333,MRI,-3,9,12.3
2026-05-14 14:24:03,6,603,MRI,-3,6,8.0
2026-05-14 14:35:38,6,612,MRI,-3,5,7.7
2026-05-14 14:35:59,11,1117,MRI,-3,6,11.1
2026-05-14 14:43:56,7,737,병동,18,6,6.0
2026-05-14 14:44:10,17,1734,수술실,3,6,8.8
2026-05-14 14:47:02,12,1228,MRI,-3,10,12.6
2026-05-14 14:49:37,9,929,수술실,3,8,5.7
2026-05-14 15:08:58,13,1332,CT,1,3,6.7
2026-05-14 15:14:34,5,538,병동,13,6,6.2
2026-05-14 15:17:58,9,929,수술실,3,5,6.4
2026-05-14 15:19:52,9,914,수술실,3,4,6.1
2026-05-14 15:24:58,11,1138,수술실,3,4,6.3
2026-05-14 15:32:15,7,733,수술실,3,7,5.7
2026-05-14 15:55:48,5,510,병동,11,4,3.5
2026-05-14 16:11:42,18,1827,MRI,-3,4,11.0
2026-05-14 16:24:11,15,1518,병동,14,3,2.8
2026-05-14 16:34:18,9,926,병동,6,8,4.5
2026-05-14 16:38:23,17,1721,MRI,-3,7,11.4
2026-05-14 16:38:37,5,526,수술실,3,7,4.9
2026-05-14 16:42:16,5,519,수술실,3,4,3.7
2026-05-14 16:48:26,6,602,수술실,3,8,4.5
2026-05-14 17:12:35,7,709,수술실,3,4,3.9
2026-05-14 17:21:05,17,1727,MRI,-3,1,9.9
2026-05-14 17:32:11,13,1310,병동,15,2,3.1
2026-05-14 17:32:47,10,1035,CT,1,2,5.3
2026-05-14 18:53:50,17,1736,병동,6,1,5.9
2026-05-14 18:56:44,11,1132,수술실,3,4,5.5
2026-05-14 19:38:59,9,923,MRI,-3,3,6.7
2026-05-14 19:50:59,9,905,병동,12,1,3.7
2026-05-14 20:05:28,16,1636,병동,16,0,2.2
2026-05-14 21:07:58,15,1516,CT,1,3,9.0
2026-05-14 21:41:24,13,1334,CT,1,3,6.2
2026-05-15 06:12:37,8,812,MRI,-3,1,8.6
2026-05-15 06:41:01,14,1432,MRI,-3,3,8.4
2026-05-15 06:44:16,11,1133,병동,11,0,2.1
2026-05-15 06:51:43,18,1833,CT,1,1,10.4
2026-05-15 06:57:19,6,607,병동,15,3,5.3
2026-05-15 07:14:36,14,1418,수술실,3,4,6.7
2026-05-15 07:33:28,16,1612,병동,7,3,6.4
2026-05-15 07:33:56,6,608,수술실,3,2,4.5
2026-05-15 07:39:44,11,1111,CT,1,0,6.9
2026-05-15 08:01:15,18,1803,병동,10,11,8.5
2026-05-15 08:01:34,11,1124,MRI,-3,12,12.9
2026-05-15 08:04:57,8,831,병동,11,11,5.4
2026-05-15 08:05:50,18,1829,수술실,3,9,11.1
2026-05-15 08:09:15,11,1125,MRI,-3,10,10.9
2026-05-15 08:17:49,17,1716,CT,1,14,8.9
2026-05-15 08:20:20,12,1213,수술실,3,10,7.5
2026-05-15 08:27:18,15,1537,수술실,3,15,9.3
2026-05-15 08:30:22,8,808,MRI,-3,13,11.2
2026-05-15 08:32:41,13,1330,병동,10,15,5.3
2026-05-15 08:48:04,9,921,수술실,3,14,7.9
2026-05-15 08:58:05,11,1128,MRI,-3,15,11.1
2026-05-15 09:02:35,8,821,병동,18,15,8.4
2026-05-15 09:02:50,9,924,MRI,-3,12,10.0
2026-05-15 09:03:52,8,839,수술실,3,14,5.7
2026-05-15 09:08:47,10,1012,MRI,-3,9,8.1
2026-05-15 09:25:00,8,810,병동,6,8,3.5
2026-05-15 09:29:27,12,1234,CT,1,9,7.6
2026-05-15 09:29:52,13,1336,CT,1,14,8.4
2026-05-15 09:33:16,10,1019,CT,1,11,6.5
2026-05-15 09:37:50,6,614,MRI,-3,13,9.8
2026-05-15 09:44:59,15,1536,MRI,-3,10,13.6
2026-05-15 09:46:54,15,1533,MRI,-3,10,10.5
2026-05-15 09:47:40,8,840,수술실,3,9,7.1
2026-05-15 09:50:11,9,901,MRI,-3,15,9.0
2026-05-15 09:50:16,7,718,병동,13,8,5.8
2026-05-15 09:53:34,12,1218,CT,1,15,9.5
2026-05-15 09:56:00,10,1038,수술실,3,13,7.1
2026-05-15 09:59:33,14,1402,수술실,3,9,7.4
2026-05-15 10:07:08,9,931,MRI,-3,9,10.8
2026-05-15 10:39:27,14,1425,CT,1,9,8.9
2026-05-15 10:51:21,16,1626,수술실,3,6,10.4
2026-05-15 11:01:28,7,736,MRI,-3,8,7.4
2026-05-15 11:06:53,9,925,CT,1,9,6.8
2026-05-15 11:24:36,8,807,수술실,3,8,5.4
2026-05-15 11:27:28,11,1132,MRI,-3,7,11.4
2026-05-15 11:39:13,18,1839,병동,15,6,3.7
2026-05-15 11:44:06,8,814,CT,1,6,5.1
2026-05-15 12:12:41,7,716,수술실,3,5,3.8
2026-05-15 12:16:20,5,525,MRI,-3,4,7.4
2026-05-15 12:33:34,15,1532,수술실,3,4,7.2
2026-05-15 12:48:24,13,1302,수술실,3,7,7.8
2026-05-15 13:08:12,10,1024,수술실,3,10,7.2
2026-05-15 13:09:05,5,536,CT,1,9,4.4
2026-05-15 13:10:59,16,1615,CT,1,8,8.2
2026-05-15 13:15:26,6,604,MRI,-3,5,6.9
2026-05-15 13:20:23,11,1104,수술실,3,8,7.1
2026-05-15 13:26:31,11,1106,병동,9,10,4.0
2026-05-15 13:27:55,9,933,CT,1,6,6.5
2026-05-15 13:43:26,16,1615,CT,1,9,8.3
2026-05-15 13:51:57,14,1415,CT,1,10,9.8
2026-05-15 13:58:40,9,935,CT,1,10,8.0
2026-05-15 14:14:44,14,1420,병동,16,7,3.3
2026-05-15 14:15:55,16,1616,병동,5,9,7.7
2026-05-15 14:20:06,9,930,수술실,3,10,5.9
2026-05-15 14:24:36,14,1409,병동,14,8,3.3
2026-05-15 14:30:21,9,937,수술실,3,6,5.5
2026-05-15 14:35:40,16,1608,CT,1,5,9.8
2026-05-15 14:38:01,15,1510,MRI,-3,10,12.4
2026-05-15 14:38:46,11,1132,수술실,3,6,6.8
2026-05-15 14:39:42,6,610,MRI,-3,9,9.0
2026-05-15 14:49:41,13,1318,MRI,-3,10,10.1
2026-05-15 15:02:36,18,1815,병동,15,3,3.7
2026-05-15 15:03:17,5,512,CT,1,5,3.4
2026-05-15 15:06:50,15,1530,병동,8,8,5.3
2026-05-15 15:06:52,15,1519,병동,7,4,4.4
2026-05-15 15:19:41,14,1406,MRI,-3,5,9.2
2026-05-15 15:24:13,6,634,MRI,-3,7,7.0
2026-05-15 15:33:07,13,1327,CT,1,3,8.2
2026-05-15 15:33:26,7,715,MRI,-3,6,8.0
2026-05-15 16:01:28,15,1518,CT,1,4,7.7
2026-05-15 16:12:03,9,937,MRI,-3,8,10.3
2026-05-15 16:30:19,9,906,CT,1,3,4.6
2026-05-15 16:52:20,14,1438,MRI,-3,8,13.4
2026-05-15 17:15:19,18,1831,병동,12,2,5.0
2026-05-15 18:34:21,11,1127,MRI,-3,2,7.6
2026-05-15 19:08:06,11,1135,수술실,3,4,5.2
2026-05-15 20:51:54,12,1218,MRI,-3,3,9.4
2026-05-15 21:38:05,7,718,병동,10,2,3.3
2026-05-15 21:40:16,13,1309,MRI,-3,4,11.6
2026-05-16 06:07:57,6,632,수술실,3,2,4.0
2026-05-16 06:08:29,11,1104,MRI,-3,3,7.6
2026-05-16 06:37:15,11,1107,수술실,3,3,5.9
2026-05-16 06:40:06,17,1726,병동,10,0,5.3
2026-05-16 06:52:13,18,1817,CT,1,0,8.0
2026-05-16 07:14:25,15,1531,병동,7,0,5.3
2026-05-16 07:19:31,7,701,CT,1,3,4.7
2026-05-16 07:45:44,8,828,병동,11,2,2.8
2026-05-16 07:45:51,13,1338,MRI,-3,4,11.0
2026-05-16 07:46:25,18,1823,MRI,-3,4,9.9
2026-05-16 07:48:22,13,1309,CT,1,0,6.3
2026-05-16 07:52:18,11,1125,CT,1,0,7.6
2026-05-16 08:03:38,5,504,CT,1,15,6.4
2026-05-16 08:10:13,6,625,수술실,3,12,5.0
2026-05-16 08:14:50,7,711,MRI,-3,9,8.0
2026-05-16 08:15:44,7,719,MRI,-3,14,7.8
2026-05-16 08:23:39,11,1132,병동,13,9,3.5
2026-05-16 08:31:58,13,1306,수술실,3,13,7.8
2026-05-16 08:34:48,6,607,CT,1,8,5.8
2026-05-16 08:37:40,14,1433,병동,13,11,3.8
2026-05-16 08:42:01,12,1202,CT,1,9,9.4
2026-05-16 08:46:11,17,1732,MRI,-3,8,11.5
2026-05-16 08:46:23,17,1721,MRI,-3,8,14.8
2026-05-16 08:46:24,17,1726,MRI,-3,15,13.2
2026-05-16 08:51:04,9,929,MRI,-3,10,10.4
2026-05-16 08:54:02,14,1431,병동,6,10,7.2
2026-05-16 09:08:21,11,1116,CT,1,8,7.6
2026-05-16 09:14:30,16,1608,CT,1,15,12.3
2026-05-16 09:14:52,15,1516,병동,11,14,5.7
2026-05-16 09:16:16,9,909,MRI,-3,8,11.1
2026-05-16 09:20:15,13,1310,병동,5,12,8.3
2026-05-16 09:34:23,9,920,CT,1,13,7.5
2026-05-16 09:38:24,13,1312,MRI,-3,14,10.0
2026-05-16 09:46:03,5,531,병동,15,12,7.6
2026-05-16 09:49:48,10,1024,병동,8,15,5.3
2026-05-16 09:51:43,5,515,수술실,3,9,5.2
2026-05-16 09:55:08,17,1702,병동,6,15,8.5
2026-05-16 09:59:04,11,1137,MRI,-3,10,12.0
2026-05-16 10:03:08,9,925,병동,9,11,3.3
2026-05-16 10:07:27,13,1309,CT,1,8,7.6
2026-05-16 10:13:38,11,1108,수술실,3,9,6.1
2026-05-16 10:14:20,11,1135,병동,5,11,6.7
2026-05-16 10:19:18,10,1013,수술실,3,12,7.5
2026-05-16 10:24:53,17,1702,CT,1,11,11.8
2026-05-16 10:29:39,18,1837,CT,1,10,12.2
2026-05-16 10:30:45,9,911,MRI,-3,6,10.3
2026-05-16 10:31:20,15,1520,수술실,3,8,8.6
2026-05-16 10:42:42,11,1118,수술실,3,11,7.3
2026-05-16 10:50:39,10,1038,CT,1,9,6.8
2026-05-16 10:54:11,8,835,수술실,3,10,5.9
2026-05-16 10:55:40,5,523,수술실,3,6,5.0
2026-05-16 10:56:14,10,1034,병동,15,12,7.2
2026-05-16 10:57:14,12,1219,병동,9,12,4.5
2026-05-16 10:57:46,14,1440,CT,1,9,9.1
2026-05-16 11:00:38,14,1438,수술실,3,7,6.8
2026-05-16 11:04:07,14,1427,CT,1,8,8.3
2026-05-16 11:11:35,6,606,CT,1,10,6.2
2026-05-16 11:16:43,18,1835,수술실,3,10,9.2
2026-05-16 11:17:53,15,1532,수술실,3,6,8.5
2026-05-16 11:21:54,17,1714,병동,12,8,4.6
2026-05-16 11:29:07,5,526,CT,1,12,7.3
2026-05-16 11:31:20,8,822,병동,10,10,3.3
2026-05-16 11:45:01,8,827,수술실,3,11,6.7
2026-05-16 11:46:38,10,1009,CT,1,6,8.4
2026-05-16 11:50:04,16,1625,병동,8,7,7.1
2026-05-16 11:51:44,16,1615,병동,6,7,6.1
2026-05-16 11:57:28,5,536,수술실,3,9,5.2
2026-05-16 12:05:10,13,1301,수술실,3,4,7.5
2026-05-16 12:08:17,15,1511,병동,12,7,4.0
2026-05-16 12:10:33,13,1322,MRI,-3,3,10.1
2026-05-16 12:16:36,12,1214,병동,8,6,5.4
2026-05-16 12:19:49,6,626,병동,7,5,2.5
2026-05-16 12:20:12,8,831,CT,1,4,5.4
2026-05-16 12:22:22,12,1228,MRI,-3,6,12.3
2026-05-16 12:24:09,6,633,병동,13,3,4.0
2026-05-16 12:43:55,9,931,CT,1,5,5.8
2026-05-16 12:44:00,6,632,병동,18,7,8.7
2026-05-16 12:44:33,9,915,MRI,-3,6,9.1
2026-05-16 12:53:45,12,1210,MRI,-3,6,9.4
2026-05-16 12:57:09,9,929,병동,7,7,3.7
2026-05-16 12:57:40,17,1740,수술실,3,7,8.1
2026-05-16 13:18:01,7,730,MRI,-3,7,9.3
2026-05-16 13:19:17,13,1319,CT,1,8,8.3
2026-05-16 13:27:39,12,1207,수술실,3,5,6.7
2026-05-16 13:32:22,7,734,병동,12,6,5.5
2026-05-16 13:37:54,15,1539,병동,6,9,5.9
2026-05-16 13:54:10,6,624,MRI,-3,10,8.3
2026-05-16 14:08:36,9,908,MRI,-3,6,9.0
2026-05-16 14:23:17,14,1439,수술실,3,8,8.8
2026-05-16 14:26:35,13,1302,수술실,3,7,7.0
2026-05-16 14:33:56,6,627,CT,1,6,5.1
2026-05-16 14:34:25,7,724,CT,1,6,6.8
2026-05-16 14:41:24,13,1312,MRI,-3,10,12.7
2026-05-16 14:45:29,8,802,CT,1,6,5.3
2026-05-16 14:48:14,10,1022,병동,9,6,2.9
2026-05-16 14:56:36,17,1740,병동,14,6,3.5
2026-05-16 15:18:20,14,1432,MRI,-3,5,10.9
2026-05-16 15:21:42,17,1732,병동,11,7,6.2
2026-05-16 15:40:07,13,1308,수술실,3,4,7.4
2026-05-16 15:49:56,16,1609,CT,1,6,10.3
2026-05-16 15:59:58,17,1711,병동,13,5,3.5
2026-05-16 16:09:06,16,1625,수술실,3,5,7.5
2026-05-16 16:16:11,14,1413,MRI,-3,5,9.3
2026-05-16 16:18:00,14,1422,수술실,3,6,9.8
2026-05-16 16:47:11,17,1714,CT,1,5,8.2
2026-05-16 16:47:26,9,925,MRI,-3,6,8.7
2026-05-16 16:48:46,18,1826,CT,1,5,10.8
2026-05-16 17:31:07,15,1515,수술실,3,2,8.7
2026-05-16 17:36:05,17,1734,병동,7,4,6.5
2026-05-16 18:00:50,15,1536,CT,1,3,7.8
2026-05-16 18:43:49,14,1401,병동,10,2,2.9
2026-05-16 18:48:22,10,1028,병동,15,3,4.1
2026-05-17 06:16:44,11,1128,병동,13,0,3.0
2026-05-17 06:29:48,12,1237,병동,14,2,3.0
2026-05-17 06:42:22,8,801,CT,1,1,5.2
2026-05-17 06:46:08,11,1137,수술실,3,3,6.1
2026-05-17 06:51:25,18,1803,수술실,3,1,9.6
2026-05-17 06:55:47,15,1534,MRI,-3,4,11.6
2026-05-17 07:30:38,11,1132,MRI,-3,2,8.1
2026-05-17 07:34:14,7,728,수술실,3,2,5.2
2026-05-17 07:48:49,13,1327,CT,1,2,6.3
2026-05-17 07:55:22,15,1528,수술실,3,4,9.2
2026-05-17 08:02:23,6,609,수술실,3,13,6.7
2026-05-17 08:06:36,18,1835,병동,14,14,4.7
2026-05-17 08:09:38,9,907,MRI,-3,13,10.2
2026-05-17 08:12:44,6,627,MRI,-3,12,9.6
2026-05-17 08:19:11,9,933,CT,1,14,9.1
2026-05-17 08:20:39,18,1827,MRI,-3,13,15.3
2026-05-17 08:21:33,9,934,병동,18,10,6.0
2026-05-17 08:23:09,9,932,CT,1,11,8.3
2026-05-17 08:26:49,17,1709,CT,1,15,9.8
2026-05-17 08:30:30,8,804,MRI,-3,10,7.5
2026-05-17 08:31:00,11,1105,병동,18,12,6.0
2026-05-17 08:37:56,18,1812,병동,15,8,5.0
2026-05-17 08:42:03,16,1604,수술실,3,13,10.5
2026-05-17 08:46:06,6,633,CT,1,8,5.9
2026-05-17 08:47:57,6,615,MRI,-3,12,10.2
2026-05-17 08:50:50,17,1709,MRI,-3,8,12.4
2026-05-17 08:55:08,13,1313,MRI,-3,8,10.2
2026-05-17 08:55:55,14,1409,CT,1,9,8.7
2026-05-17 08:56:15,16,1630,수술실,3,8,9.7
2026-05-17 08:56:40,7,739,병동,10,12,4.6
2026-05-17 08:58:36,14,1405,병동,5,15,8.4
2026-05-17 09:04:59,6,607,CT,1,10,6.2
2026-05-17 09:10:56,15,1519,병동,11,15,6.2
2026-05-17 09:13:15,6,611,병동,16,14,7.5
2026-05-17 09:14:04,9,938,MRI,-3,8,10.3
2026-05-17 09:16:15,5,503,CT,1,15,5.2
2026-05-17 09:18:41,10,1016,수술실,3,12,7.4
2026-05-17 09:20:23,15,1505,MRI,-3,12,10.5
2026-05-17 09:20:42,11,1126,CT,1,11,9.0
2026-05-17 09:39:18,17,1719,수술실,3,12,10.5
2026-05-17 09:42:22,15,1512,MRI,-3,9,12.5
2026-05-17 09:45:19,16,1631,CT,1,10,8.6
2026-05-17 09:45:38,12,1230,CT,1,14,7.2
2026-05-17 09:47:28,5,531,병동,17,14,8.2
2026-05-17 09:51:51,5,523,CT,1,9,4.2
2026-05-17 09:59:42,6,623,CT,1,14,7.7
2026-05-17 10:11:44,18,1801,MRI,-3,7,14.0
2026-05-17 10:12:24,6,607,CT,1,9,4.9
2026-05-17 10:31:02,15,1521,병동,15,7,2.4
2026-05-17 10:38:15,5,514,수술실,3,8,4.1
2026-05-17 10:41:57,9,940,MRI,-3,11,12.2
2026-05-17 10:42:58,12,1226,CT,1,9,8.8
2026-05-17 10:44:55,12,1233,수술실,3,8,8.2
2026-05-17 10:51:36,14,1440,수술실,3,9,8.7
2026-05-17 10:56:08,8,839,MRI,-3,8,9.0
2026-05-17 10:59:59,17,1730,MRI,-3,11,14.4
2026-05-17 11:08:17,12,1228,수술실,3,9,8.8
2026-05-17 11:11:15,14,1421,병동,17,7,3.6
2026-05-17 11:14:57,5,522,CT,1,10,4.4
2026-05-17 11:15:04,12,1234,수술실,3,11,8.2
2026-05-17 11:26:35,18,1822,병동,6,11,9.1
2026-05-17 11:38:13,5,528,MRI,-3,6,8.8
2026-05-17 11:40:57,10,1037,CT,1,8,6.8
2026-05-17 11:47:01,11,1120,수술실,3,8,8.2
2026-05-17 11:51:48,16,1627,병동,7,7,5.3
2026-05-17 11:56:51,12,1209,MRI,-3,9,9.9
2026-05-17 11:59:34,15,1533,수술실,3,10,7.8
2026-05-17 12:16:09,18,1833,MRI,-3,5,12.7
2026-05-17 12:19:47,6,629,수술실,3,3,4.4
2026-05-17 12:31:56,15,1519,병동,9,6,5.3
2026-05-17 12:40:53,15,1516,병동,11,3,4.0
2026-05-17 12:46:08,12,1207,MRI,-3,5,10.0
2026-05-17 12:57:50,11,1125,CT,1,7,6.1
2026-05-17 13:11:15,7,713,MRI,-3,7,8.0
2026-05-17 13:14:08,12,1228,병동,5,9,6.8
2026-05-17 13:14:34,9,928,병동,7,6,3.2
2026-05-17 13:23:43,18,1819,수술실,3,7,10.5
2026-05-17 13:32:58,8,804,병동,15,5,3.9
2026-05-17 13:45:58,5,540,CT,1,5,4.7
2026-05-17 13:46:52,15,1535,수술실,3,5,6.5
2026-05-17 13:47:06,17,1733,병동,12,7,5.1
2026-05-17 13:56:48,15,1514,MRI,-3,9,13.3
2026-05-17 13:57:32,8,827,MRI,-3,8,10.2
2026-05-17 13:58:19,18,1809,MRI,-3,6,12.9
2026-05-17 13:59:28,16,1616,수술실,3,8,10.0
2026-05-17 14:01:32,11,1113,CT,1,10,6.9
2026-05-17 14:02:21,11,1123,병동,10,5,2.2
2026-05-17 14:06:04,14,1436,MRI,-3,6,10.7
2026-05-17 14:11:11,6,613,CT,1,7,5.7
2026-05-17 14:14:49,14,1421,병동,18,8,4.1
2026-05-17 14:22:06,17,1728,수술실,3,9,9.0
2026-05-17 14:22:48,16,1606,CT,1,8,8.6
2026-05-17 14:30:19,17,1721,CT,1,7,9.3
2026-05-17 14:34:25,12,1211,MRI,-3,9,10.7
2026-05-17 14:47:45,10,1026,CT,1,10,8.1
2026-05-17 14:48:04,13,1332,CT,1,8,9.5
2026-05-17 15:03:02,12,1239,CT,1,8,6.3
2026-05-17 15:09:15,16,1615,수술실,3,4,8.0
2026-05-17 15:10:03,16,1605,CT,1,8,9.5
2026-05-17 15:16:10,9,940,수술실,3,8,5.2
2026-05-17 15:28:46,16,1619,CT,1,6,7.7
2026-05-17 15:37:52,17,1734,MRI,-3,3,11.7
2026-05-17 16:18:36,7,721,MRI,-3,5,8.3
2026-05-17 16:28:42,6,612,CT,1,5,3.8
2026-05-17 16:35:38,14,1429,수술실,3,5,7.5
2026-05-17 16:41:02,13,1312,수술실,3,7,7.4
2026-05-17 16:41:53,13,1313,CT,1,8,8.5
2026-05-17 16:45:22,12,1210,MRI,-3,7,12.0
2026-05-17 16:50:11,15,1505,병동,8,4,4.4
2026-05-17 16:51:15,8,814,MRI,-3,4,9.2
2026-05-17 16:51:50,6,621,병동,8,3,2.4
2026-05-17 17:32:10,11,1104,CT,1,4,6.8
2026-05-17 17:39:30,10,1014,CT,1,1,6.1
2026-05-17 18:40:47,13,1307,병동,16,2,2.9
2026-05-17 18:59:17,10,1032,병동,8,3,2.7
2026-05-17 21:04:08,8,807,MRI,-3,2,6.7
2026-05-17 21:22:43,16,1636,CT,1,4,7.8
2026-05-18 06:22:17,8,827,병동,12,0,4.3
2026-05-18 06:24:29,15,1534,CT,1,0,7.7
2026-05-18 06:30:40,11,1134,병동,5,3,3.8
2026-05-18 06:31:16,10,1017,병동,6,0,3.8
2026-05-18 06:39:35,12,1209,MRI,-3,1,8.2
2026-05-18 07:30:10,5,512,병동,15,3,5.6
2026-05-18 07:59:40,17,1713,병동,6,2,5.7
2026-05-18 08:00:43,14,1428,MRI,-3,8,13.2
2026-05-18 08:04:01,12,1235,병동,13,12,3.6
2026-05-18 08:06:24,6,629,수술실,3,8,6.2
2026-05-18 08:07:52,7,729,MRI,-3,14,10.4
2026-05-18 08:18:46,11,1138,병동,10,12,5.2
2026-05-18 08:19:04,12,1235,수술실,3,12,7.3
2026-05-18 08:20:08,10,1030,병동,6,9,4.7
2026-05-18 08:21:16,5,521,MRI,-3,14,7.3
2026-05-18 08:22:29,16,1619,CT,1,10,8.3
2026-05-18 08:26:39,17,1733,MRI,-3,10,11.3
2026-05-18 08:26:46,16,1611,수술실,3,13,11.8
2026-05-18 08:27:20,5,535,CT,1,10,4.2
2026-05-18 08:27:50,8,829,CT,1,10,5.3
2026-05-18 08:29:00,11,1112,MRI,-3,10,10.9
2026-05-18 08:31:30,12,1211,병동,14,10,3.6
2026-05-18 08:33:09,6,615,CT,1,14,5.6
2026-05-18 08:34:07,18,1802,CT,1,11,13.4
2026-05-18 08:39:06,6,636,수술실,3,14,6.4
2026-05-18 08:41:25,14,1405,수술실,3,14,8.5
2026-05-18 08:45:53,15,1526,MRI,-3,8,13.8
2026-05-18 08:48:56,8,819,병동,5,10,4.6
2026-05-18 08:52:30,8,824,수술실,3,9,6.7
2026-05-18 08:53:49,13,1302,MRI,-3,11,9.7
2026-05-18 08:55:11,16,1602,병동,15,8,2.9
2026-05-18 08:59:32,9,901,CT,1,14,8.5
2026-05-18 09:02:08,15,1521,CT,1,8,7.8
2026-05-18 09:06:12,12,1216,MRI,-3,13,10.1
2026-05-18 09:08:12,11,1130,CT,1,9,8.2
2026-05-18 09:14:59,8,823,수술실,3,13,7.5
2026-05-18 09:15:45,10,1024,병동,13,9,3.5
2026-05-18 09:22:56,10,1005,수술실,3,14,8.7
2026-05-18 09:24:00,8,804,수술실,3,9,6.5
2026-05-18 09:25:13,16,1631,병동,5,9,7.5
2026-05-18 09:27:08,18,1803,수술실,3,11,11.3
2026-05-18 09:27:36,13,1311,수술실,3,9,9.0
2026-05-18 09:29:49,12,1240,CT,1,13,10.4
2026-05-18 09:31:28,17,1706,병동,5,11,10.3
2026-05-18 09:37:09,7,731,CT,1,10,5.4
2026-05-18 09:38:36,5,507,CT,1,11,5.5
2026-05-18 09:41:19,7,727,수술실,3,10,6.5
2026-05-18 09:43:19,7,716,MRI,-3,10,8.6
2026-05-18 09:47:18,9,926,MRI,-3,8,7.5
2026-05-18 09:48:09,9,904,병동,18,15,6.9
2026-05-18 10:00:05,6,618,병동,18,9,8.9
2026-05-18 10:02:15,10,1028,MRI,-3,11,10.1
2026-05-18 10:02:51,9,934,CT,1,9,6.3
2026-05-18 10:05:36,14,1403,수술실,3,10,9.3
2026-05-18 10:08:33,5,523,CT,1,9,5.0
2026-05-18 10:13:49,6,635,병동,12,10,6.4
2026-05-18 10:17:35,9,913,병동,13,8,4.6
2026-05-18 10:25:43,18,1821,수술실,3,7,8.1
2026-05-18 10:26:03,15,1534,병동,11,6,4.6
2026-05-18 10:27:51,15,1509,MRI,-3,11,11.7
2026-05-18 10:31:57,5,526,MRI,-3,12,8.2
2026-05-18 10:32:45,10,1028,CT,1,6,7.5
2026-05-18 10:52:09,15,1520,수술실,3,12,10.0
2026-05-18 10:56:36,8,838,MRI,-3,8,10.1
2026-05-18 10:59:03,14,1429,병동,9,10,4.5
2026-05-18 11:02:30,13,1303,병동,10,7,4.8
2026-05-18 11:05:44,16,1621,수술실,3,8,11.0
2026-05-18 11:12:03,8,806,병동,15,7,5.8
2026-05-18 11:23:54,13,1301,MRI,-3,12,9.8
2026-05-18 11:24:05,18,1822,CT,1,11,11.8
2026-05-18 11:24:35,18,1814,수술실,3,12,11.3
2026-05-18 11:25:49,11,1102,수술실,3,8,6.2
2026-05-18 11:27:52,15,1507,CT,1,12,9.8
2026-05-18 11:28:43,7,711,CT,1,7,5.7
2026-05-18 11:42:53,5,539,병동,18,6,6.9
2026-05-18 11:43:51,9,916,수술실,3,7,5.4
2026-05-18 11:57:28,11,1125,수술실,3,12,9.4
2026-05-18 12:02:30,14,1411,CT,1,3,6.3
2026-05-18 12:11:59,7,720,MRI,-3,3,7.0
2026-05-18 12:16:53,18,1801,수술실,3,6,11.3
2026-05-18 12:30:59,7,707,CT,1,5,5.5
2026-05-18 12:33:25,17,1722,MRI,-3,6,11.6
2026-05-18 12:39:43,8,836,MRI,-3,4,7.9
2026-05-18 12:49:27,9,929,병동,5,3,3.4
2026-05-18 12:53:03,8,836,MRI,-3,5,7.3
2026-05-18 12:53:45,10,1017,CT,1,7,7.9
2026-05-18 13:02:38,17,1717,병동,18,10,3.3
2026-05-18 13:03:17,8,812,CT,1,6,6.6
2026-05-18 13:03:52,7,716,수술실,3,6,6.0
2026-05-18 13:06:01,15,1510,MRI,-3,6,13.9
2026-05-18 13:19:28,13,1327,병동,10,5,3.8
2026-05-18 13:19:47,5,532,수술실,3,5,3.5
2026-05-18 13:27:02,18,1835,MRI,-3,7,13.6
2026-05-18 13:46:47,5,509,MRI,-3,9,7.7
2026-05-18 13:46:57,9,940,병동,13,10,4.6
2026-05-18 13:49:10,18,1815,CT,1,10,10.9
2026-05-18 14:06:25,7,738,병동,5,6,4.0
2026-05-18 14:18:49,10,1039,병동,10,9,2.7
2026-05-18 14:23:35,18,1811,수술실,3,6,10.0
2026-05-18 14:27:53,17,1734,병동,18,9,3.8
2026-05-18 14:33:44,9,918,CT,1,9,5.8
2026-05-18 14:33:54,7,720,MRI,-3,8,9.5
2026-05-18 15:03:22,13,1313,병동,5,5,5.8
2026-05-18 15:10:46,11,1114,CT,1,5,5.4
2026-05-18 15:14:43,6,632,수술실,3,7,4.5
2026-05-18 15:21:04,8,831,MRI,-3,6,10.4
2026-05-18 15:28:40,17,1739,MRI,-3,5,10.5
2026-05-18 15:59:06,17,1702,MRI,-3,5,12.1
2026-05-18 16:01:30,9,933,병동,14,5,3.8
2026-05-18 16:05:59,12,1221,MRI,-3,8,10.0
2026-05-18 16:06:59,17,1722,MRI,-3,6,14.8
2026-05-18 16:27:06,6,628,병동,14,4,5.9
2026-05-18 16:27:59,7,725,수술실,3,7,4.5
2026-05-18 16:30:36,12,1202,병동,8,6,4.4
2026-05-18 16:35:08,14,1401,수술실,3,8,9.4
2026-05-18 16:39:27,14,1422,병동,15,3,2.5
2026-05-18 16:58:18,6,604,병동,18,7,6.6
2026-05-18 16:59:33,8,830,병동,6,6,3.7
2026-05-18 17:10:47,17,1713,CT,1,2,9.3
2026-05-18 17:57:02,13,1337,CT,1,0,7.8
2026-05-18 18:01:24,16,1635,수술실,3,2,9.8
2026-05-18 18:36:07,12,1210,병동,14,4,2.4
2026-05-18 18:47:52,5,524,수술실,3,0,4.0
2026-05-18 18:55:21,10,1006,병동,15,0,3.5
2026-05-18 20:00:11,5,523,수술실,3,4,3.8
2026-05-19 06:46:09,10,1032,수술실,3,3,5.4
2026-05-19 06:51:15,10,1009,CT,1,0,6.8
2026-05-19 07:04:26,5,504,CT,1,0,4.3
2026-05-19 07:40:00,11,1115,병동,9,0,2.3
2026-05-19 07:41:15,7,725,수술실,3,3,5.3
2026-05-19 08:02:09,11,1119,병동,12,11,4.9
2026-05-19 08:02:14,13,1325,MRI,-3,9,8.9
2026-05-19 08:02:36,5,536,수술실,3,12,6.6
2026-05-19 08:04:55,8,814,수술실,3,8,6.6
2026-05-19 08:05:28,9,924,수술실,3,9,7.1
2026-05-19 08:06:36,13,1322,CT,1,13,8.2
2026-05-19 08:34:50,14,1427,수술실,3,15,9.4
2026-05-19 08:37:59,12,1217,MRI,-3,8,9.3
2026-05-19 08:39:05,7,725,병동,7,13,3.9
2026-05-19 08:51:44,6,622,병동,15,10,5.5
2026-05-19 08:52:16,14,1415,CT,1,13,10.7
2026-05-19 08:55:03,17,1720,CT,1,9,8.8
2026-05-19 08:55:09,5,521,수술실,3,15,5.5
2026-05-19 08:56:58,17,1708,CT,1,13,11.2
2026-05-19 08:57:37,9,932,MRI,-3,12,11.7
2026-05-19 09:02:20,12,1227,병동,9,15,5.7
2026-05-19 09:03:18,11,1126,병동,8,12,5.0
2026-05-19 09:05:14,7,735,MRI,-3,8,8.7
2026-05-19 09:11:52,8,827,병동,10,8,4.4
2026-05-19 09:20:20,6,616,병동,8,14,4.8
2026-05-19 09:25:55,15,1514,병동,14,12,4.0
2026-05-19 09:32:28,7,711,병동,9,8,3.6
2026-05-19 09:33:03,13,1335,병동,13,14,4.0
2026-05-19 09:34:43,11,1107,수술실,3,10,7.6
2026-05-19 09:38:09,13,1310,CT,1,13,10.9
2026-05-19 09:38:42,11,1127,MRI,-3,10,9.8
2026-05-19 09:41:10,10,1020,수술실,3,9,7.6
2026-05-19 09:48:56,5,522,수술실,3,15,4.9
2026-05-19 09:55:46,11,1120,병동,6,9,5.5
2026-05-19 10:02:21,14,1438,MRI,-3,11,11.1
2026-05-19 10:06:18,6,619,MRI,-3,9,9.1
2026-05-19 10:07:02,8,837,CT,1,8,5.4
2026-05-19 10:07:22,10,1012,MRI,-3,8,11.6
2026-05-19 10:09:56,15,1515,CT,1,7,10.0
2026-05-19 10:09:59,10,1031,수술실,3,11,7.9
2026-05-19 10:14:15,12,1225,MRI,-3,10,12.5
2026-05-19 10:17:13,5,522,수술실,3,12,5.3
2026-05-19 10:20:04,5,506,MRI,-3,8,7.9
2026-05-19 10:25:04,15,1527,MRI,-3,6,9.8
2026-05-19 10:27:31,12,1216,CT,1,12,8.7
2026-05-19 10:33:18,17,1718,수술실,3,8,8.5
2026-05-19 10:37:44,9,916,MRI,-3,6,10.0
2026-05-19 10:43:44,17,1737,MRI,-3,11,14.1
2026-05-19 10:47:53,10,1007,CT,1,8,6.0
2026-05-19 10:50:02,18,1839,병동,18,10,3.2
2026-05-19 10:55:18,9,909,병동,8,7,3.4
2026-05-19 10:55:58,12,1234,CT,1,12,10.5
2026-05-19 10:59:32,7,710,병동,5,12,4.4
2026-05-19 11:04:29,18,1820,MRI,-3,12,13.1
2026-05-19 11:07:52,6,628,수술실,3,11,6.8
2026-05-19 11:07:55,14,1438,CT,1,8,10.1
2026-05-19 11:08:32,9,916,병동,9,10,3.2
2026-05-19 11:12:28,7,721,병동,13,8,6.0
2026-05-19 11:13:41,9,921,병동,15,10,5.9
2026-05-19 11:14:51,10,1025,수술실,3,11,8.1
2026-05-19 11:25:08,13,1332,CT,1,6,9.5
2026-05-19 11:34:59,11,1132,CT,1,7,7.8
2026-05-19 11:37:17,5,526,CT,1,6,4.2
2026-05-19 11:48:29,14,1423,MRI,-3,7,10.6
2026-05-19 11:56:47,16,1628,MRI,-3,7,12.4
2026-05-19 11:57:23,8,821,CT,1,6,7.0
2026-05-19 12:06:36,14,1409,병동,13,7,3.0
2026-05-19 12:13:33,10,1014,CT,1,3,5.9
2026-05-19 12:15:08,16,1634,MRI,-3,6,12.8
2026-05-19 12:23:37,10,1016,병동,16,5,3.6
2026-05-19 12:24:40,10,1026,MRI,-3,3,8.8
2026-05-19 12:28:06,12,1205,CT,1,3,5.6
2026-05-19 12:37:16,11,1135,MRI,-3,5,9.6
2026-05-19 12:38:34,12,1202,MRI,-3,7,12.4
2026-05-19 12:41:40,12,1211,CT,1,3,5.8
2026-05-19 12:45:32,8,808,병동,14,7,6.4
2026-05-19 12:55:51,17,1722,CT,1,3,9.3
2026-05-19 12:59:51,5,512,MRI,-3,4,5.7
2026-05-19 13:00:06,9,902,수술실,3,6,6.7
2026-05-19 13:20:46,18,1809,CT,1,9,9.9
2026-05-19 13:35:35,9,909,병동,10,9,2.8
2026-05-19 13:39:18,9,909,병동,15,6,4.7
2026-05-19 13:43:43,15,1538,MRI,-3,6,10.9
2026-05-19 14:04:37,8,808,CT,1,8,5.3
2026-05-19 14:17:35,14,1402,수술실,3,9,8.8
2026-05-19 14:21:46,5,510,CT,1,5,4.1
2026-05-19 14:23:26,16,1611,병동,13,7,4.4
2026-05-19 14:24:27,6,628,병동,12,9,4.4
2026-05-19 14:27:35,14,1417,CT,1,9,7.7
2026-05-19 14:27:38,18,1833,MRI,-3,6,15.1
2026-05-19 14:27:47,14,1431,수술실,3,7,9.6
2026-05-19 14:34:55,6,640,수술실,3,7,4.8
2026-05-19 14:39:46,8,814,MRI,-3,10,8.1
2026-05-19 14:45:31,9,905,MRI,-3,7,7.7
2026-05-19 14:47:44,11,1110,MRI,-3,6,8.2
2026-05-19 14:48:17,9,901,MRI,-3,10,8.0
2026-05-19 14:55:06,18,1827,MRI,-3,10,10.4
2026-05-19 15:10:06,16,1638,병동,18,3,2.5
2026-05-19 15:11:54,15,1535,수술실,3,5,7.7
2026-05-19 15:14:48,9,930,CT,1,3,4.9
2026-05-19 15:23:11,17,1704,병동,13,4,3.0
2026-05-19 15:28:57,16,1610,병동,17,6,3.8
2026-05-19 15:41:33,9,932,수술실,3,7,7.2
2026-05-19 15:43:12,14,1425,CT,1,5,8.6
2026-05-19 15:48:17,6,602,수술실,3,6,4.5
2026-05-19 15:50:12,14,1402,MRI,-3,3,9.7
2026-05-19 16:12:30,8,805,CT,1,8,5.7
2026-05-19 16:23:57,13,1319,병동,11,5,2.9
2026-05-19 16:30:26,8,837,CT,1,5,6.0
2026-05-19 16:44:04,5,534,MRI,-3,7,7.2
2026-05-19 16:44:24,12,1231,수술실,3,7,6.6
2026-05-19 16:45:30,7,729,MRI,-3,8,7.5
2026-05-19 16:48:03,15,1512,수술실,3,5,9.0
2026-05-19 16:50:20,18,1836,병동,12,8,6.1
2026-05-19 16:50:48,11,1104,수술실,3,7,7.5
2026-05-19 16:51:53,11,1105,수술실,3,3,6.3
2026-05-19 16:52:50,5,531,수술실,3,6,3.9
2026-05-19 16:53:01,6,635,MRI,-3,6,7.9
2026-05-19 16:54:05,6,613,CT,1,3,5.2
2026-05-19 18:22:59,10,1031,MRI,-3,1,10.2
2026-05-19 19:14:14,8,833,MRI,-3,3,6.8
2026-05-19 21:15:14,15,1516,MRI,-3,1,12.0
2026-05-19 21:15:43,8,820,수술실,3,4,4.6
2026-05-19 21:34:47,12,1211,수술실,3,0,6.7
2026-05-20 06:09:16,13,1304,수술실,3,4,6.6
2026-05-20 06:30:56,15,1529,병동,14,0,2.3
2026-05-20 06:46:39,18,1812,CT,1,4,10.7
2026-05-20 06:54:41,7,740,MRI,-3,4,8.7
2026-05-20 06:59:29,10,1015,수술실,3,1,4.7
2026-05-20 07:12:40,12,1224,MRI,-3,0,11.2
2026-05-20 07:46:50,11,1115,MRI,-3,1,7.9
2026-05-20 08:02:50,9,938,CT,1,10,5.6
2026-05-20 08:14:09,7,714,수술실,3,12,7.7
2026-05-20 08:18:19,15,1540,병동,11,10,5.3
2026-05-20 08:18:44,9,931,CT,1,11,8.0
2026-05-20 08:19:00,8,829,수술실,3,13,6.8
2026-05-20 08:19:56,16,1601,병동,14,13,4.1
2026-05-20 08:31:18,7,730,MRI,-3,13,9.9
2026-05-20 08:40:26,9,929,CT,1,11,9.1
2026-05-20 08:47:35,8,822,병동,12,8,4.4
2026-05-20 08:48:09,18,1828,병동,10,15,7.2
2026-05-20 08:50:20,7,703,MRI,-3,9,6.8
2026-05-20 08:52:03,9,912,CT,1,11,8.7
2026-05-20 08:55:26,8,826,CT,1,12,7.7
2026-05-20 08:57:48,14,1422,수술실,3,14,8.9
2026-05-20 09:06:25,14,1408,CT,1,14,8.7
2026-05-20 09:08:36,13,1330,MRI,-3,13,13.8
2026-05-20 09:10:35,10,1024,수술실,3,9,6.1
2026-05-20 09:14:57,14,1420,병동,8,11,5.5
2026-05-20 09:16:11,14,1424,CT,1,15,7.9
2026-05-20 09:28:59,10,1022,MRI,-3,8,8.7
2026-05-20 09:29:03,9,913,MRI,-3,11,11.1
2026-05-20 09:29:42,11,1116,병동,8,10,4.3
2026-05-20 09:29:59,10,1008,MRI,-3,10,11.1
2026-05-20 09:30:22,18,1819,CT,1,9,11.8
2026-05-20 09:35:12,8,834,수술실,3,13,6.7
2026-05-20 09:40:47,7,717,수술실,3,13,6.9
2026-05-20 09:40:51,14,1430,수술실,3,11,8.9
2026-05-20 09:50:54,15,1522,CT,1,13,11.5
2026-05-20 09:52:35,16,1636,수술실,3,13,10.7
2026-05-20 09:52:38,16,1608,MRI,-3,14,11.6
2026-05-20 10:00:18,13,1327,수술실,3,10,6.5
2026-05-20 10:00:56,8,812,병동,8,10,3.4
2026-05-20 10:17:43,9,902,병동,11,9,3.4
2026-05-20 10:24:38,7,718,병동,12,8,4.1
2026-05-20 10:26:57,15,1508,병동,6,6,6.2
2026-05-20 10:29:01,13,1317,CT,1,11,10.8
2026-05-20 10:35:19,14,1431,병동,12,12,5.0
2026-05-20 10:37:22,18,1827,병동,14,11,5.0
2026-05-20 10:44:09,15,1510,CT,1,11,11.4
2026-05-20 10:58:31,18,1838,병동,13,8,4.9
2026-05-20 11:04:21,8,821,병동,8,10,3.3
2026-05-20 11:13:59,17,1734,병동,15,9,4.0
2026-05-20 11:19:29,15,1533,MRI,-3,12,12.3
2026-05-20 11:28:08,6,627,CT,1,7,6.0
2026-05-20 11:38:52,7,708,CT,1,8,6.3
2026-05-20 11:39:26,18,1824,병동,7,10,6.2
2026-05-20 11:46:20,8,802,수술실,3,11,5.6
2026-05-20 11:51:15,14,1403,MRI,-3,11,10.5
2026-05-20 11:53:48,12,1204,MRI,-3,11,13.1
2026-05-20 11:54:13,12,1219,CT,1,7,8.4
2026-05-20 11:59:47,13,1328,MRI,-3,11,12.7
2026-05-20 12:05:40,5,518,MRI,-3,4,5.4
2026-05-20 12:07:58,15,1509,수술실,3,7,10.3
2026-05-20 12:11:58,17,1731,MRI,-3,4,9.8
2026-05-20 12:22:15,18,1823,수술실,3,7,11.1
2026-05-20 12:29:04,10,1033,CT,1,4,5.4
2026-05-20 12:33:01,11,1127,수술실,3,5,6.2
2026-05-20 12:57:40,6,613,CT,1,5,4.4
2026-05-20 13:03:19,7,702,병동,13,6,4.9
2026-05-20 13:11:22,7,721,수술실,3,7,6.3
2026-05-20 13:22:04,5,518,CT,1,9,4.9
2026-05-20 13:25:45,11,1139,병동,11,9,3.0
2026-05-20 13:28:39,11,1140,수술실,3,6,6.6
2026-05-20 13:29:49,9,902,MRI,-3,9,7.5
2026-05-20 13:30:13,17,1713,병동,18,5,2.2
2026-05-20 13:32:57,13,1335,CT,1,7,7.0
2026-05-20 13:35:03,9,914,CT,1,7,6.8
2026-05-20 13:35:46,12,1207,CT,1,9,7.5
2026-05-20 13:36:29,17,1731,MRI,-3,8,12.0
2026-05-20 13:37:59,16,1640,병동,17,5,2.9
2026-05-20 13:40:50,5,519,MRI,-3,6,6.8
2026-05-20 13:42:17,6,610,병동,15,9,7.6
2026-05-20 13:46:43,17,1709,수술실,3,9,8.9
2026-05-20 13:57:26,13,1307,CT,1,6,8.3
2026-05-20 14:02:53,14,1425,CT,1,6,10.3
2026-05-20 14:06:24,7,711,MRI,-3,7,10.0
2026-05-20 14:22:04,15,1521,수술실,3,6,9.4
2026-05-20 14:23:45,5,522,MRI,-3,7,8.2
2026-05-20 14:23:47,11,1122,병동,7,10,4.0
2026-05-20 14:24:53,10,1020,CT,1,8,7.7
2026-05-20 14:26:01,5,504,수술실,3,7,5.2
2026-05-20 14:28:20,8,822,수술실,3,6,5.1
2026-05-20 14:32:35,13,1319,MRI,-3,10,10.3
2026-05-20 14:36:06,16,1618,수술실,3,5,7.4
2026-05-20 14:36:27,5,505,CT,1,9,5.2
2026-05-20 14:42:50,18,1809,MRI,-3,6,11.2
2026-05-20 14:45:32,5,504,MRI,-3,10,6.2
2026-05-20 14:49:44,13,1340,MRI,-3,8,9.9
2026-05-20 14:51:48,12,1213,CT,1,5,7.5
2026-05-20 14:57:50,15,1511,MRI,-3,8,10.6
2026-05-20 14:59:44,12,1227,수술실,3,9,6.2
2026-05-20 15:10:22,8,822,수술실,3,8,5.4
2026-05-20 15:13:35,15,1517,MRI,-3,4,9.6
2026-05-20 15:20:06,6,628,CT,1,5,5.3
2026-05-20 15:20:22,17,1719,CT,1,8,8.3
2026-05-20 15:44:19,8,820,병동,5,8,4.2
2026-05-20 15:49:30,11,1103,CT,1,4,7.6
2026-05-20 15:58:19,17,1716,수술실,3,8,9.0
2026-05-20 16:07:53,11,1134,수술실,3,6,6.8
2026-05-20 16:43:41,15,1505,병동,14,6,2.8
2026-05-20 16:46:10,15,1527,MRI,-3,3,11.7
2026-05-20 16:48:50,12,1208,CT,1,5,7.1
2026-05-20 16:52:03,7,714,수술실,3,6,5.1
2026-05-20 18:13:33,7,737,수술실,3,4,4.9
2026-05-20 19:38:06,13,1312,병동,18,1,4.4
2026-05-20 20:38:34,8,814,MRI,-3,1,9.4
2026-05-20 21:17:00,18,1835,수술실,3,4,10.2
2026-05-20 21:38:09,17,1716,MRI,-3,4,12.7
2026-05-21 06:26:29,7,732,MRI,-3,0,7.4
2026-05-21 06:40:28,14,1427,MRI,-3,0,12.4
2026-05-21 06:43:09,13,1332,병동,12,2,2.4
2026-05-21 06:47:55,14,1431,MRI,-3,2,9.2
2026-05-21 06:54:51,6,627,MRI,-3,4,7.3
2026-05-21 07:14:46,10,1033,MRI,-3,2,9.6
2026-05-21 07:25:06,18,1810,CT,1,0,10.0
2026-05-21 07:30:22,16,1619,수술실,3,2,6.7
2026-05-21 07:40:01,7,736,수술실,3,0,4.3
2026-05-21 07:45:29,5,512,MRI,-3,1,5.4
2026-05-21 08:04:05,9,917,수술실,3,14,6.6
2026-05-21 08:08:37,16,1618,MRI,-3,12,15.3
2026-05-21 08:10:22,8,816,CT,1,10,6.0
2026-05-21 08:21:29,8,813,CT,1,14,6.4
2026-05-21 08:25:01,7,715,수술실,3,10,5.2
2026-05-21 08:26:32,18,1832,CT,1,14,11.5
2026-05-21 08:32:02,12,1233,MRI,-3,8,9.9
2026-05-21 08:33:27,18,1806,병동,18,13,3.6
2026-05-21 08:38:37,12,1201,수술실,3,15,8.9
2026-05-21 08:40:53,13,1317,MRI,-3,11,11.3
2026-05-21 08:43:44,5,516,병동,10,10,6.0
2026-05-21 08:48:38,9,917,수술실,3,14,7.7
2026-05-21 08:53:40,5,528,CT,1,9,5.7
2026-05-21 08:55:25,7,731,CT,1,11,6.4
2026-05-21 08:56:20,7,720,병동,12,8,5.2
2026-05-21 09:00:42,11,1135,MRI,-3,11,9.3
2026-05-21 09:03:09,8,813,MRI,-3,10,7.2
2026-05-21 09:04:14,5,537,수술실,3,14,6.9
2026-05-21 09:12:50,9,930,수술실,3,13,6.4
2026-05-21 09:13:17,14,1408,MRI,-3,14,12.5
2026-05-21 09:16:00,6,616,병동,5,13,4.4
2026-05-21 09:22:28,9,918,병동,18,11,6.7
2026-05-21 09:24:25,7,735,수술실,3,8,5.6
2026-05-21 09:26:17,14,1416,MRI,-3,8,12.3
2026-05-21 09:26:49,5,525,수술실,3,14,5.8
2026-05-21 09:30:30,17,1706,수술실,3,9,8.3
2026-05-21 09:31:26,14,1417,CT,1,10,10.1
2026-05-21 09:32:21,6,625,수술실,3,9,4.5
2026-05-21 09:33:00,11,1110,병동,13,14,4.0
2026-05-21 09:34:31,5,523,CT,1,11,5.0
2026-05-21 09:43:53,14,1410,수술실,3,9,8.9
2026-05-21 09:44:09,15,1529,병동,17,9,4.3
2026-05-21 09:49:31,6,635,병동,17,9,7.3
2026-05-21 09:55:09,8,802,MRI,-3,15,9.2
2026-05-21 09:56:48,12,1224,수술실,3,8,8.6
2026-05-21 10:00:06,15,1529,수술실,3,10,7.8
2026-05-21 10:02:18,8,822,수술실,3,6,6.9
2026-05-21 10:06:16,18,1809,MRI,-3,11,16.0
2026-05-21 10:09:35,15,1509,MRI,-3,8,14.0
2026-05-21 10:11:38,17,1702,병동,16,11,4.6
2026-05-21 10:16:01,12,1217,CT,1,11,9.8
2026-05-21 10:20:28,15,1521,수술실,3,11,10.0
2026-05-21 10:21:28,13,1339,병동,7,10,5.1
2026-05-21 10:24:20,14,1419,수술실,3,9,7.7
2026-05-21 10:37:08,9,907,CT,1,9,6.9
2026-05-21 10:37:32,13,1337,수술실,3,9,8.1
2026-05-21 10:37:39,5,530,CT,1,11,6.5
2026-05-21 10:49:28,10,1014,수술실,3,6,7.3
2026-05-21 11:03:17,8,816,CT,1,7,6.9
2026-05-21 11:14:50,13,1304,MRI,-3,7,12.3
2026-05-21 11:18:04,14,1404,MRI,-3,12,13.7
2026-05-21 11:21:40,13,1338,수술실,3,9,9.4
2026-05-21 11:22:27,14,1410,수술실,3,8,8.4
2026-05-21 11:23:21,18,1810,MRI,-3,9,12.5
2026-05-21 11:28:42,16,1625,MRI,-3,6,12.8
2026-05-21 11:30:05,9,911,MRI,-3,11,9.5
2026-05-21 11:30:31,5,534,MRI,-3,9,8.8
2026-05-21 11:33:00,7,705,MRI,-3,11,9.6
2026-05-21 11:37:02,17,1727,MRI,-3,12,15.8
2026-05-21 11:42:45,5,525,병동,12,11,6.5
2026-05-21 11:44:47,14,1425,CT,1,11,8.6
2026-05-21 11:47:50,7,720,CT,1,11,7.3
2026-05-21 11:59:55,16,1639,MRI,-3,12,14.1
2026-05-21 12:03:42,8,839,수술실,3,3,5.7
2026-05-21 12:11:19,15,1535,CT,1,4,7.9
2026-05-21 12:11:57,16,1616,CT,1,6,9.2
2026-05-21 12:20:53,6,625,CT,1,3,5.3
2026-05-21 12:25:08,6,629,CT,1,7,4.8
2026-05-21 12:50:59,18,1818,CT,1,6,11.6
2026-05-21 12:55:13,5,506,MRI,-3,3,7.4
2026-05-21 13:12:14,13,1304,MRI,-3,6,10.4
2026-05-21 13:17:57,14,1417,수술실,3,8,8.4
2026-05-21 13:45:22,15,1538,병동,13,9,3.3
2026-05-21 14:06:26,17,1725,수술실,3,10,8.0
2026-05-21 14:06:36,7,720,CT,1,5,5.4
2026-05-21 14:12:09,16,1632,MRI,-3,10,9.8
2026-05-21 14:18:32,7,738,CT,1,7,5.0
2026-05-21 14:34:04,12,1212,병동,6,10,5.3
2026-05-21 14:36:00,15,1505,CT,1,5,8.6
2026-05-21 14:44:05,16,1623,CT,1,9,9.0
2026-05-21 14:47:37,16,1631,MRI,-3,7,10.9
2026-05-21 14:55:07,5,504,병동,16,8,7.8
2026-05-21 15:07:38,13,1303,CT,1,5,7.0
2026-05-21 15:20:06,14,1406,CT,1,7,8.9
2026-05-21 15:23:45,17,1717,병동,7,6,7.9
2026-05-21 15:32:12,9,923,병동,8,3,2.2
2026-05-21 15:45:33,13,1301,수술실,3,7,9.5
2026-05-21 15:46:10,10,1020,수술실,3,3,6.5
2026-05-21 15:46:28,14,1416,수술실,3,6,7.7
2026-05-21 16:10:12,13,1317,MRI,-3,5,9.5
2026-05-21 16:13:08,8,820,병동,17,8,7.4
2026-05-21 16:16:37,18,1809,CT,1,6,9.2
2026-05-21 16:22:33,18,1824,병동,8,6,5.6
2026-05-21 16:53:24,8,838,CT,1,6,7.1
2026-05-21 16:56:59,16,1621,수술실,3,6,7.5
2026-05-21 16:59:04,6,614,MRI,-3,3,7.7
2026-05-21 17:13:05,7,720,MRI,-3,1,8.7
2026-05-21 17:13:41,17,1707,MRI,-3,1,9.6
2026-05-21 18:46:53,8,828,CT,1,1,4.9
2026-05-21 19:11:34,9,907,수술실,3,4,6.3
2026-05-21 19:23:12,7,705,수술실,3,1,5.5
2026-05-21 19:57:12,17,1711,수술실,3,3,7.7
2026-05-21 21:38:57,10,1001,병동,7,0,3.8
2026-05-22 06:07:06,16,1605,CT,1,2,9.5
2026-05-22 06:26:30,9,914,병동,11,0,2.5
2026-05-22 06:29:17,7,731,수술실,3,0,3.9
2026-05-22 06:32:00,5,532,MRI,-3,2,7.2
2026-05-22 06:55:59,13,1335,CT,1,2,8.1
2026-05-22 07:01:57,17,1731,병동,9,0,4.2
2026-05-22 07:12:01,13,1310,수술실,3,4,7.2
2026-05-22 07:20:21,17,1731,CT,1,4,9.2
2026-05-22 07:39:46,12,1214,병동,16,1,3.4
2026-05-22 07:57:18,11,1115,수술실,3,1,7.0
2026-05-22 08:06:50,15,1530,병동,7,10,6.3
2026-05-22 08:12:15,15,1533,MRI,-3,8,10.8
2026-05-22 08:13:22,17,1740,MRI,-3,15,10.8
2026-05-22 08:19:53,7,716,수술실,3,8,4.8
2026-05-22 08:23:55,10,1013,병동,8,11,5.0
2026-05-22 08:24:52,7,716,수술실,3,13,7.1
2026-05-22 08:26:59,16,1616,수술실,3,12,10.3
2026-05-22 08:27:10,5,534,병동,16,12,9.6
2026-05-22 08:35:39,8,805,MRI,-3,11,11.7
2026-05-22 08:36:43,5,525,MRI,-3,11,7.5
2026-05-22 08:40:59,14,1430,MRI,-3,15,11.6
2026-05-22 08:44:30,9,935,MRI,-3,10,9.8
2026-05-22 08:49:48,7,707,CT,1,12,6.8
2026-05-22 08:52:28,18,1824,CT,1,13,10.2
2026-05-22 08:55:57,15,1522,병동,9,8,6.1
2026-05-22 09:01:37,5,540,MRI,-3,8,9.2
2026-05-22 09:01:38,6,635,CT,1,15,5.3
2026-05-22 09:02:18,13,1309,MRI,-3,8,10.4
2026-05-22 09:04:41,7,712,MRI,-3,10,7.8
2026-05-22 09:11:38,13,1313,MRI,-3,15,11.9
2026-05-22 09:12:38,10,1040,CT,1,15,6.8
2026-05-22 09:14:06,16,1632,병동,15,13,3.7
2026-05-22 09:19:28,12,1215,MRI,-3,10,11.0
2026-05-22 09:30:32,7,737,수술실,3,11,6.9
2026-05-22 09:30:45,15,1515,병동,16,11,4.3
2026-05-22 09:40:16,7,738,MRI,-3,15,9.1
2026-05-22 09:41:44,13,1315,CT,1,11,8.7
2026-05-22 09:43:24,7,706,CT,1,9,5.5
2026-05-22 09:44:05,14,1433,MRI,-3,9,11.8
2026-05-22 09:44:39,13,1308,CT,1,9,8.0
2026-05-22 09:44:43,14,1429,CT,1,15,9.0
2026-05-22 09:46:24,15,1535,병동,8,8,6.2
2026-05-22 09:48:28,11,1106,CT,1,11,9.7
2026-05-22 09:54:09,16,1638,병동,8,9,5.9
2026-05-22 09:55:22,9,940,MRI,-3,11,11.7
2026-05-22 09:55:50,18,1836,병동,6,11,10.2
2026-05-22 09:58:06,11,1130,병동,10,15,3.7
2026-05-22 10:17:27,14,1437,CT,1,7,7.7
2026-05-22 10:18:52,8,814,CT,1,10,5.4
2026-05-22 10:19:43,16,1631,CT,1,7,8.6
2026-05-22 10:21:09,12,1209,수술실,3,7,6.2
2026-05-22 10:26:47,16,1628,수술실,3,9,8.6
2026-05-22 10:28:03,15,1512,병동,6,7,7.2
2026-05-22 10:33:50,7,701,수술실,3,12,5.4
2026-05-22 10:37:54,7,738,MRI,-3,11,10.9
2026-05-22 10:40:38,7,727,MRI,-3,9,8.5
2026-05-22 10:44:27,9,921,수술실,3,8,5.3
2026-05-22 10:45:54,18,1821,CT,1,7,9.2
2026-05-22 10:53:20,15,1527,수술실,3,6,8.5
2026-05-22 10:57:58,10,1012,CT,1,11,8.6
2026-05-22 11:00:15,16,1637,수술실,3,6,10.6
2026-05-22 11:02:41,12,1231,MRI,-3,6,9.0
2026-05-22 11:21:04,10,1031,CT,1,9,5.9
2026-05-22 11:32:59,14,1428,CT,1,6,7.9
2026-05-22 11:42:20,15,1533,병동,10,12,6.5
2026-05-22 11:42:24,5,509,수술실,3,10,4.8
2026-05-22 11:54:00,5,540,MRI,-3,6,7.1
2026-05-22 12:19:58,15,1540,CT,1,7,8.8
2026-05-22 12:24:01,16,1622,병동,13,5,2.7
2026-05-22 12:29:59,11,1135,병동,11,6,3.4
2026-05-22 12:36:07,12,1224,수술실,3,6,7.3
2026-05-22 12:40:47,18,1839,CT,1,3,10.3
2026-05-22 12:41:23,14,1427,CT,1,4,8.0
2026-05-22 13:00:32,13,1310,수술실,3,5,5.7
2026-05-22 13:02:23,6,621,CT,1,9,5.2
2026-05-22 13:07:40,13,1305,수술실,3,10,9.2
2026-05-22 13:09:57,7,712,병동,17,10,6.8
2026-05-22 13:15:43,11,1113,병동,6,10,4.3
2026-05-22 13:19:53,15,1535,CT,1,5,8.6
2026-05-22 13:21:19,15,1526,병동,8,9,5.6
2026-05-22 13:29:13,5,536,MRI,-3,7,8.7
2026-05-22 13:37:13,12,1233,수술실,3,8,6.7
2026-05-22 13:53:34,12,1216,수술실,3,10,7.8
2026-05-22 14:06:50,18,1837,MRI,-3,9,11.6
2026-05-22 14:16:20,11,1111,수술실,3,10,6.6
2026-05-22 14:19:31,16,1635,CT,1,5,7.4
2026-05-22 14:28:43,15,1518,MRI,-3,5,11.9
2026-05-22 14:38:46,11,1138,MRI,-3,7,11.5
2026-05-22 14:45:07,7,714,MRI,-3,10,10.1
2026-05-22 15:08:43,18,1808,CT,1,6,8.2
2026-05-22 15:18:36,6,615,CT,1,6,5.0
2026-05-22 15:23:20,7,721,MRI,-3,5,6.7
2026-05-22 15:24:59,10,1004,수술실,3,5,6.1
2026-05-22 15:32:15,13,1337,MRI,-3,6,12.4
2026-05-22 15:57:39,16,1606,CT,1,6,10.8
2026-05-22 16:05:24,9,928,병동,11,8,3.5
2026-05-22 16:08:47,16,1619,수술실,3,7,7.7
2026-05-22 16:12:38,11,1102,수술실,3,8,5.8
2026-05-22 16:30:12,15,1537,병동,17,4,2.6
2026-05-22 16:31:02,14,1409,MRI,-3,7,9.2
2026-05-22 16:32:52,15,1529,CT,1,6,10.7
2026-05-22 16:38:51,8,818,수술실,3,8,6.5
2026-05-22 16:40:46,11,1113,CT,1,6,7.2
2026-05-22 16:41:54,6,631,병동,13,8,5.7
2026-05-22 16:49:58,16,1626,CT,1,6,11.1
2026-05-22 16:58:15,7,739,MRI,-3,5,8.6
2026-05-22 17:10:24,13,1323,수술실,3,0,5.7
2026-05-22 18:21:07,9,929,CT,1,4,5.7
2026-05-22 19:31:33,6,615,병동,7,0,2.4
2026-05-22 20:47:33,15,1510,병동,18,0,3.0
2026-05-22 20:48:22,11,1129,CT,1,2,6.0
2026-05-22 21:38:46,8,803,MRI,-3,2,8.7
2026-05-23 06:14:41,18,1813,수술실,3,3,8.3
2026-05-23 06:40:46,8,831,수술실,3,3,5.0
2026-05-23 06:54:24,14,1424,수술실,3,3,7.9
2026-05-23 06:59:59,12,1203,CT,1,4,5.5
2026-05-23 07:03:40,14,1427,CT,1,4,7.4
2026-05-23 07:47:49,9,912,MRI,-3,3,9.8
2026-05-23 07:49:04,5,520,MRI,-3,0,6.9
2026-05-23 07:53:51,9,915,병동,15,1,4.2
2026-05-23 08:03:58,13,1332,병동,13,9,2.8
2026-05-23 08:04:49,13,1313,CT,1,11,8.8
2026-05-23 08:12:44,15,1517,CT,1,11,8.8
2026-05-23 08:16:02,8,823,병동,15,15,6.5
2026-05-23 08:28:07,15,1502,병동,11,11,5.5
2026-05-23 08:29:57,8,824,MRI,-3,12,9.9
2026-05-23 08:30:26,11,1131,수술실,3,15,7.2
2026-05-23 08:38:08,17,1725,CT,1,12,9.0
2026-05-23 08:55:27,10,1017,병동,6,11,5.5
2026-05-23 08:57:29,10,1020,CT,1,11,8.3
2026-05-23 09:08:07,10,1014,수술실,3,12,8.2
2026-05-23 09:12:02,14,1404,병동,12,9,3.5
2026-05-23 09:18:34,6,636,MRI,-3,10,7.4
2026-05-23 09:20:55,14,1430,수술실,3,11,10.9
2026-05-23 09:21:34,9,919,MRI,-3,13,10.2
2026-05-23 09:46:12,16,1609,수술실,3,11,8.2
2026-05-23 09:52:57,7,715,수술실,3,14,7.8
2026-05-23 09:53:58,10,1038,병동,6,14,4.9
2026-05-23 09:59:18,12,1237,MRI,-3,10,8.6
2026-05-23 09:59:49,5,532,MRI,-3,14,8.3
2026-05-23 10:03:00,18,1809,CT,1,9,9.9
2026-05-23 10:09:09,5,511,수술실,3,7,5.5
2026-05-23 10:09:23,6,622,병동,11,6,4.2
2026-05-23 10:16:36,9,924,CT,1,6,6.5
2026-05-23 10:18:13,10,1017,수술실,3,11,7.0
2026-05-23 10:49:02,13,1301,MRI,-3,9,10.3
2026-05-23 11:06:21,14,1427,CT,1,11,11.4
2026-05-23 11:13:22,12,1232,MRI,-3,12,12.1
2026-05-23 11:18:06,7,721,CT,1,10,5.9
2026-05-23 11:24:01,8,809,CT,1,7,5.4
2026-05-23 11:24:13,17,1706,병동,18,8,3.3
2026-05-23 11:26:49,13,1339,CT,1,6,7.2
2026-05-23 11:29:54,16,1634,MRI,-3,11,14.2
2026-05-23 11:46:46,17,1734,수술실,3,8,8.7
2026-05-23 11:50:15,5,503,병동,9,10,4.6
2026-05-23 11:50:44,6,615,MRI,-3,8,6.8
2026-05-23 11:55:12,8,833,MRI,-3,12,8.7
2026-05-23 11:56:19,14,1409,수술실,3,10,7.2
2026-05-23 11:59:16,13,1324,CT,1,9,9.3
2026-05-23 12:04:29,16,1629,CT,1,4,8.0
2026-05-23 12:18:01,9,907,MRI,-3,4,7.4
2026-05-23 12:31:20,11,1116,MRI,-3,3,7.5
2026-05-23 12:33:18,10,1027,수술실,3,7,6.3
2026-05-23 12:43:33,6,613,MRI,-3,3,7.9
2026-05-23 12:49:12,6,621,병동,15,4,6.5
2026-05-23 12:52:48,9,903,수술실,3,3,5.7
2026-05-23 13:01:27,12,1235,수술실,3,9,6.9
2026-05-23 13:20:18,9,904,병동,8,9,3.7
2026-05-23 13:26:39,11,1136,MRI,-3,6,8.8
2026-05-23 13:30:03,8,837,CT,1,7,6.6
2026-05-23 13:30:44,17,1709,병동,9,5,4.8
2026-05-23 13:31:46,13,1324,병동,11,6,3.5
2026-05-23 13:32:25,5,515,병동,18,8,9.7
2026-05-23 13:36:31,12,1239,병동,11,7,2.9
2026-05-23 13:54:34,14,1417,수술실,3,7,7.5
2026-05-23 13:56:34,10,1018,병동,16,5,4.5
2026-05-23 14:03:55,12,1230,MRI,-3,7,10.9
2026-05-23 14:22:40,10,1008,병동,10,8,3.0
2026-05-23 14:26:16,11,1119,CT,1,6,6.7
2026-05-23 14:29:10,6,621,병동,17,5,6.2
2026-05-23 14:30:02,17,1701,병동,15,10,3.9
2026-05-23 14:37:26,16,1603,수술실,3,5,8.9
2026-05-23 14:42:38,10,1007,MRI,-3,5,9.4
2026-05-23 14:51:45,13,1310,MRI,-3,10,12.4
2026-05-23 14:53:47,6,614,CT,1,5,4.3
2026-05-23 14:58:11,9,906,MRI,-3,10,10.9
2026-05-23 15:21:23,12,1204,수술실,3,7,6.2
2026-05-23 15:42:16,7,707,CT,1,3,5.8
2026-05-23 15:44:03,9,913,병동,5,5,4.2
2026-05-23 15:44:13,15,1514,수술실,3,3,8.6
2026-05-23 15:58:15,7,707,MRI,-3,4,8.7
2026-05-23 16:04:12,7,719,MRI,-3,7,9.0
2026-05-23 16:17:15,10,1003,병동,15,5,3.2
2026-05-23 16:20:16,11,1112,병동,12,7,3.0
2026-05-23 16:22:41,11,1107,수술실,3,4,5.7
2026-05-23 16:27:05,11,1121,MRI,-3,7,9.6
2026-05-23 16:29:22,6,638,MRI,-3,4,7.0
2026-05-23 16:30:23,13,1301,수술실,3,6,8.9
2026-05-23 16:32:16,15,1534,수술실,3,7,8.9
2026-05-23 16:36:23,7,722,MRI,-3,3,6.4
2026-05-23 16:39:41,17,1739,MRI,-3,4,13.6
2026-05-23 16:44:18,16,1613,MRI,-3,8,14.4
2026-05-23 16:50:25,13,1336,병동,11,3,2.8
2026-05-23 16:51:04,12,1232,CT,1,4,7.7
2026-05-23 18:47:55,16,1620,수술실,3,0,9.0
2026-05-23 19:54:47,14,1418,CT,1,2,7.7
2026-05-23 20:38:10,18,1828,MRI,-3,4,9.9
2026-05-23 20:43:49,18,1839,CT,1,0,8.0
2026-05-24 06:13:52,15,1517,병동,17,2,3.1
2026-05-24 07:02:47,7,702,병동,7,4,2.3
2026-05-24 07:14:21,14,1423,MRI,-3,3,8.7
2026-05-24 07:30:47,15,1515,CT,1,0,7.9
2026-05-24 07:36:47,14,1406,MRI,-3,4,9.6
2026-05-24 07:39:19,17,1713,MRI,-3,1,10.2
2026-05-24 07:51:50,6,624,MRI,-3,2,7.2
2026-05-24 08:02:40,14,1411,MRI,-3,11,12.1
2026-05-24 08:03:39,7,709,수술실,3,12,6.0
2026-05-24 08:12:48,18,1826,수술실,3,14,12.9
2026-05-24 08:13:18,9,917,수술실,3,11,8.2
2026-05-24 08:15:20,6,636,MRI,-3,12,7.7
2026-05-24 08:17:53,12,1209,MRI,-3,10,10.8
2026-05-24 08:21:51,10,1038,병동,14,14,6.6
2026-05-24 08:25:06,15,1529,병동,8,11,7.6
2026-05-24 08:27:26,9,919,병동,13,11,6.4
2026-05-24 08:28:58,18,1819,병동,5,13,10.9
2026-05-24 08:34:31,17,1719,MRI,-3,15,15.5
2026-05-24 08:40:51,6,620,CT,1,13,7.3
2026-05-24 08:41:20,5,501,수술실,3,9,4.3
2026-05-24 08:44:22,15,1507,CT,1,9,7.8
2026-05-24 08:52:15,15,1537,수술실,3,14,9.7
2026-05-24 08:58:27,12,1227,수술실,3,15,7.5
2026-05-24 09:08:11,11,1126,병동,18,9,6.0
2026-05-24 09:16:51,7,739,CT,1,14,8.0
2026-05-24 09:19:41,9,902,수술실,3,15,7.7
2026-05-24 09:19:42,7,739,병동,8,10,3.2
2026-05-24 09:20:14,12,1224,MRI,-3,10,12.4
2026-05-24 09:22:27,6,619,CT,1,15,6.4
2026-05-24 09:28:53,5,511,CT,1,9,6.0
2026-05-24 09:29:14,17,1717,MRI,-3,14,15.3
2026-05-24 09:29:17,17,1710,CT,1,15,9.0
2026-05-24 09:29:19,8,803,MRI,-3,9,8.4
2026-05-24 09:29:42,12,1212,CT,1,10,7.7
2026-05-24 09:34:56,15,1538,병동,13,12,5.2
2026-05-24 09:35:04,7,711,CT,1,10,5.8
2026-05-24 09:46:07,11,1104,MRI,-3,9,8.4
2026-05-24 09:46:18,5,530,수술실,3,8,3.9
2026-05-24 09:51:47,6,610,MRI,-3,8,6.9
2026-05-24 09:54:20,15,1526,수술실,3,11,11.7
2026-05-24 09:54:48,14,1435,수술실,3,8,9.2
2026-05-24 09:55:42,8,808,CT,1,15,8.0
2026-05-24 10:10:53,11,1125,MRI,-3,8,8.6
2026-05-24 10:14:27,8,816,CT,1,12,7.3
2026-05-24 10:20:47,8,803,병동,7,7,2.9
2026-05-24 10:23:17,16,1632,병동,17,7,4.0
2026-05-24 10:24:21,6,628,CT,1,8,6.6
2026-05-24 10:32:49,9,938,병동,13,9,4.3
2026-05-24 10:33:44,17,1722,수술실,3,10,10.7
2026-05-24 10:48:39,17,1704,MRI,-3,9,11.8
2026-05-24 10:53:08,11,1129,수술실,3,8,8.1
2026-05-24 10:59:28,10,1007,CT,1,9,8.5
2026-05-24 11:00:28,9,904,MRI,-3,9,10.8
2026-05-24 11:04:50,8,827,병동,14,9,4.8
2026-05-24 11:15:41,18,1806,병동,13,12,6.8
2026-05-24 11:21:40,18,1835,CT,1,7,12.2
2026-05-24 11:22:24,9,915,CT,1,9,5.5
2026-05-24 11:26:50,8,818,MRI,-3,10,7.6
2026-05-24 11:32:16,16,1616,수술실,3,7,9.5
2026-05-24 11:33:55,6,604,MRI,-3,8,7.3
2026-05-24 11:38:30,15,1539,CT,1,9,7.6
2026-05-24 11:58:19,16,1620,CT,1,11,11.6
2026-05-24 12:04:26,12,1238,MRI,-3,7,8.6
2026-05-24 12:25:17,9,918,MRI,-3,4,9.4
2026-05-24 12:40:05,14,1409,CT,1,6,9.6
2026-05-24 12:40:12,10,1022,MRI,-3,3,8.2
2026-05-24 12:55:38,18,1805,MRI,-3,6,13.3
2026-05-24 12:56:34,15,1535,CT,1,7,8.5
2026-05-24 12:59:13,7,704,MRI,-3,5,6.8
2026-05-24 13:02:30,11,1111,수술실,3,10,8.5
2026-05-24 13:14:22,6,636,병동,12,9,4.5
2026-05-24 13:28:30,18,1817,CT,1,7,10.3
2026-05-24 13:40:05,9,918,병동,15,6,4.4
2026-05-24 13:41:05,10,1010,수술실,3,9,7.1
2026-05-24 13:47:43,15,1506,병동,6,7,7.2
2026-05-24 13:57:17,12,1224,병동,7,5,3.4
2026-05-24 13:57:25,14,1415,수술실,3,5,8.6
2026-05-24 14:01:24,15,1533,CT,1,7,8.5
2026-05-24 14:02:10,5,508,수술실,3,7,3.9
2026-05-24 14:02:18,6,602,MRI,-3,8,8.8
2026-05-24 14:32:32,8,825,CT,1,6,6.1
2026-05-24 14:33:59,14,1421,MRI,-3,8,9.3
2026-05-24 14:34:07,6,623,병동,5,9,3.4
2026-05-24 14:46:08,16,1604,MRI,-3,5,13.1
2026-05-24 14:46:53,13,1322,MRI,-3,7,11.3
2026-05-24 14:51:08,6,606,병동,6,7,3.6
2026-05-24 14:53:42,6,606,MRI,-3,7,7.1
2026-05-24 14:54:28,10,1034,수술실,3,9,7.9
2026-05-24 15:08:39,5,527,병동,17,8,8.9
2026-05-24 15:30:56,9,929,병동,8,6,3.0
2026-05-24 15:33:15,17,1740,수술실,3,8,8.1
2026-05-24 15:40:48,8,804,MRI,-3,3,7.2
2026-05-24 15:44:57,9,922,수술실,3,7,6.0
2026-05-24 16:03:49,6,601,MRI,-3,3,7.8
2026-05-24 16:20:41,14,1404,병동,5,6,6.0
2026-05-24 16:25:23,9,932,수술실,3,8,5.6
2026-05-24 16:27:14,11,1116,MRI,-3,4,10.7
2026-05-24 16:32:15,9,927,MRI,-3,4,8.0
2026-05-24 16:45:26,9,928,병동,8,6,3.4
2026-05-24 16:51:13,5,535,병동,6,4,2.6
2026-05-24 16:54:09,9,935,CT,1,6,6.2
2026-05-24 17:11:34,7,738,병동,10,4,2.6
2026-05-24 17:26:57,15,1528,병동,8,0,5.3
2026-05-24 19:36:05,12,1234,병동,11,0,2.8
2026-05-24 19:39:32,18,1818,병동,15,0,2.6
2026-05-24 20:56:31,10,1007,수술실,3,3,5.0
2026-05-24 21:48:00,18,1818,병동,5,2,7.1
2026-05-25 06:09:00,8,833,병동,16,0,5.7
2026-05-25 06:15:18,13,1321,병동,5,4,4.2
2026-05-25 06:19:38,10,1007,병동,8,0,2.4
2026-05-25 06:31:38,7,706,병동,7,1,2.3
2026-05-25 06:38:44,10,1025,수술실,3,2,6.3
2026-05-25 06:49:34,15,1503,병동,14,0,2.6
2026-05-25 07:14:28,5,504,MRI,-3,0,7.7
2026-05-25 07:28:42,15,1505,병동,7,2,5.8
2026-05-25 07:38:27,8,812,병동,11,4,3.1
2026-05-25 07:40:12,10,1021,병동,18,3,4.9
2026-05-25 07:40:44,8,808,MRI,-3,2,8.6
2026-05-25 07:51:56,7,735,수술실,3,1,5.3
2026-05-25 07:57:42,14,1412,CT,1,0,8.9
2026-05-25 08:00:02,5,528,병동,5,14,3.2
2026-05-25 08:07:12,12,1240,MRI,-3,13,13.7
2026-05-25 08:09:14,7,708,병동,13,13,6.1
2026-05-25 08:17:49,6,633,MRI,-3,11,10.2
2026-05-25 08:18:56,5,531,MRI,-3,9,7.4
2026-05-25 08:24:58,5,540,MRI,-3,13,9.8
2026-05-25 08:25:39,5,520,병동,10,9,5.9
2026-05-25 08:30:36,12,1221,MRI,-3,8,9.4
2026-05-25 08:41:52,9,903,CT,1,14,6.8
2026-05-25 08:42:59,9,926,CT,1,14,9.1
2026-05-25 08:43:12,13,1308,CT,1,15,9.8
2026-05-25 08:47:44,6,637,MRI,-3,10,6.7
2026-05-25 08:51:13,14,1413,병동,17,12,6.2
2026-05-25 08:52:49,16,1638,수술실,3,11,8.4
2026-05-25 08:54:35,5,511,병동,12,15,5.6
2026-05-25 08:59:44,17,1720,MRI,-3,15,15.6
2026-05-25 09:15:33,12,1228,MRI,-3,11,12.3
2026-05-25 09:19:07,10,1040,병동,12,15,5.2
2026-05-25 09:19:44,9,914,MRI,-3,10,10.7
2026-05-25 09:21:02,5,504,CT,1,11,7.2
2026-05-25 09:28:08,17,1724,수술실,3,13,9.2
2026-05-25 09:28:59,11,1104,MRI,-3,11,12.4
2026-05-25 09:29:12,8,826,CT,1,14,8.7
2026-05-25 09:33:38,12,1238,수술실,3,12,10.2
2026-05-25 09:34:09,14,1431,병동,14,8,3.2
2026-05-25 09:35:33,17,1703,수술실,3,9,7.8
2026-05-25 09:36:36,10,1038,CT,1,13,6.9
2026-05-25 09:39:08,16,1603,MRI,-3,15,11.9
2026-05-25 09:45:35,11,1103,CT,1,9,6.4
2026-05-25 09:47:00,10,1029,수술실,3,12,7.4
2026-05-25 09:48:12,15,1520,MRI,-3,11,11.0
2026-05-25 09:54:24,16,1617,CT,1,14,12.3
2026-05-25 09:59:52,10,1015,CT,1,10,8.4
2026-05-25 10:02:58,8,817,병동,8,7,2.6
2026-05-25 10:06:58,12,1208,CT,1,9,8.7
2026-05-25 10:26:46,15,1528,MRI,-3,7,10.5
2026-05-25 10:26:55,9,917,CT,1,11,8.2
2026-05-25 10:31:49,13,1328,병동,14,8,4.0
2026-05-25 10:34:59,9,931,CT,1,12,7.3
2026-05-25 10:38:18,5,508,MRI,-3,8,7.8
2026-05-25 10:47:50,13,1319,MRI,-3,7,9.4
2026-05-25 10:56:24,9,929,MRI,-3,7,8.1
2026-05-25 11:02:18,9,930,CT,1,8,6.8
2026-05-25 11:10:55,9,932,MRI,-3,10,7.4
2026-05-25 11:12:28,18,1834,CT,1,6,9.1
2026-05-25 11:16:27,11,1125,수술실,3,10,7.7
2026-05-25 11:21:33,15,1536,병동,17,8,3.2
2026-05-25 11:25:49,14,1430,수술실,3,9,9.7
2026-05-25 11:26:47,5,514,병동,6,12,4.1
2026-05-25 11:39:25,6,627,CT,1,9,4.4
2026-05-25 11:44:23,11,1106,병동,11,12,4.5
2026-05-25 11:53:29,12,1202,병동,8,7,4.9
2026-05-25 11:55:35,16,1615,CT,1,7,8.0
2026-05-25 11:57:12,10,1005,병동,14,10,3.8
2026-05-25 12:09:34,11,1137,MRI,-3,3,10.7
2026-05-25 12:15:49,17,1716,병동,8,5,6.7
2026-05-25 12:33:51,18,1827,병동,15,6,4.0
2026-05-25 12:44:12,18,1822,병동,9,4,4.7
2026-05-25 12:50:26,11,1114,MRI,-3,5,7.8
2026-05-25 12:59:19,11,1128,수술실,3,3,5.6
2026-05-25 12:59:51,18,1839,MRI,-3,7,15.1
2026-05-25 12:59:54,6,617,수술실,3,4,4.1
2026-05-25 13:00:16,14,1419,수술실,3,10,8.4
2026-05-25 13:07:15,17,1724,CT,1,8,8.9
2026-05-25 13:08:27,8,828,병동,5,10,3.8
2026-05-25 13:10:31,8,815,병동,6,6,4.5
2026-05-25 13:25:18,11,1135,MRI,-3,9,9.5
2026-05-25 13:35:55,6,602,수술실,3,7,6.0
2026-05-25 13:50:03,16,1629,MRI,-3,9,10.2
2026-05-25 14:01:46,8,823,수술실,3,5,5.3
2026-05-25 14:07:30,17,1728,수술실,3,5,9.8
2026-05-25 14:10:36,17,1706,병동,9,7,7.4
2026-05-25 14:24:03,14,1428,병동,9,9,4.6
2026-05-25 14:28:19,14,1403,수술실,3,6,8.3
2026-05-25 14:58:52,15,1526,MRI,-3,8,13.7
2026-05-25 15:08:56,10,1031,CT,1,4,5.1
2026-05-25 15:21:24,13,1316,CT,1,5,7.0
2026-05-25 15:40:03,16,1625,수술실,3,7,8.5
2026-05-25 15:50:32,13,1314,병동,16,4,2.8
2026-05-25 15:51:09,18,1820,MRI,-3,5,13.1
2026-05-25 15:59:51,14,1431,병동,8,6,4.8
2026-05-25 16:05:58,15,1512,MRI,-3,8,10.1
2026-05-25 16:28:29,14,1421,CT,1,4,8.7
2026-05-25 16:34:44,9,936,CT,1,7,7.4
2026-05-25 17:44:29,13,1317,CT,1,0,6.8
2026-05-25 17:44:55,11,1126,CT,1,3,6.8
2026-05-25 18:47:23,14,1426,MRI,-3,3,8.9
2026-05-25 19:17:18,12,1215,수술실,3,4,6.0
2026-05-25 19:47:02,17,1714,병동,18,2,2.4
2026-05-25 20:12:50,6,625,병동,8,4,3.0
2026-05-26 06:00:06,8,813,병동,8,4,2.0
2026-05-26 06:29:57,6,635,CT,1,1,4.1
2026-05-26 06:42:15,11,1131,CT,1,4,6.4
2026-05-26 07:12:09,12,1230,수술실,3,2,7.1
2026-05-26 07:27:33,17,1713,병동,5,4,7.4
2026-05-26 07:36:20,11,1135,CT,1,2,5.9
2026-05-26 07:46:10,18,1806,수술실,3,4,8.2
2026-05-26 07:57:32,7,728,CT,1,1,5.7
2026-05-26 08:02:02,7,703,병동,10,11,4.7
2026-05-26 08:08:47,13,1310,수술실,3,15,9.2
2026-05-26 08:12:37,15,1535,수술실,3,12,11.6
2026-05-26 08:12:42,16,1619,병동,9,11,5.6
2026-05-26 08:21:49,8,834,CT,1,12,7.7
2026-05-26 08:24:53,10,1027,병동,15,13,5.8
2026-05-26 08:25:03,14,1427,수술실,3,15,9.5
2026-05-26 08:28:23,15,1506,수술실,3,10,10.0
2026-05-26 08:32:58,9,923,병동,14,14,4.9
2026-05-26 08:33:22,5,526,수술실,3,11,6.8
2026-05-26 08:34:14,10,1022,수술실,3,12,6.9
2026-05-26 08:40:22,9,930,병동,17,9,6.7
2026-05-26 08:40:48,12,1217,CT,1,14,7.4
2026-05-26 08:41:27,9,907,CT,1,9,7.6
2026-05-26 08:42:21,18,1827,MRI,-3,15,14.2
2026-05-26 08:44:46,18,1810,수술실,3,9,11.5
2026-05-26 08:54:23,11,1120,병동,10,15,5.3
2026-05-26 08:54:58,16,1628,수술실,3,13,10.0
2026-05-26 08:57:09,15,1531,수술실,3,15,9.0
2026-05-26 08:57:12,7,724,병동,17,13,7.4
2026-05-26 08:58:54,7,702,수술실,3,13,6.3
2026-05-26 09:00:24,9,919,수술실,3,15,8.1
2026-05-26 09:01:35,14,1402,병동,17,15,4.7
2026-05-26 09:06:10,16,1618,MRI,-3,12,14.6
2026-05-26 09:07:24,14,1430,병동,9,14,6.6
2026-05-26 09:07:53,8,823,MRI,-3,13,11.1
2026-05-26 09:08:08,12,1235,병동,5,9,5.0
2026-05-26 09:10:05,16,1613,MRI,-3,14,10.7
2026-05-26 09:22:18,5,503,병동,15,11,6.8
2026-05-26 09:34:33,8,812,MRI,-3,12,10.1
2026-05-26 09:44:05,10,1020,병동,12,8,3.4
2026-05-26 09:48:11,11,1121,MRI,-3,9,8.6
2026-05-26 09:52:59,7,714,수술실,3,15,7.8
2026-05-26 09:58:18,12,1231,병동,17,12,6.6
2026-05-26 10:02:29,17,1706,MRI,-3,8,14.8
2026-05-26 10:06:41,9,903,수술실,3,8,6.5
2026-05-26 10:08:56,6,622,CT,1,7,4.6
2026-05-26 10:10:17,13,1317,CT,1,7,8.7
2026-05-26 10:19:26,9,935,MRI,-3,8,11.1
2026-05-26 10:30:57,6,615,CT,1,10,5.7
2026-05-26 10:31:27,9,927,MRI,-3,10,8.0
2026-05-26 10:36:24,16,1619,CT,1,6,11.1
2026-05-26 10:37:48,10,1017,MRI,-3,12,10.8
2026-05-26 10:56:45,16,1619,병동,16,11,4.7
2026-05-26 10:58:05,7,713,수술실,3,6,5.6
2026-05-26 11:01:52,15,1504,수술실,3,11,9.2
2026-05-26 11:06:32,15,1518,CT,1,9,10.0
2026-05-26 11:11:52,12,1234,MRI,-3,12,13.8
2026-05-26 11:13:51,17,1723,병동,16,10,3.5
2026-05-26 11:15:14,9,927,수술실,3,10,5.2
2026-05-26 11:28:13,7,728,수술실,3,12,7.2
2026-05-26 11:35:26,7,735,MRI,-3,9,8.0
2026-05-26 11:39:47,16,1639,MRI,-3,9,11.0
2026-05-26 11:42:11,9,912,병동,12,12,5.9
2026-05-26 11:50:12,8,814,CT,1,9,6.7
2026-05-26 11:51:20,15,1520,병동,13,7,3.3
2026-05-26 11:59:58,12,1204,MRI,-3,8,9.1
2026-05-26 12:09:21,8,823,MRI,-3,6,9.1
2026-05-26 12:17:43,5,512,CT,1,7,5.1
2026-05-26 12:17:49,14,1432,수술실,3,4,7.0
2026-05-26 12:22:01,7,727,수술실,3,3,4.7
2026-05-26 12:29:03,14,1433,수술실,3,5,7.5
2026-05-26 12:32:16,13,1309,병동,18,7,4.5
2026-05-26 12:33:07,5,510,수술실,3,6,3.9
2026-05-26 12:37:03,9,933,MRI,-3,6,10.4
2026-05-26 12:42:44,7,710,수술실,3,5,3.7
2026-05-26 12:48:39,7,701,CT,1,5,4.9
2026-05-26 13:23:28,11,1114,수술실,3,8,8.3
2026-05-26 13:37:37,7,733,CT,1,6,6.0
2026-05-26 13:55:48,8,832,MRI,-3,9,7.6
2026-05-26 14:04:09,8,832,수술실,3,9,6.5
2026-05-26 14:06:02,16,1615,CT,1,10,9.7
2026-05-26 14:10:43,16,1622,CT,1,9,9.9
2026-05-26 14:16:24,5,514,병동,6,8,3.6
2026-05-26 14:28:12,10,1037,병동,7,9,5.0
2026-05-26 14:30:48,7,703,CT,1,5,4.0
2026-05-26 14:41:10,7,721,MRI,-3,8,6.8
2026-05-26 14:42:22,12,1232,수술실,3,5,7.5
2026-05-26 14:43:14,8,836,MRI,-3,10,10.3
2026-05-26 14:47:19,15,1512,MRI,-3,7,12.8
2026-05-26 14:53:43,7,738,수술실,3,8,6.4
2026-05-26 14:54:14,13,1340,CT,1,10,8.2
2026-05-26 15:00:37,15,1540,병동,15,3,1.8
2026-05-26 15:08:38,7,712,수술실,3,8,4.7
2026-05-26 15:11:26,10,1009,병동,13,5,3.8
2026-05-26 15:30:55,5,530,MRI,-3,6,7.5
2026-05-26 15:53:23,14,1438,병동,7,3,5.3
2026-05-26 15:59:11,8,820,수술실,3,3,5.7
2026-05-26 16:13:29,16,1622,병동,8,7,7.2
2026-05-26 16:16:12,5,523,MRI,-3,4,5.6
2026-05-26 16:23:25,9,927,수술실,3,7,5.7
2026-05-26 16:36:45,13,1333,병동,11,7,3.4
2026-05-26 16:38:42,13,1315,병동,14,7,3.4
2026-05-26 16:39:05,10,1036,병동,5,7,4.2
2026-05-26 16:40:13,16,1624,MRI,-3,3,12.9
2026-05-26 16:47:22,18,1820,병동,18,6,2.6
2026-05-26 17:45:37,17,1732,MRI,-3,0,13.4
2026-05-26 18:22:03,5,529,병동,15,2,5.2
2026-05-26 18:22:22,11,1136,수술실,3,0,6.6
2026-05-26 18:49:05,14,1402,수술실,3,4,7.7
2026-05-26 19:35:19,10,1027,MRI,-3,1,10.4
2026-05-26 19:37:47,12,1221,CT,1,3,5.8
2026-05-26 21:45:28,11,1115,MRI,-3,2,8.3
2026-05-27 06:09:06,5,508,MRI,-3,4,6.9
2026-05-27 06:15:55,6,637,CT,1,1,3.9
2026-05-27 06:31:51,10,1029,수술실,3,4,5.5
2026-05-27 06:39:59,11,1117,CT,1,0,5.8
2026-05-27 06:51:16,8,828,수술실,3,3,4.8
2026-05-27 06:52:00,18,1825,병동,18,4,2.2
2026-05-27 07:04:33,16,1608,병동,5,0,5.8
2026-05-27 07:05:34,15,1540,수술실,3,2,9.0
2026-05-27 07:07:46,11,1118,CT,1,3,6.2
2026-05-27 07:15:21,12,1225,수술실,3,4,6.8
2026-05-27 07:25:20,9,931,MRI,-3,2,7.5
2026-05-27 08:00:13,9,901,수술실,3,12,7.7
2026-05-27 08:03:07,5,519,수술실,3,10,5.4
2026-05-27 08:05:45,8,809,MRI,-3,10,8.7
2026-05-27 08:07:30,16,1608,MRI,-3,10,10.7
2026-05-27 08:09:50,7,707,수술실,3,14,5.7
2026-05-27 08:11:09,11,1108,CT,1,10,6.5
2026-05-27 08:11:12,17,1705,CT,1,15,12.0
2026-05-27 08:13:16,10,1008,CT,1,14,7.4
2026-05-27 08:19:56,18,1838,CT,1,11,13.1
2026-05-27 08:23:37,8,840,MRI,-3,11,8.7
2026-05-27 08:24:30,11,1129,병동,8,9,4.6
2026-05-27 08:25:02,7,703,병동,6,15,4.9
2026-05-27 08:32:46,5,537,수술실,3,12,5.1
2026-05-27 08:39:17,10,1022,MRI,-3,9,9.2
2026-05-27 08:44:29,15,1516,CT,1,11,11.3
2026-05-27 08:47:20,18,1837,수술실,3,11,11.2
2026-05-27 08:47:44,9,921,병동,6,14,4.8
2026-05-27 09:00:36,6,626,MRI,-3,9,8.7
2026-05-27 09:03:07,15,1508,병동,7,10,5.6
2026-05-27 09:03:38,8,837,CT,1,11,8.3
2026-05-27 09:06:26,7,706,수술실,3,10,4.9
2026-05-27 09:06:38,14,1426,MRI,-3,14,12.1
2026-05-27 09:07:35,17,1719,병동,9,14,8.5
2026-05-27 09:11:32,10,1014,수술실,3,9,6.9
2026-05-27 09:18:44,18,1832,병동,12,13,7.5
2026-05-27 09:31:05,5,516,MRI,-3,12,7.3
2026-05-27 09:32:57,12,1236,CT,1,14,7.7
2026-05-27 09:35:16,5,535,병동,17,15,9.7
2026-05-27 09:46:06,13,1332,MRI,-3,13,14.1
2026-05-27 09:53:28,10,1005,CT,1,9,8.0
2026-05-27 09:54:26,12,1214,병동,10,12,4.5
2026-05-27 10:04:27,8,838,CT,1,8,5.9
2026-05-27 10:15:02,14,1432,MRI,-3,9,13.1
2026-05-27 10:19:43,17,1721,CT,1,9,8.6
2026-05-27 10:22:34,9,902,수술실,3,12,5.9
2026-05-27 10:26:10,9,916,병동,17,12,7.7
2026-05-27 10:27:04,8,823,수술실,3,8,6.6
2026-05-27 10:29:19,18,1823,병동,12,12,6.0
2026-05-27 10:36:29,14,1415,병동,6,10,6.7
2026-05-27 10:40:46,14,1424,MRI,-3,12,13.9
2026-05-27 10:53:43,9,906,병동,13,9,5.1
2026-05-27 11:12:32,14,1419,병동,12,8,4.3
2026-05-27 11:23:20,11,1129,CT,1,9,8.5
2026-05-27 11:29:23,10,1038,MRI,-3,6,10.1
2026-05-27 11:33:55,16,1628,MRI,-3,11,14.5
2026-05-27 11:34:04,17,1713,CT,1,7,9.7
2026-05-27 11:46:17,18,1813,CT,1,11,10.3
2026-05-27 12:01:53,17,1701,MRI,-3,7,12.8
2026-05-27 12:16:27,10,1023,MRI,-3,7,9.9
2026-05-27 12:22:35,6,619,병동,10,4,3.5
2026-05-27 12:45:37,13,1302,병동,8,6,5.4
2026-05-27 12:56:46,7,716,병동,13,5,4.0
2026-05-27 13:01:40,6,620,병동,12,7,5.5
2026-05-27 13:06:14,14,1406,병동,5,5,6.4
2026-05-27 13:10:34,18,1826,CT,1,6,11.5
2026-05-27 13:18:03,17,1719,MRI,-3,10,14.7
2026-05-27 13:43:05,17,1726,수술실,3,8,8.3
2026-05-27 13:47:25,16,1614,CT,1,7,10.3
2026-05-27 14:20:45,15,1537,수술실,3,5,7.7
2026-05-27 14:29:09,15,1502,MRI,-3,5,9.2
2026-05-27 14:30:56,5,538,CT,1,8,4.2
2026-05-27 14:34:41,7,714,MRI,-3,7,8.9
2026-05-27 14:43:48,8,808,CT,1,8,7.1
2026-05-27 14:44:01,18,1837,병동,16,6,4.3
2026-05-27 14:45:47,9,906,MRI,-3,5,7.6
2026-05-27 14:47:34,16,1625,CT,1,9,11.1
2026-05-27 14:50:32,7,724,병동,14,9,6.5
2026-05-27 14:54:56,5,529,병동,13,7,5.9
2026-05-27 15:00:06,6,613,CT,1,5,3.7
2026-05-27 15:04:24,12,1226,MRI,-3,5,10.9
2026-05-27 15:09:55,6,602,수술실,3,6,5.6
2026-05-27 15:13:09,13,1321,CT,1,7,9.3
2026-05-27 15:16:07,16,1631,수술실,3,5,8.2
2026-05-27 15:34:49,13,1306,수술실,3,4,7.8
2026-05-27 15:44:52,12,1201,MRI,-3,8,11.3
2026-05-27 15:46:03,15,1517,CT,1,7,8.7
2026-05-27 15:57:30,12,1204,MRI,-3,4,7.6
2026-05-27 16:01:55,12,1230,CT,1,3,7.6
2026-05-27 16:12:11,7,727,수술실,3,7,4.6
2026-05-27 16:25:18,11,1110,CT,1,6,8.1
2026-05-27 16:31:37,16,1628,병동,15,6,3.8
2026-05-27 16:40:13,13,1335,병동,14,7,3.3
2026-05-27 16:50:47,11,1101,수술실,3,5,6.8
2026-05-27 17:00:23,11,1121,수술실,3,1,7.3
2026-05-27 17:06:16,6,630,수술실,3,3,4.9
2026-05-27 17:28:01,10,1005,수술실,3,4,4.7
2026-05-27 17:57:42,5,513,MRI,-3,3,7.0
2026-05-27 19:12:12,15,1516,MRI,-3,4,12.7
2026-05-27 20:12:34,15,1514,MRI,-3,4,8.9
2026-05-27 20:26:43,9,927,MRI,-3,2,6.7
2026-05-27 20:39:32,16,1638,병동,18,4,2.6
2026-05-27 20:55:41,17,1719,수술실,3,2,8.0
2026-05-28 06:03:27,14,1423,수술실,3,0,7.4
2026-05-28 07:02:01,12,1233,CT,1,4,7.8
2026-05-28 07:04:36,12,1224,CT,1,3,5.7
2026-05-28 07:06:29,6,632,수술실,3,4,4.7
2026-05-28 07:10:22,7,704,MRI,-3,2,6.9
2026-05-28 07:16:55,8,829,CT,1,3,4.3
2026-05-28 07:24:26,10,1019,병동,6,4,3.6
2026-05-28 07:45:22,11,1109,수술실,3,3,6.7
2026-05-28 08:08:17,10,1035,수술실,3,11,6.7
2026-05-28 08:08:19,10,1001,MRI,-3,12,8.9
2026-05-28 08:12:10,13,1312,MRI,-3,9,10.1
2026-05-28 08:21:29,14,1401,CT,1,8,9.2
2026-05-28 08:31:27,5,532,MRI,-3,10,7.6
2026-05-28 08:32:09,16,1614,MRI,-3,12,11.8
2026-05-28 08:41:48,14,1425,병동,14,8,3.1
2026-05-28 09:09:45,10,1007,MRI,-3,11,9.7
2026-05-28 09:13:59,14,1430,수술실,3,13,8.0
2026-05-28 09:14:56,6,605,수술실,3,15,7.4
2026-05-28 09:17:35,15,1540,병동,13,12,5.7
2026-05-28 09:18:18,7,703,CT,1,11,7.3
2026-05-28 09:20:05,18,1814,수술실,3,14,10.3
2026-05-28 09:28:51,18,1810,병동,15,11,4.8
2026-05-28 09:31:50,11,1102,수술실,3,8,7.7
2026-05-28 09:36:01,13,1338,수술실,3,8,7.2
2026-05-28 09:37:27,10,1036,CT,1,15,7.8
2026-05-28 09:43:55,6,613,수술실,3,10,4.8
2026-05-28 09:47:11,17,1712,수술실,3,12,9.5
2026-05-28 09:47:12,10,1003,MRI,-3,9,11.4
2026-05-28 09:47:20,18,1832,병동,8,14,7.3
2026-05-28 09:50:01,12,1228,MRI,-3,13,13.1
2026-05-28 09:53:33,16,1610,CT,1,12,9.8
2026-05-28 09:54:18,18,1827,병동,18,12,4.2
2026-05-28 09:56:56,16,1613,MRI,-3,13,15.2
2026-05-28 10:04:21,18,1826,병동,11,6,6.9
2026-05-28 10:13:28,18,1825,CT,1,10,11.0
2026-05-28 10:19:52,10,1023,수술실,3,6,6.6
2026-05-28 10:20:28,17,1707,병동,18,11,4.3
2026-05-28 10:21:44,17,1718,MRI,-3,10,13.4
2026-05-28 10:23:56,13,1326,수술실,3,7,8.5
2026-05-28 10:24:39,15,1523,CT,1,12,10.6
2026-05-28 10:28:44,5,516,MRI,-3,7,8.9
2026-05-28 10:34:18,11,1105,병동,7,6,3.9
2026-05-28 10:37:09,17,1708,병동,15,10,4.1
2026-05-28 10:43:13,6,624,MRI,-3,10,6.7
2026-05-28 10:56:32,13,1310,MRI,-3,11,10.2
2026-05-28 10:56:58,16,1631,병동,8,6,7.4
2026-05-28 11:01:20,18,1833,병동,7,7,8.3
2026-05-28 11:06:18,17,1729,수술실,3,11,9.3
2026-05-28 11:06:44,13,1329,CT,1,12,8.1
2026-05-28 11:09:05,16,1635,CT,1,7,10.7
2026-05-28 11:15:10,15,1518,병동,17,10,4.5
2026-05-28 11:25:08,7,738,MRI,-3,9,8.8
2026-05-28 11:30:15,18,1823,수술실,3,11,12.0
2026-05-28 11:38:15,17,1736,CT,1,11,9.6
2026-05-28 11:47:57,17,1703,CT,1,10,9.3
2026-05-28 11:58:24,8,825,병동,10,12,4.7
2026-05-28 12:07:17,17,1717,병동,12,3,3.6
2026-05-28 12:13:35,11,1136,MRI,-3,3,7.5
2026-05-28 12:28:06,14,1413,MRI,-3,5,12.0
2026-05-28 12:34:36,15,1513,병동,9,3,4.2
2026-05-28 13:02:07,7,727,CT,1,7,6.4
2026-05-28 13:02:20,8,825,병동,15,7,5.5
2026-05-28 13:07:04,8,814,수술실,3,8,6.7
2026-05-28 13:14:21,8,807,병동,12,10,3.9
2026-05-28 13:40:34,7,707,수술실,3,5,3.8
2026-05-28 13:47:35,8,812,병동,5,10,4.1
2026-05-28 13:51:28,18,1810,CT,1,9,10.4
2026-05-28 13:52:55,10,1005,CT,1,6,6.9
2026-05-28 13:57:03,15,1534,MRI,-3,6,11.0
2026-05-28 14:00:22,15,1523,병동,13,8,4.5
2026-05-28 14:02:08,12,1215,MRI,-3,5,8.0
2026-05-28 14:20:36,16,1621,병동,9,6,5.4
2026-05-28 14:21:42,7,727,CT,1,9,5.7
2026-05-28 14:29:16,18,1839,CT,1,8,9.6
2026-05-28 14:32:26,14,1416,병동,17,10,4.1
2026-05-28 14:34:16,18,1809,수술실,3,10,9.1
2026-05-28 14:34:47,6,618,MRI,-3,9,6.7
2026-05-28 14:39:53,14,1433,수술실,3,5,6.1
2026-05-28 15:31:32,17,1718,CT,1,5,7.8
2026-05-28 15:46:38,8,824,MRI,-3,6,10.0
2026-05-28 15:52:06,16,1640,CT,1,5,7.9
2026-05-28 15:55:55,12,1239,수술실,3,6,6.9
2026-05-28 15:57:56,10,1026,CT,1,6,6.5
2026-05-28 16:26:02,14,1409,MRI,-3,3,9.5
2026-05-28 16:48:11,12,1238,병동,16,5,3.2
2026-05-28 16:52:21,17,1730,CT,1,5,7.9
2026-05-28 16:54:29,12,1239,병동,5,3,5.3
2026-05-28 17:06:37,9,913,병동,16,0,4.9
2026-05-28 17:34:55,7,734,MRI,-3,2,7.2
2026-05-28 18:00:09,9,937,MRI,-3,0,8.3
2026-05-28 18:06:45,10,1028,MRI,-3,1,8.7
2026-05-28 18:58:56,10,1016,병동,18,0,4.2
2026-05-28 19:21:12,18,1812,병동,13,3,4.4
2026-05-28 19:47:24,14,1428,수술실,3,3,8.4
2026-05-28 20:01:54,13,1335,수술실,3,4,7.3
2026-05-28 20:30:27,15,1528,병동,15,2,2.4
2026-05-28 21:03:56,6,623,MRI,-3,0,7.3
2026-05-28 21:28:32,15,1509,MRI,-3,2,10.0
2026-05-29 06:11:19,8,818,MRI,-3,3,6.5
2026-05-29 06:21:56,6,607,병동,14,3,5.1
2026-05-29 06:35:09,9,928,CT,1,0,6.7
2026-05-29 06:41:59,12,1237,CT,1,0,7.9
2026-05-29 06:42:45,15,1516,MRI,-3,2,11.0
2026-05-29 06:55:59,9,922,MRI,-3,3,8.8
2026-05-29 06:58:35,8,837,병동,12,0,3.0
2026-05-29 07:00:55,10,1031,병동,5,3,4.2
2026-05-29 07:29:53,10,1008,병동,11,2,2.4
2026-05-29 07:35:09,8,821,MRI,-3,4,6.6
2026-05-29 07:36:30,11,1135,CT,1,1,7.7
2026-05-29 07:45:45,5,506,CT,1,0,3.3
2026-05-29 08:00:44,12,1232,수술실,3,14,7.9
2026-05-29 08:08:32,10,1033,수술실,3,8,6.8
2026-05-29 08:12:08,7,707,병동,18,10,7.5
2026-05-29 08:21:20,6,632,병동,16,11,8.4
2026-05-29 08:25:28,12,1222,수술실,3,11,9.6
2026-05-29 08:26:05,9,913,수술실,3,15,6.2
2026-05-29 08:28:56,17,1728,MRI,-3,12,12.1
2026-05-29 08:32:55,7,739,CT,1,14,6.5
2026-05-29 08:50:14,14,1432,CT,1,12,8.5
2026-05-29 08:51:05,5,507,수술실,3,14,6.0
2026-05-29 08:53:31,16,1607,CT,1,9,9.4
2026-05-29 08:56:19,15,1525,수술실,3,10,10.5
2026-05-29 09:00:11,12,1224,병동,9,12,5.1
2026-05-29 09:03:34,14,1429,MRI,-3,14,14.4
2026-05-29 09:15:40,17,1723,MRI,-3,9,10.9
2026-05-29 09:16:07,15,1520,병동,16,15,4.8
2026-05-29 09:17:19,17,1740,수술실,3,10,8.8
2026-05-29 09:17:49,10,1039,MRI,-3,12,10.7
2026-05-29 09:20:06,14,1429,MRI,-3,10,11.5
2026-05-29 09:21:30,12,1215,수술실,3,15,10.1
2026-05-29 09:23:25,10,1009,병동,12,11,4.0
2026-05-29 09:24:47,8,815,CT,1,8,5.2
2026-05-29 09:26:23,11,1101,CT,1,15,8.9
2026-05-29 09:28:58,13,1339,MRI,-3,14,13.3
2026-05-29 09:29:40,11,1108,MRI,-3,15,11.4
2026-05-29 09:45:52,10,1014,병동,16,9,4.6
2026-05-29 09:49:57,7,711,병동,6,13,4.5
2026-05-29 09:52:41,12,1203,병동,7,15,6.7
2026-05-29 09:53:23,11,1106,병동,16,11,5.2
2026-05-29 09:58:58,16,1629,MRI,-3,12,14.7
2026-05-29 10:06:07,18,1831,MRI,-3,10,13.2
2026-05-29 10:06:10,16,1609,MRI,-3,10,10.6
2026-05-29 10:10:31,18,1823,CT,1,7,8.5
2026-05-29 10:15:58,6,632,병동,13,10,6.8
2026-05-29 10:16:17,11,1113,수술실,3,10,7.9
2026-05-29 10:17:32,7,722,CT,1,11,7.4
2026-05-29 10:18:44,5,539,MRI,-3,11,7.4
2026-05-29 10:34:08,15,1526,병동,5,11,8.0
2026-05-29 10:42:36,8,823,병동,8,11,3.5
2026-05-29 10:58:08,11,1108,병동,8,11,4.6
2026-05-29 11:00:55,9,938,CT,1,12,6.8
2026-05-29 11:30:39,16,1602,수술실,3,10,9.6
2026-05-29 11:41:35,6,640,수술실,3,10,5.2
2026-05-29 11:57:54,14,1409,MRI,-3,8,12.1
2026-05-29 11:59:38,6,639,CT,1,8,6.4
2026-05-29 12:09:21,18,1807,수술실,3,7,9.8
2026-05-29 12:48:21,17,1734,MRI,-3,3,9.2
2026-05-29 12:49:14,15,1513,CT,1,6,10.2
2026-05-29 12:56:32,11,1121,병동,12,6,2.8
2026-05-29 12:58:37,11,1137,수술실,3,4,6.5
2026-05-29 13:05:45,7,710,CT,1,5,4.4
2026-05-29 13:08:48,9,911,수술실,3,7,6.2
2026-05-29 13:21:05,6,630,MRI,-3,10,7.8
2026-05-29 13:29:25,11,1110,MRI,-3,7,10.8
2026-05-29 13:34:54,6,636,CT,1,6,6.4
2026-05-29 13:39:31,9,902,수술실,3,9,5.7
2026-05-29 13:39:37,6,634,병동,6,7,3.5
2026-05-29 13:43:15,16,1609,병동,12,9,5.2
2026-05-29 13:56:00,10,1001,수술실,3,9,5.6
2026-05-29 14:06:36,15,1518,MRI,-3,7,12.3
2026-05-29 14:07:43,13,1327,MRI,-3,6,9.2
2026-05-29 14:11:56,16,1637,수술실,3,5,8.8
2026-05-29 14:13:54,15,1520,CT,1,10,8.0
2026-05-29 14:18:06,12,1207,CT,1,8,9.4
2026-05-29 14:20:04,11,1101,CT,1,7,7.9
2026-05-29 14:26:28,6,606,병동,13,9,5.5
2026-05-29 14:49:17,7,738,병동,13,6,5.1
2026-05-29 14:56:25,16,1621,CT,1,5,9.4
2026-05-29 15:19:01,12,1216,수술실,3,3,6.9
2026-05-29 15:32:23,5,532,수술실,3,6,5.7
2026-05-29 15:39:35,16,1631,CT,1,4,10.0
2026-05-29 15:42:56,15,1502,MRI,-3,8,12.9
2026-05-29 16:06:29,14,1439,CT,1,4,7.4
2026-05-29 16:07:23,15,1530,병동,10,5,3.7
2026-05-29 16:10:46,13,1317,CT,1,8,8.7
2026-05-29 16:18:22,5,529,병동,17,7,9.1
2026-05-29 16:20:53,6,639,CT,1,4,5.0
2026-05-29 16:21:32,13,1317,MRI,-3,4,10.0
2026-05-29 16:31:27,17,1738,병동,5,4,5.8
2026-05-29 17:07:21,10,1020,병동,9,4,2.4
2026-05-29 17:15:14,15,1525,MRI,-3,2,11.5
2026-05-29 17:50:15,15,1536,수술실,3,0,9.2
2026-05-29 17:59:58,8,836,병동,8,4,1.7
2026-05-29 18:13:23,8,804,병동,9,4,2.1
2026-05-29 19:01:46,17,1704,병동,13,4,3.6
2026-05-29 20:10:56,16,1621,CT,1,3,9.3
2026-05-29 21:27:10,10,1017,수술실,3,2,5.6
2026-05-30 06:21:01,6,611,병동,9,0,2.6
2026-05-30 06:34:40,18,1832,CT,1,0,10.6
2026-05-30 06:34:44,16,1614,수술실,3,2,6.9
2026-05-30 06:44:01,16,1619,수술실,3,3,8.9
2026-05-30 07:06:01,8,827,CT,1,4,6.0
2026-05-30 07:45:59,16,1638,수술실,3,4,7.6
2026-05-30 08:01:49,10,1028,CT,1,8,8.3
2026-05-30 08:19:13,15,1518,CT,1,10,8.2
2026-05-30 08:20:56,5,504,CT,1,8,5.5
2026-05-30 08:24:52,11,1130,수술실,3,12,7.1
2026-05-30 08:27:59,13,1324,CT,1,14,10.1
2026-05-30 08:29:14,6,608,CT,1,9,5.6
2026-05-30 08:33:49,10,1020,MRI,-3,10,8.2
2026-05-30 08:34:56,6,612,수술실,3,9,5.2
2026-05-30 08:37:01,10,1032,MRI,-3,15,10.7
2026-05-30 08:37:56,15,1514,병동,16,10,3.5
2026-05-30 08:38:00,5,519,MRI,-3,14,8.5
2026-05-30 08:43:06,17,1714,MRI,-3,11,12.8
2026-05-30 08:48:54,17,1721,MRI,-3,12,11.8
2026-05-30 08:52:24,8,807,수술실,3,9,6.8
2026-05-30 08:59:46,6,612,병동,9,13,4.9
2026-05-30 09:00:03,13,1301,수술실,3,15,10.5
2026-05-30 09:00:26,8,821,병동,8,13,4.7
2026-05-30 09:00:30,16,1640,병동,7,10,5.8
2026-05-30 09:05:19,9,937,병동,17,13,7.2
2026-05-30 09:05:20,17,1712,CT,1,12,10.5
2026-05-30 09:06:31,5,531,CT,1,9,5.5
2026-05-30 09:07:55,7,718,MRI,-3,12,9.9
2026-05-30 09:10:17,5,501,수술실,3,14,5.3
2026-05-30 09:10:32,12,1224,병동,18,15,7.0
2026-05-30 09:10:45,17,1728,수술실,3,8,8.1
2026-05-30 09:15:02,9,939,MRI,-3,10,9.9
2026-05-30 09:20:46,8,833,MRI,-3,12,8.7
2026-05-30 09:22:22,10,1017,병동,7,8,4.3
2026-05-30 09:24:19,7,706,병동,16,8,6.1
2026-05-30 09:25:19,14,1422,수술실,3,10,8.3
2026-05-30 09:28:48,8,811,수술실,3,13,6.7
2026-05-30 09:28:58,10,1005,MRI,-3,12,8.8
2026-05-30 09:29:59,5,505,CT,1,10,5.5
2026-05-30 09:34:20,16,1636,병동,5,15,7.3
2026-05-30 09:36:14,9,935,수술실,3,11,8.1
2026-05-30 09:39:36,9,919,수술실,3,15,8.5
2026-05-30 09:40:17,11,1131,수술실,3,15,8.6
2026-05-30 09:48:50,14,1422,수술실,3,10,7.4
2026-05-30 09:51:32,11,1126,수술실,3,15,8.8
2026-05-30 09:52:43,18,1827,수술실,3,15,9.3
2026-05-30 09:52:50,9,930,병동,13,8,5.1
2026-05-30 09:53:21,18,1836,수술실,3,12,11.3
2026-05-30 09:56:03,11,1138,CT,1,8,8.8
2026-05-30 10:11:05,9,914,수술실,3,8,5.3
2026-05-30 10:15:24,18,1817,수술실,3,11,11.0
2026-05-30 10:18:49,14,1411,CT,1,11,9.0
2026-05-30 10:25:31,5,503,CT,1,11,7.0
2026-05-30 10:30:08,5,516,수술실,3,12,5.5
2026-05-30 10:33:42,15,1528,MRI,-3,11,10.2
2026-05-30 10:34:11,6,607,병동,16,8,7.7
2026-05-30 10:37:24,14,1421,CT,1,6,9.9
2026-05-30 10:41:40,7,714,병동,7,12,4.0
2026-05-30 10:44:40,14,1428,병동,15,7,3.1
2026-05-30 10:47:45,16,1623,MRI,-3,7,14.0
2026-05-30 10:48:13,9,915,MRI,-3,12,11.3
2026-05-30 10:49:12,8,837,CT,1,8,5.2
2026-05-30 10:52:18,15,1524,CT,1,12,11.9
2026-05-30 10:57:54,14,1438,MRI,-3,8,12.8
2026-05-30 11:00:16,5,527,병동,17,10,8.7
2026-05-30 11:00:33,6,623,CT,1,10,5.2
2026-05-30 11:05:04,11,1101,MRI,-3,12,12.0
2026-05-30 11:12:20,13,1329,CT,1,8,7.4
2026-05-30 11:33:29,11,1106,병동,14,6,4.1
2026-05-30 11:35:55,6,630,병동,16,11,8.5
2026-05-30 11:37:10,18,1802,CT,1,10,10.1
2026-05-30 11:40:47,9,905,CT,1,8,5.4
2026-05-30 11:41:58,16,1640,CT,1,10,8.7
2026-05-30 11:45:23,11,1111,수술실,3,11,6.7
2026-05-30 11:45:28,18,1838,MRI,-3,6,14.0
2026-05-30 11:57:01,9,938,MRI,-3,11,10.6
2026-05-30 11:57:20,16,1634,병동,5,11,7.5
2026-05-30 12:16:46,16,1638,병동,11,5,4.1
2026-05-30 12:26:41,5,515,수술실,3,5,3.1
2026-05-30 12:29:11,12,1219,병동,13,4,2.3
2026-05-30 13:01:58,13,1334,MRI,-3,7,11.9
2026-05-30 13:08:57,9,907,MRI,-3,8,8.1
2026-05-30 13:12:21,6,619,MRI,-3,6,8.6
2026-05-30 13:13:45,5,522,병동,14,8,7.8
2026-05-30 13:17:18,8,835,MRI,-3,5,8.6
2026-05-30 13:18:07,14,1424,MRI,-3,10,10.5
2026-05-30 13:20:19,12,1218,병동,5,8,6.5
2026-05-30 13:30:36,9,925,CT,1,9,6.0
2026-05-30 13:38:04,9,922,MRI,-3,10,8.5
2026-05-30 13:42:43,11,1137,병동,9,10,3.4
2026-05-30 14:01:54,18,1811,MRI,-3,6,10.9
2026-05-30 14:11:52,16,1601,병동,17,9,3.4
2026-05-30 14:17:28,8,836,CT,1,5,5.2
2026-05-30 14:28:02,18,1829,CT,1,6,9.2
2026-05-30 14:32:16,10,1023,MRI,-3,10,9.1
2026-05-30 14:36:13,13,1331,수술실,3,10,6.7
2026-05-30 14:37:27,17,1727,CT,1,10,8.1
2026-05-30 14:37:44,6,608,병동,18,6,8.8
2026-05-30 14:40:05,14,1413,CT,1,9,9.1
2026-05-30 14:41:44,12,1209,CT,1,6,7.2
2026-05-30 14:42:02,5,505,MRI,-3,9,7.0
2026-05-30 14:42:36,14,1418,MRI,-3,7,11.7
2026-05-30 14:47:12,15,1517,수술실,3,8,7.1
2026-05-30 14:51:12,12,1229,CT,1,5,7.2
2026-05-30 14:51:32,11,1120,수술실,3,10,8.2
2026-05-30 14:54:05,10,1034,CT,1,7,6.0
2026-05-30 15:09:59,11,1138,수술실,3,5,6.0
2026-05-30 15:10:47,10,1037,수술실,3,5,5.3
2026-05-30 15:26:29,11,1127,MRI,-3,5,9.7
2026-05-30 15:42:51,8,832,수술실,3,6,6.8
2026-05-30 16:14:03,12,1201,CT,1,6,8.3
2026-05-30 16:14:23,11,1116,병동,13,6,4.1
2026-05-30 16:15:48,8,818,병동,15,7,5.6
2026-05-30 16:23:12,7,739,CT,1,8,5.1
2026-05-30 16:23:25,5,508,병동,10,5,4.6
2026-05-30 16:33:57,7,708,CT,1,8,4.7
2026-05-30 16:40:37,7,740,MRI,-3,5,6.4
2026-05-30 16:46:58,7,729,병동,8,7,3.0
2026-05-30 16:55:50,17,1731,병동,14,7,4.7
2026-05-30 16:59:39,7,728,수술실,3,7,5.1
2026-05-30 17:00:11,13,1327,병동,6,0,5.3
2026-05-30 17:43:17,13,1301,병동,9,4,4.2
2026-05-30 18:32:50,8,838,CT,1,1,5.1
2026-05-30 18:37:15,11,1106,병동,16,0,3.3
2026-05-30 19:08:22,5,503,병동,8,1,3.5
2026-05-30 19:33:28,13,1305,CT,1,4,7.7
2026-05-30 19:47:55,8,807,병동,17,0,6.2
2026-05-30 19:56:25,18,1827,MRI,-3,4,11.5
2026-05-30 21:25:54,9,937,병동,8,0,2.6
2026-05-31 06:35:21,15,1537,수술실,3,4,8.6
2026-05-31 06:36:36,17,1730,CT,1,1,10.6
2026-05-31 06:42:30,6,619,MRI,-3,3,7.6
2026-05-31 06:42:38,6,635,CT,1,1,4.8
2026-05-31 07:34:45,15,1519,MRI,-3,3,10.5
2026-05-31 08:04:23,9,935,CT,1,14,8.8
2026-05-31 08:17:52,6,612,MRI,-3,14,8.2
2026-05-31 08:28:12,12,1205,수술실,3,8,7.9
2026-05-31 08:29:24,8,832,CT,1,14,6.0
2026-05-31 08:41:51,6,610,병동,10,9,5.2
2026-05-31 08:43:06,12,1231,병동,6,10,5.8
2026-05-31 09:01:15,16,1632,CT,1,14,11.4
2026-05-31 09:01:30,6,606,MRI,-3,9,6.9
2026-05-31 09:10:04,17,1733,MRI,-3,12,13.4
2026-05-31 09:11:35,10,1018,MRI,-3,15,11.9
2026-05-31 09:13:22,5,502,MRI,-3,8,7.6
2026-05-31 09:14:22,14,1417,MRI,-3,13,11.0
2026-05-31 09:16:10,17,1733,MRI,-3,10,12.0
2026-05-31 09:17:00,17,1705,CT,1,10,9.8
2026-05-31 09:17:49,16,1622,수술실,3,10,7.9
2026-05-31 09:19:17,11,1117,MRI,-3,13,12.5
2026-05-31 09:19:49,9,934,MRI,-3,11,8.9
2026-05-31 09:21:10,16,1627,MRI,-3,15,12.7
2026-05-31 09:25:07,11,1140,MRI,-3,8,9.5
2026-05-31 09:27:58,18,1806,CT,1,11,13.0
2026-05-31 09:28:53,14,1412,MRI,-3,8,13.4
2026-05-31 09:30:12,17,1709,수술실,3,13,10.3
2026-05-31 09:33:04,5,531,CT,1,14,5.5
2026-05-31 09:40:23,9,939,병동,16,14,6.5
2026-05-31 09:43:29,13,1335,병동,14,9,2.9
2026-05-31 09:43:31,9,902,CT,1,11,8.6
2026-05-31 09:46:29,13,1316,병동,16,12,5.1
2026-05-31 09:50:28,10,1030,MRI,-3,15,12.1
2026-05-31 09:51:04,9,932,CT,1,11,7.2
2026-05-31 09:57:31,6,611,CT,1,14,6.2
2026-05-31 10:09:30,9,920,수술실,3,6,5.2
2026-05-31 10:10:10,5,510,수술실,3,10,5.1
2026-05-31 10:14:37,15,1510,MRI,-3,8,12.5
2026-05-31 10:16:09,12,1224,MRI,-3,10,8.9
2026-05-31 10:21:45,5,503,MRI,-3,10,7.3
2026-05-31 10:23:24,12,1202,MRI,-3,10,12.5
2026-05-31 10:25:13,18,1817,수술실,3,11,9.4
2026-05-31 10:25:34,12,1234,MRI,-3,7,11.5
2026-05-31 10:34:40,12,1220,MRI,-3,9,10.3
2026-05-31 10:47:09,7,718,수술실,3,12,7.9
2026-05-31 10:51:23,17,1717,CT,1,9,8.6
2026-05-31 10:55:05,8,816,병동,7,8,3.0
2026-05-31 11:01:30,17,1709,CT,1,12,12.2
2026-05-31 11:01:46,12,1233,병동,11,12,4.9
2026-05-31 11:04:41,12,1222,병동,9,10,4.8
2026-05-31 11:05:02,15,1539,병동,15,8,3.5
2026-05-31 11:06:33,11,1101,병동,15,9,5.3
2026-05-31 11:16:29,7,713,CT,1,7,6.9
2026-05-31 11:33:34,16,1605,MRI,-3,7,10.6
2026-05-31 11:36:11,12,1213,MRI,-3,9,8.7
2026-05-31 11:38:51,12,1201,병동,6,10,6.4
2026-05-31 11:40:24,14,1409,병동,13,12,3.8
2026-05-31 11:40:54,11,1127,CT,1,6,6.4
2026-05-31 11:46:30,14,1428,병동,13,10,3.7
2026-05-31 12:49:08,12,1216,MRI,-3,7,11.3
2026-05-31 12:55:06,6,640,병동,14,3,4.7
2026-05-31 12:59:12,6,639,병동,5,5,2.5
2026-05-31 13:05:02,10,1022,병동,6,10,4.2
2026-05-31 13:09:59,9,932,CT,1,5,5.3
2026-05-31 13:22:04,12,1209,병동,10,5,2.6
2026-05-31 13:48:19,5,532,수술실,3,5,3.1
2026-05-31 13:48:47,5,512,CT,1,10,5.0
2026-05-31 13:49:13,16,1627,CT,1,7,10.4
2026-05-31 13:54:49,7,720,병동,16,5,5.3
2026-05-31 14:28:17,15,1506,병동,5,10,6.6
2026-05-31 14:36:19,8,827,CT,1,7,7.6
2026-05-31 14:43:08,9,902,MRI,-3,9,9.8
2026-05-31 15:12:09,10,1002,수술실,3,8,6.1
2026-05-31 15:19:34,10,1025,수술실,3,7,7.2
2026-05-31 15:37:05,10,1030,병동,16,8,4.8
2026-05-31 15:43:15,15,1503,병동,18,8,5.0
2026-05-31 15:55:53,16,1631,MRI,-3,5,13.0
2026-05-31 15:56:00,11,1128,수술실,3,3,6.7
2026-05-31 16:03:45,16,1626,MRI,-3,5,10.2
2026-05-31 16:07:42,12,1224,CT,1,8,8.6
2026-05-31 17:22:43,9,912,병동,12,2,3.8
2026-05-31 17:46:41,11,1115,병동,12,3,2.3
2026-05-31 18:15:31,12,1229,수술실,3,1,7.2
2026-05-31 18:35:02,18,1832,MRI,-3,4,10.8
2026-05-31 18:56:35,13,1339,병동,13,3,1.7
2026-05-31 19:13:09,10,1016,CT,1,0,6.1
2026-05-31 19:13:29,15,1530,수술실,3,0,8.2
2026-05-31 20:07:22,17,1702,MRI,-3,1,10.6
2026-05-31 20:21:35,15,1539,수술실,3,1,9.1
2026-05-31 21:27:49,16,1614,병동,6,0,5.4
2026-05-31 21:36:47,10,1034,병동,9,3,2.3
2026-05-31 21:48:13,10,1035,수술실,3,4,5.7
2026-06-01 06:15:38,6,634,CT,1,0,5.0
2026-06-01 06:36:43,12,1222,병동,15,3,3.0
2026-06-01 06:43:10,12,1219,MRI,-3,3,11.1
2026-06-01 07:03:15,17,1737,수술실,3,3,7.7
2026-06-01 07:12:27,7,705,MRI,-3,3,8.5
2026-06-01 07:19:28,8,824,MRI,-3,3,7.1
2026-06-01 07:21:06,7,707,CT,1,3,4.8
2026-06-01 07:27:10,10,1020,CT,1,2,5.7
2026-06-01 07:29:38,17,1729,MRI,-3,2,13.4
2026-06-01 07:51:56,9,923,CT,1,2,6.5
2026-06-01 08:00:26,10,1007,MRI,-3,11,11.1
2026-06-01 08:03:38,18,1833,병동,6,8,6.5
2026-06-01 08:06:05,15,1508,CT,1,11,9.5
2026-06-01 08:07:13,9,920,병동,11,15,5.6
2026-06-01 08:10:08,13,1301,병동,8,10,4.1
2026-06-01 08:10:52,14,1403,MRI,-3,13,11.3
2026-06-01 08:14:18,14,1438,CT,1,15,8.7
2026-06-01 08:19:06,13,1310,CT,1,13,8.1
2026-06-01 08:19:51,18,1815,CT,1,15,13.2
2026-06-01 08:23:06,11,1137,병동,13,8,3.6
2026-06-01 08:23:29,10,1022,CT,1,12,7.1
2026-06-01 08:25:24,18,1838,수술실,3,15,9.5
2026-06-01 08:25:25,18,1805,수술실,3,13,12.8
2026-06-01 08:35:21,6,618,수술실,3,11,5.2
2026-06-01 08:39:25,7,709,수술실,3,12,7.5
2026-06-01 08:39:35,17,1711,수술실,3,14,9.9
2026-06-01 08:45:34,10,1001,MRI,-3,14,9.4
2026-06-01 08:48:29,9,903,병동,9,14,4.2
2026-06-01 08:51:35,16,1616,수술실,3,10,8.1
2026-06-01 08:52:15,17,1708,CT,1,13,11.2
2026-06-01 08:55:51,10,1002,수술실,3,14,8.0
2026-06-01 09:03:42,16,1601,병동,13,8,4.8
2026-06-01 09:07:24,17,1717,병동,13,13,6.4
2026-06-01 09:07:51,18,1831,수술실,3,15,9.4
2026-06-01 09:11:28,13,1339,CT,1,8,8.8
2026-06-01 09:34:58,13,1333,수술실,3,9,8.5
2026-06-01 09:38:45,17,1736,수술실,3,15,10.2
2026-06-01 09:39:42,17,1711,CT,1,13,10.9
2026-06-01 09:41:44,7,733,병동,15,12,6.2
2026-06-01 09:42:41,10,1024,CT,1,13,8.6
2026-06-01 09:47:49,6,624,수술실,3,14,5.3
2026-06-01 09:51:35,17,1718,MRI,-3,11,13.2
2026-06-01 09:52:12,9,907,수술실,3,9,7.3
2026-06-01 09:53:10,16,1607,수술실,3,15,11.5
2026-06-01 09:53:25,9,932,수술실,3,14,8.4
2026-06-01 09:57:54,17,1710,수술실,3,13,11.4
2026-06-01 10:02:12,13,1328,수술실,3,8,9.5
2026-06-01 10:09:09,7,721,병동,18,8,7.9
2026-06-01 10:23:09,18,1814,수술실,3,7,8.7
2026-06-01 10:25:20,18,1807,CT,1,10,12.0
2026-06-01 10:25:49,9,906,병동,17,6,6.4
2026-06-01 10:28:24,9,906,CT,1,12,8.5
2026-06-01 10:36:29,8,828,병동,9,8,2.9
2026-06-01 10:37:46,7,710,수술실,3,7,5.4
2026-06-01 10:51:34,16,1618,MRI,-3,6,13.6
2026-06-01 10:55:51,16,1601,병동,14,11,4.4
2026-06-01 11:02:40,10,1019,병동,9,8,3.8
2026-06-01 11:08:07,15,1526,병동,13,9,4.2
2026-06-01 11:13:27,15,1539,병동,11,7,5.1
2026-06-01 11:16:46,17,1711,병동,17,10,2.5
2026-06-01 11:29:19,5,504,MRI,-3,11,10.1
2026-06-01 11:32:49,14,1404,MRI,-3,9,13.2
2026-06-01 11:45:11,16,1633,MRI,-3,9,11.3
2026-06-01 11:48:25,16,1619,CT,1,8,8.4
2026-06-01 11:52:29,15,1539,CT,1,11,11.0
2026-06-01 11:53:05,17,1726,CT,1,7,9.2
2026-06-01 11:54:40,13,1303,MRI,-3,9,10.5
2026-06-01 11:57:21,5,520,CT,1,6,4.4
2026-06-01 11:57:58,8,828,수술실,3,9,6.0
2026-06-01 11:59:54,15,1540,병동,16,12,4.5
2026-06-01 12:03:04,14,1437,CT,1,7,8.3
2026-06-01 12:05:17,8,824,수술실,3,4,4.8
2026-06-01 12:12:38,7,712,수술실,3,4,4.6
2026-06-01 12:14:31,13,1327,CT,1,7,8.3
2026-06-01 12:36:31,12,1232,병동,11,3,2.8
2026-06-01 12:48:35,18,1814,수술실,3,4,10.4
2026-06-01 12:49:24,13,1321,병동,13,6,2.7
2026-06-01 13:07:30,13,1322,MRI,-3,5,10.6
2026-06-01 13:07:56,6,632,병동,17,6,6.8
2026-06-01 13:21:07,8,823,CT,1,6,6.4
2026-06-01 13:21:36,10,1003,병동,17,10,4.8
2026-06-01 13:40:17,17,1722,MRI,-3,8,12.9
2026-06-01 13:55:22,17,1736,병동,5,8,7.1
2026-06-01 13:59:43,15,1509,병동,18,9,4.0
2026-06-01 14:14:21,17,1740,MRI,-3,10,12.8
2026-06-01 14:14:56,10,1034,수술실,3,5,5.7
2026-06-01 14:16:53,8,810,수술실,3,8,6.9
2026-06-01 14:17:30,17,1713,CT,1,9,9.1
2026-06-01 14:18:51,14,1415,MRI,-3,8,13.1
2026-06-01 14:24:21,11,1115,CT,1,7,8.0
2026-06-01 14:24:25,6,614,MRI,-3,10,7.7
2026-06-01 14:29:18,5,523,CT,1,9,6.1
2026-06-01 14:38:27,14,1428,CT,1,5,8.1
2026-06-01 14:39:30,6,631,병동,7,7,2.9
2026-06-01 14:47:53,15,1506,CT,1,10,10.8
2026-06-01 14:53:11,16,1611,병동,17,9,3.7
2026-06-01 14:56:58,16,1623,MRI,-3,5,11.0
2026-06-01 14:58:13,9,926,수술실,3,6,6.2
2026-06-01 15:11:44,8,831,MRI,-3,7,7.5
2026-06-01 15:14:58,18,1826,수술실,3,5,10.4
2026-06-01 15:19:07,11,1110,병동,14,8,3.4
2026-06-01 15:24:04,8,837,MRI,-3,3,8.9
2026-06-01 15:42:50,9,920,수술실,3,4,5.0
2026-06-01 15:52:33,14,1407,병동,18,4,4.2
2026-06-01 16:13:04,17,1736,병동,18,5,2.0
2026-06-01 16:21:43,5,510,CT,1,7,6.1
2026-06-01 16:25:06,13,1309,CT,1,3,6.6
2026-06-01 16:29:47,6,619,병동,12,3,3.8
2026-06-01 16:34:20,16,1621,병동,9,6,5.5
2026-06-01 16:40:52,13,1306,MRI,-3,7,10.0
2026-06-01 16:50:15,16,1621,CT,1,7,9.1
2026-06-01 17:57:22,9,938,MRI,-3,3,8.6
2026-06-01 18:34:03,15,1530,수술실,3,3,8.8
2026-06-01 19:22:38,5,513,수술실,3,0,4.1
2026-06-01 19:29:04,9,930,수술실,3,1,6.4
2026-06-01 20:11:39,18,1812,수술실,3,0,8.0
2026-06-01 20:37:33,9,915,MRI,-3,2,8.2
2026-06-01 20:55:11,15,1505,MRI,-3,1,11.3
2026-06-01 21:31:48,14,1413,병동,5,4,4.7
2026-06-02 06:04:58,7,708,병동,17,3,6.5
2026-06-02 06:13:57,11,1116,CT,1,0,6.7
2026-06-02 06:34:13,11,1125,MRI,-3,4,9.4
2026-06-02 06:34:32,18,1809,수술실,3,3,8.1
2026-06-02 06:38:43,18,1826,병동,8,3,6.3
2026-06-02 06:42:11,7,725,CT,1,0,5.0
2026-06-02 06:48:32,7,716,수술실,3,0,4.0
2026-06-02 06:57:12,5,538,수술실,3,3,4.1
2026-06-02 07:18:30,9,940,수술실,3,4,5.4
2026-06-02 07:35:16,7,735,MRI,-3,2,8.2
2026-06-02 07:42:31,10,1037,병동,18,4,5.3
2026-06-02 08:01:31,9,922,CT,1,15,6.6
2026-06-02 08:01:53,8,808,병동,5,8,3.7
2026-06-02 08:02:36,11,1113,수술실,3,13,8.4
2026-06-02 08:07:36,18,1820,MRI,-3,15,12.0
2026-06-02 08:16:17,13,1335,병동,16,11,4.9
2026-06-02 08:19:38,17,1709,MRI,-3,12,13.2
2026-06-02 08:24:03,18,1817,병동,7,12,7.3
2026-06-02 08:30:24,16,1634,병동,12,12,5.3
2026-06-02 08:35:56,14,1415,CT,1,11,9.4
2026-06-02 08:36:29,10,1027,수술실,3,14,6.3
2026-06-02 08:37:57,11,1118,MRI,-3,12,10.0
2026-06-02 08:46:18,17,1716,병동,11,8,5.7
2026-06-02 08:54:07,13,1318,병동,7,13,6.8
2026-06-02 09:02:16,13,1307,수술실,3,10,7.9
2026-06-02 09:11:36,16,1608,CT,1,10,9.9
2026-06-02 09:13:30,7,722,병동,18,14,8.7
2026-06-02 09:26:12,14,1419,수술실,3,15,10.2
2026-06-02 09:28:45,10,1024,CT,1,15,6.7
2026-06-02 09:40:29,14,1437,병동,16,13,5.3
2026-06-02 09:41:45,18,1840,MRI,-3,13,15.8
2026-06-02 09:46:16,10,1013,CT,1,14,6.6
2026-06-02 09:51:32,5,536,수술실,3,15,5.8
2026-06-02 09:54:01,5,521,병동,18,10,8.6
2026-06-02 09:54:22,14,1405,병동,18,8,4.7
2026-06-02 09:58:16,8,804,MRI,-3,15,10.1
2026-06-02 10:08:41,10,1031,CT,1,10,6.7
2026-06-02 10:08:53,16,1627,MRI,-3,11,15.0
2026-06-02 10:23:22,12,1215,병동,7,9,5.2
2026-06-02 10:35:59,10,1015,수술실,3,8,6.3
2026-06-02 10:37:48,8,806,수술실,3,9,5.0
2026-06-02 10:41:32,5,521,수술실,3,10,4.4
2026-06-02 10:57:35,8,840,병동,13,8,5.5
2026-06-02 11:00:08,8,814,병동,8,7,2.7
2026-06-02 11:01:27,11,1107,병동,11,6,3.2
2026-06-02 11:02:02,10,1014,CT,1,6,5.9
2026-06-02 11:02:27,15,1513,수술실,3,8,9.7
2026-06-02 11:03:24,18,1828,MRI,-3,7,14.5
2026-06-02 11:05:58,11,1107,수술실,3,10,7.9
2026-06-02 11:13:09,11,1131,병동,18,7,5.0
2026-06-02 11:13:38,15,1529,수술실,3,9,9.4
2026-06-02 11:13:59,9,919,병동,14,6,4.7
2026-06-02 11:16:02,13,1324,MRI,-3,12,12.2
2026-06-02 11:24:04,18,1811,CT,1,12,11.4
2026-06-02 11:28:36,14,1401,병동,9,10,4.6
2026-06-02 11:42:19,10,1002,병동,7,7,4.1
2026-06-02 11:46:04,13,1318,MRI,-3,12,11.8
2026-06-02 12:03:59,13,1310,MRI,-3,7,8.9
2026-06-02 12:04:25,14,1402,CT,1,3,7.4
2026-06-02 12:10:20,11,1136,CT,1,6,8.7
2026-06-02 12:17:48,8,824,병동,5,5,3.3
2026-06-02 12:34:09,17,1703,CT,1,7,11.4
2026-06-02 12:39:08,17,1705,병동,12,6,5.2
2026-06-02 12:42:21,7,735,수술실,3,6,5.2
2026-06-02 12:52:44,16,1601,MRI,-3,5,9.9
2026-06-02 12:54:06,18,1826,CT,1,6,8.9
2026-06-02 13:03:35,8,813,CT,1,9,5.1
2026-06-02 13:06:40,16,1630,MRI,-3,8,11.3
2026-06-02 13:20:33,12,1223,병동,10,10,3.4
2026-06-02 13:23:05,6,611,CT,1,8,5.1
2026-06-02 13:26:19,5,517,병동,10,9,4.7
2026-06-02 13:34:41,8,811,수술실,3,7,5.3
2026-06-02 13:38:32,8,837,CT,1,7,6.6
2026-06-02 13:43:28,13,1309,병동,6,8,5.2
2026-06-02 13:49:09,16,1637,MRI,-3,7,11.4
2026-06-02 13:51:26,11,1101,MRI,-3,8,10.8
2026-06-02 13:54:44,5,501,MRI,-3,10,8.9
2026-06-02 14:29:51,14,1409,CT,1,5,8.2
2026-06-02 14:36:32,15,1519,병동,12,8,3.8
2026-06-02 14:52:15,16,1633,CT,1,5,7.8
2026-06-02 14:58:32,13,1315,수술실,3,9,9.0
2026-06-02 15:01:45,18,1802,병동,7,5,5.3
2026-06-02 15:12:35,10,1009,MRI,-3,6,10.6
2026-06-02 15:17:52,15,1532,수술실,3,6,8.9
2026-06-02 15:22:20,11,1135,수술실,3,4,6.6
2026-06-02 15:26:50,15,1536,CT,1,7,7.7
2026-06-02 15:31:06,15,1509,수술실,3,3,7.6
2026-06-02 15:31:59,17,1738,수술실,3,4,9.2
2026-06-02 15:33:37,11,1138,병동,10,6,3.0
2026-06-02 15:38:22,10,1010,병동,10,8,3.1
2026-06-02 16:11:45,14,1413,MRI,-3,4,9.8
2026-06-02 16:24:29,18,1830,MRI,-3,3,11.0
2026-06-02 16:30:47,11,1121,수술실,3,3,7.4
2026-06-02 16:44:25,9,939,병동,17,3,4.3
2026-06-02 16:55:52,18,1816,CT,1,4,8.7
2026-06-02 16:56:42,15,1503,병동,6,3,5.7
2026-06-02 16:59:14,12,1215,CT,1,8,7.5
2026-06-02 17:57:15,6,618,수술실,3,4,4.0
2026-06-02 18:00:16,6,608,수술실,3,0,3.7
2026-06-02 19:49:24,10,1033,MRI,-3,4,9.5
2026-06-02 20:42:52,14,1436,수술실,3,3,6.2
2026-06-02 20:56:59,9,907,병동,13,3,3.5
2026-06-02 21:03:04,5,525,병동,13,0,5.5
2026-06-03 06:45:40,18,1832,수술실,3,3,7.5
2026-06-03 06:57:53,16,1611,병동,15,3,2.2
2026-06-03 07:27:08,15,1512,병동,12,3,2.9
2026-06-03 07:38:48,10,1036,CT,1,2,6.2
2026-06-03 08:04:07,9,906,CT,1,12,9.2
2026-06-03 08:06:05,6,618,CT,1,13,7.0
2026-06-03 08:11:17,13,1306,수술실,3,8,8.5
2026-06-03 08:12:22,6,610,수술실,3,9,6.0
2026-06-03 08:21:59,9,919,수술실,3,15,8.3
2026-06-03 08:23:59,13,1317,수술실,3,9,6.5
2026-06-03 08:45:36,5,525,수술실,3,12,5.8
2026-06-03 08:46:38,14,1417,병동,15,13,4.3
2026-06-03 08:49:37,16,1624,MRI,-3,8,11.6
2026-06-03 08:50:03,7,733,MRI,-3,11,10.1
2026-06-03 08:53:05,17,1713,MRI,-3,15,14.8
2026-06-03 08:53:52,18,1818,수술실,3,15,12.5
2026-06-03 08:59:57,14,1424,병동,10,10,5.3
2026-06-03 09:02:33,8,824,병동,13,15,6.4
2026-06-03 09:03:18,10,1036,CT,1,8,5.9
2026-06-03 09:03:42,9,925,MRI,-3,14,9.2
2026-06-03 09:06:22,13,1327,수술실,3,9,7.2
2026-06-03 09:07:07,7,711,병동,13,11,7.3
2026-06-03 09:09:35,11,1137,수술실,3,8,6.0
2026-06-03 09:12:16,5,540,병동,12,15,5.8
2026-06-03 09:29:36,15,1504,MRI,-3,12,13.8
2026-06-03 09:35:17,18,1814,병동,15,13,5.7
2026-06-03 09:36:09,7,725,MRI,-3,15,8.1
2026-06-03 09:38:40,11,1139,수술실,3,13,7.8
2026-06-03 09:46:57,8,804,수술실,3,10,5.1
2026-06-03 09:47:27,9,908,MRI,-3,15,11.5
2026-06-03 09:50:26,10,1007,병동,11,13,3.7
2026-06-03 09:50:27,6,628,병동,16,10,7.3
2026-06-03 09:53:46,12,1233,수술실,3,13,9.5
2026-06-03 09:55:37,9,926,CT,1,14,7.5
2026-06-03 10:02:55,14,1420,병동,13,6,3.5
2026-06-03 10:06:57,14,1403,병동,11,6,4.0
2026-06-03 10:23:58,11,1129,MRI,-3,10,8.8
2026-06-03 10:32:20,14,1410,MRI,-3,8,11.7
2026-06-03 10:33:23,8,819,병동,17,7,5.3
2026-06-03 10:45:16,6,637,CT,1,12,5.4
2026-06-03 10:45:32,12,1210,병동,13,8,3.5
2026-06-03 10:45:54,6,624,수술실,3,11,6.8
2026-06-03 10:51:04,5,530,CT,1,8,6.1
2026-06-03 11:12:21,13,1338,MRI,-3,8,11.4
2026-06-03 11:21:46,11,1126,MRI,-3,7,11.8
2026-06-03 11:25:20,9,920,수술실,3,6,7.6
2026-06-03 11:38:34,10,1008,MRI,-3,12,10.2
2026-06-03 11:42:10,15,1519,수술실,3,10,7.4
2026-06-03 11:45:21,18,1809,CT,1,10,9.8
2026-06-03 11:54:47,12,1222,병동,17,9,5.0
2026-06-03 12:25:05,11,1134,MRI,-3,6,8.2
2026-06-03 12:37:30,15,1521,MRI,-3,3,12.5
2026-06-03 12:47:39,17,1725,수술실,3,6,10.2
2026-06-03 12:47:57,11,1136,병동,5,6,4.9
2026-06-03 12:48:14,11,1104,병동,5,3,3.8
2026-06-03 13:00:24,18,1816,MRI,-3,6,14.8
2026-06-03 13:02:24,16,1632,MRI,-3,9,12.2
2026-06-03 13:12:03,8,838,수술실,3,8,5.9
2026-06-03 13:13:08,10,1023,CT,1,10,8.4
2026-06-03 13:16:14,17,1710,CT,1,6,11.6
2026-06-03 13:23:28,9,903,병동,11,9,4.2
2026-06-03 13:28:38,12,1209,수술실,3,6,6.1
2026-06-03 13:32:00,18,1802,MRI,-3,9,13.7
2026-06-03 13:34:14,12,1227,병동,12,5,2.3
2026-06-03 13:38:44,5,528,수술실,3,10,4.1
2026-06-03 13:42:28,16,1631,CT,1,9,9.9
2026-06-03 14:12:05,17,1730,MRI,-3,8,11.7
2026-06-03 14:17:09,16,1606,CT,1,9,9.1
2026-06-03 14:43:09,15,1511,수술실,3,8,8.2
2026-06-03 14:45:33,6,614,CT,1,6,4.9
2026-06-03 14:57:04,17,1731,수술실,3,8,7.9
2026-06-03 15:03:43,9,917,수술실,3,4,6.1
2026-06-03 15:24:55,5,516,MRI,-3,3,7.8
2026-06-03 15:47:44,12,1221,수술실,3,8,6.5
2026-06-03 16:06:41,8,822,CT,1,5,4.8
2026-06-03 16:16:25,10,1031,CT,1,4,5.8
2026-06-03 16:19:44,17,1730,병동,9,7,5.4
2026-06-03 16:42:20,7,736,MRI,-3,6,8.1
2026-06-03 16:45:12,16,1624,병동,7,3,5.4
2026-06-03 16:48:38,6,613,수술실,3,5,4.7
2026-06-03 18:15:12,10,1005,MRI,-3,3,9.7
2026-06-03 20:45:36,16,1623,MRI,-3,0,10.6
2026-06-03 21:04:23,11,1104,수술실,3,2,6.4
2026-06-04 06:23:17,11,1139,수술실,3,0,6.6
2026-06-04 06:23:22,16,1602,병동,7,3,6.6
2026-06-04 06:30:42,7,707,병동,6,3,2.5
2026-06-04 06:32:09,12,1203,MRI,-3,0,7.6
2026-06-04 07:38:37,9,910,수술실,3,2,4.6
2026-06-04 07:43:22,6,632,수술실,3,4,3.8
2026-06-04 07:47:48,5,528,수술실,3,0,3.5
2026-06-04 07:59:30,14,1401,수술실,3,1,6.9
2026-06-04 08:00:06,7,725,수술실,3,9,6.4
2026-06-04 08:00:31,9,925,MRI,-3,8,8.5
2026-06-04 08:01:13,5,524,CT,1,11,6.5
2026-06-04 08:02:57,13,1320,CT,1,15,8.5
2026-06-04 08:03:04,14,1440,CT,1,15,10.1
2026-06-04 08:16:13,5,522,CT,1,10,4.5
2026-06-04 08:17:13,12,1223,CT,1,9,7.2
2026-06-04 08:23:07,9,923,MRI,-3,13,10.4
2026-06-04 08:26:57,18,1822,CT,1,11,10.1
2026-06-04 08:28:39,10,1007,수술실,3,9,5.7
2026-06-04 08:35:24,8,840,CT,1,10,7.0
2026-06-04 08:45:32,10,1024,병동,17,10,6.4
2026-06-04 08:47:54,9,915,CT,1,11,8.4
2026-06-04 08:49:02,5,520,MRI,-3,14,9.5
2026-06-04 08:52:30,13,1309,CT,1,9,7.3
2026-06-04 08:54:04,5,540,병동,9,9,5.0
2026-06-04 08:57:36,11,1111,CT,1,9,7.5
2026-06-04 09:01:15,18,1840,MRI,-3,12,15.5
2026-06-04 09:02:55,6,622,수술실,3,13,5.7
2026-06-04 09:04:51,8,828,수술실,3,12,6.1
2026-06-04 09:08:08,13,1306,수술실,3,12,10.4
2026-06-04 09:13:22,16,1632,병동,11,10,4.8
2026-06-04 09:14:07,17,1714,수술실,3,13,11.8
2026-06-04 09:15:21,6,628,병동,17,12,8.1
2026-06-04 09:19:39,17,1703,MRI,-3,15,10.9
2026-06-04 09:22:45,15,1501,병동,17,13,4.1
2026-06-04 09:22:52,15,1540,병동,11,13,4.7
2026-06-04 09:30:49,11,1124,MRI,-3,13,11.4
2026-06-04 09:35:29,16,1634,병동,9,15,7.2
2026-06-04 09:39:12,6,601,CT,1,8,5.6
2026-06-04 09:40:41,5,526,CT,1,15,5.2
2026-06-04 09:49:44,9,923,병동,18,13,6.3
2026-06-04 09:52:44,17,1705,병동,9,15,6.5
2026-06-04 09:59:59,6,611,MRI,-3,13,10.3
2026-06-04 10:06:53,14,1422,CT,1,7,9.6
2026-06-04 10:11:00,17,1727,MRI,-3,10,12.6
2026-06-04 10:17:06,13,1309,CT,1,10,8.6
2026-06-04 10:27:00,17,1737,병동,12,9,4.4
2026-06-04 10:27:44,7,701,병동,8,7,2.8
2026-06-04 10:28:28,14,1412,수술실,3,11,9.0
2026-06-04 10:29:15,15,1535,CT,1,12,11.2
2026-06-04 10:36:43,11,1105,병동,5,6,5.8
2026-06-04 10:42:38,10,1007,병동,11,12,4.4
2026-06-04 10:49:10,12,1213,수술실,3,12,8.2
2026-06-04 10:53:19,10,1029,MRI,-3,6,10.3
2026-06-04 10:54:19,10,1035,병동,5,9,4.7
2026-06-04 10:56:17,5,540,수술실,3,9,4.4
2026-06-04 11:08:08,11,1109,CT,1,11,7.6
2026-06-04 11:08:22,15,1520,CT,1,7,10.0
2026-06-04 11:08:53,11,1103,병동,12,8,2.7
2026-06-04 11:18:20,5,540,MRI,-3,9,7.5
2026-06-04 11:20:24,13,1340,MRI,-3,7,10.1
2026-06-04 11:25:55,9,921,수술실,3,8,7.1
2026-06-04 11:26:56,11,1113,MRI,-3,6,10.0
2026-06-04 11:28:15,12,1211,병동,8,10,5.4
2026-06-04 11:40:53,12,1203,MRI,-3,11,9.6
2026-06-04 11:41:35,11,1127,CT,1,6,8.1
2026-06-04 11:43:32,6,631,CT,1,12,7.5
2026-06-04 11:48:03,10,1025,수술실,3,9,6.0
2026-06-04 11:48:39,10,1033,병동,18,9,5.2
2026-06-04 11:52:55,15,1523,병동,11,8,5.5
2026-06-04 11:55:45,14,1410,CT,1,9,8.5
2026-06-04 12:04:03,5,532,CT,1,4,3.3
2026-06-04 12:04:54,14,1434,MRI,-3,6,12.2
2026-06-04 12:14:31,14,1422,병동,17,3,3.7
2026-06-04 12:19:52,16,1615,병동,6,4,6.4
2026-06-04 12:23:54,11,1136,CT,1,7,8.3
2026-06-04 12:36:11,6,619,병동,9,4,3.8
2026-06-04 12:55:24,17,1716,CT,1,3,8.5
2026-06-04 13:04:28,14,1428,CT,1,6,10.4
2026-06-04 13:14:06,11,1102,CT,1,8,7.9
2026-06-04 13:14:43,14,1410,병동,9,8,4.3
2026-06-04 13:20:10,5,528,MRI,-3,10,8.0
2026-06-04 13:21:49,9,932,CT,1,5,5.9
2026-06-04 13:24:10,7,731,CT,1,10,5.6
2026-06-04 13:24:17,11,1129,병동,17,5,4.6
2026-06-04 13:28:47,5,534,수술실,3,5,3.1
2026-06-04 13:36:09,16,1603,MRI,-3,5,9.1
2026-06-04 13:40:00,12,1209,병동,15,10,5.0
2026-06-04 13:40:13,16,1607,MRI,-3,7,11.9
2026-06-04 14:00:03,9,929,CT,1,6,7.5
2026-06-04 14:00:15,12,1203,병동,18,6,6.0
2026-06-04 14:00:38,7,716,병동,17,9,6.0
2026-06-04 14:03:33,13,1304,수술실,3,10,6.5
2026-06-04 14:32:45,9,910,MRI,-3,5,9.3
2026-06-04 14:49:30,5,516,MRI,-3,5,7.9
2026-06-04 14:53:02,18,1827,CT,1,9,9.9
2026-06-04 14:59:11,7,726,수술실,3,9,6.7
2026-06-04 15:11:43,10,1003,병동,7,5,3.4
2026-06-04 15:36:10,14,1433,병동,15,7,3.8
2026-06-04 15:40:23,11,1102,CT,1,7,7.3
2026-06-04 15:43:33,14,1428,CT,1,4,6.4
2026-06-04 15:49:07,16,1625,MRI,-3,5,11.5
2026-06-04 15:50:45,12,1210,병동,12,3,2.3
2026-06-04 15:51:50,5,530,MRI,-3,7,8.9
2026-06-04 16:06:02,18,1812,MRI,-3,3,11.4
2026-06-04 16:38:27,6,616,MRI,-3,4,8.5
2026-06-04 16:53:04,11,1125,CT,1,6,7.7
2026-06-04 17:27:40,5,537,CT,1,0,4.8
2026-06-04 17:48:43,7,706,수술실,3,4,3.8
2026-06-04 17:55:09,14,1427,MRI,-3,0,9.1
2026-06-04 18:00:19,11,1130,수술실,3,4,5.2
2026-06-04 18:12:48,15,1531,CT,1,1,9.0
2026-06-04 18:43:23,6,608,CT,1,3,5.2
2026-06-04 19:06:58,8,807,수술실,3,4,5.9
2026-06-04 19:58:23,14,1403,CT,1,3,8.8
2026-06-04 19:58:26,14,1434,병동,12,4,3.1
2026-06-04 20:03:15,9,920,병동,17,3,5.7
2026-06-04 21:23:28,17,1737,MRI,-3,1,11.4
2026-06-05 06:01:32,16,1623,CT,1,1,9.5
2026-06-05 06:08:24,10,1036,병동,17,2,4.7
2026-06-05 06:30:40,15,1524,MRI,-3,2,9.0
2026-06-05 06:31:14,5,533,병동,7,1,3.3
2026-06-05 06:37:24,15,1539,병동,11,3,4.0
2026-06-05 06:44:09,13,1314,병동,14,4,2.8
2026-06-05 06:46:38,18,1813,병동,12,2,4.6
2026-06-05 06:48:56,17,1734,수술실,3,4,8.1
2026-06-05 07:08:31,7,739,수술실,3,1,4.2
2026-06-05 07:08:58,7,707,수술실,3,4,5.3
2026-06-05 07:13:13,10,1026,MRI,-3,3,7.8
2026-06-05 07:16:20,9,929,MRI,-3,3,6.8
2026-06-05 07:23:23,6,640,병동,7,3,2.0
2026-06-05 07:23:53,5,515,MRI,-3,0,5.6
2026-06-05 07:49:48,9,933,CT,1,2,5.8
2026-06-05 07:53:06,9,901,CT,1,0,6.6
2026-06-05 08:00:14,18,1801,CT,1,14,10.1
2026-06-05 08:05:40,11,1125,CT,1,12,8.5
2026-06-05 08:06:27,15,1509,병동,10,12,7.1
2026-06-05 08:07:23,15,1540,MRI,-3,8,10.0
2026-06-05 08:14:26,13,1301,MRI,-3,15,10.5
2026-06-05 08:16:03,16,1611,병동,11,8,5.2
2026-06-05 08:16:14,17,1712,수술실,3,9,11.0
2026-06-05 08:16:50,12,1202,수술실,3,12,7.6
2026-06-05 08:21:52,5,531,MRI,-3,13,10.1
2026-06-05 08:23:07,11,1124,MRI,-3,13,10.4
2026-06-05 08:29:13,9,914,MRI,-3,9,8.2
2026-06-05 08:37:00,12,1216,MRI,-3,8,11.4
2026-06-05 08:37:17,7,731,수술실,3,12,6.2
2026-06-05 08:46:29,17,1702,병동,15,10,3.8
2026-06-05 08:48:43,13,1318,수술실,3,8,8.3
2026-06-05 08:57:31,17,1727,MRI,-3,11,12.7
2026-06-05 08:58:54,8,805,병동,10,14,4.3
2026-06-05 08:59:36,15,1534,수술실,3,9,9.8
2026-06-05 09:00:30,9,924,MRI,-3,14,11.0
2026-06-05 09:01:54,15,1508,CT,1,10,7.7
2026-06-05 09:05:14,14,1403,수술실,3,11,10.1
2026-06-05 09:13:09,5,502,CT,1,11,6.3
2026-06-05 09:21:11,5,505,CT,1,8,4.4
2026-06-05 09:21:40,5,528,수술실,3,9,3.9
2026-06-05 09:26:19,8,811,MRI,-3,14,8.2
2026-06-05 09:29:05,10,1007,MRI,-3,15,12.8
2026-06-05 09:34:15,14,1401,수술실,3,9,7.0
2026-06-05 09:36:08,18,1801,수술실,3,11,11.8
2026-06-05 09:39:23,10,1028,CT,1,13,8.2
2026-06-05 09:39:33,14,1413,CT,1,9,10.4
2026-06-05 09:54:40,5,530,수술실,3,9,4.4
2026-06-05 10:01:55,8,826,MRI,-3,8,10.2
2026-06-05 10:07:03,14,1405,병동,10,12,5.3
2026-06-05 10:11:32,13,1323,병동,14,10,2.8
2026-06-05 10:11:54,17,1723,CT,1,8,11.1
2026-06-05 10:19:28,6,625,CT,1,9,4.4
2026-06-05 10:26:49,15,1528,CT,1,9,9.4
2026-06-05 10:30:11,5,527,MRI,-3,8,7.4
2026-06-05 10:30:49,11,1133,MRI,-3,10,11.5
2026-06-05 10:36:16,13,1333,MRI,-3,11,9.7
2026-06-05 10:39:56,5,531,MRI,-3,9,6.2
2026-06-05 10:52:01,17,1717,CT,1,9,9.2
2026-06-05 10:54:34,17,1717,CT,1,8,8.8
2026-06-05 11:01:21,14,1429,병동,6,11,7.0
2026-06-05 11:13:57,13,1338,CT,1,12,9.6
2026-06-05 11:15:00,14,1433,MRI,-3,8,10.0
2026-06-05 11:20:21,10,1021,MRI,-3,11,10.9
2026-06-05 11:21:48,7,701,CT,1,8,5.0
2026-06-05 11:24:55,6,631,CT,1,11,7.1
2026-06-05 11:52:05,12,1201,CT,1,7,9.1
2026-06-05 12:00:46,15,1509,병동,11,6,4.0
2026-06-05 12:03:54,18,1832,수술실,3,7,8.3
2026-06-05 12:16:45,6,632,CT,1,7,6.2
2026-06-05 12:20:40,11,1134,수술실,3,5,6.9
2026-06-05 12:55:03,13,1307,MRI,-3,3,9.1
2026-06-05 13:00:46,15,1523,병동,5,5,7.1
2026-06-05 13:02:57,8,832,병동,6,6,3.6
2026-06-05 13:03:15,15,1509,CT,1,7,8.4
2026-06-05 13:05:46,13,1312,병동,10,5,2.8
2026-06-05 13:08:06,18,1825,MRI,-3,8,13.3
2026-06-05 13:13:42,8,810,MRI,-3,5,9.2
2026-06-05 13:25:48,10,1024,수술실,3,10,6.6
2026-06-05 13:41:18,12,1230,수술실,3,10,9.0
2026-06-05 13:45:00,9,901,MRI,-3,8,8.3
2026-06-05 13:55:43,6,604,MRI,-3,6,6.9
2026-06-05 13:57:33,10,1029,수술실,3,6,6.4
2026-06-05 14:17:40,5,507,MRI,-3,6,6.5
2026-06-05 14:30:02,13,1302,수술실,3,6,6.6
2026-06-05 14:52:29,8,829,CT,1,10,5.4
2026-06-05 14:56:25,16,1608,수술실,3,6,9.5
2026-06-05 15:03:36,7,715,MRI,-3,6,8.7
2026-06-05 15:05:52,18,1834,병동,11,4,4.7
2026-06-05 15:11:15,16,1636,수술실,3,5,7.3
2026-06-05 15:18:02,12,1229,MRI,-3,8,10.5
2026-06-05 15:40:39,13,1338,수술실,3,7,6.9
2026-06-05 15:44:50,11,1101,병동,17,3,4.0
2026-06-05 16:00:41,5,515,CT,1,3,3.3
2026-06-05 16:06:30,13,1323,수술실,3,7,8.3
2026-06-05 16:10:51,13,1303,MRI,-3,3,9.7
2026-06-05 16:18:37,15,1535,CT,1,3,9.3
2026-06-05 16:34:39,6,621,MRI,-3,4,6.7
2026-06-05 16:58:41,9,923,CT,1,3,6.0
2026-06-05 17:49:21,15,1535,CT,1,1,8.8
2026-06-05 18:06:15,7,723,MRI,-3,4,8.4
2026-06-05 18:42:36,17,1711,병동,15,3,2.8
2026-06-05 18:47:50,11,1130,수술실,3,4,5.9
2026-06-05 19:53:24,7,708,병동,10,0,2.8
2026-06-05 20:13:15,9,917,수술실,3,3,6.1
2026-06-05 21:35:26,16,1632,수술실,3,2,7.1
2026-06-05 21:59:27,10,1006,병동,12,2,2.6
2026-06-06 06:13:04,11,1109,병동,8,4,3.4
2026-06-06 06:14:23,8,810,MRI,-3,4,9.1
2026-06-06 06:22:41,11,1103,수술실,3,1,6.3
2026-06-06 06:31:33,12,1237,CT,1,2,6.3
2026-06-06 06:35:59,5,521,CT,1,3,3.6
2026-06-06 06:42:26,13,1305,병동,12,2,2.6
2026-06-06 06:47:40,14,1403,MRI,-3,3,12.3
2026-06-06 06:49:49,9,918,CT,1,2,6.5
2026-06-06 06:50:05,17,1713,MRI,-3,1,12.4
2026-06-06 06:51:29,8,816,MRI,-3,3,9.1
2026-06-06 07:34:30,14,1431,MRI,-3,0,10.1
2026-06-06 07:48:08,16,1627,수술실,3,0,8.0
2026-06-06 07:48:45,12,1231,수술실,3,0,7.5
2026-06-06 07:52:27,7,735,MRI,-3,4,7.5
2026-06-06 08:09:07,14,1430,병동,16,13,5.1
2026-06-06 08:15:11,16,1633,수술실,3,13,11.0
2026-06-06 08:17:38,18,1828,수술실,3,14,9.9
2026-06-06 08:18:33,14,1424,CT,1,12,9.8
2026-06-06 08:24:53,12,1201,병동,5,13,8.1
2026-06-06 08:30:25,11,1125,병동,13,9,4.5
2026-06-06 08:31:21,10,1005,CT,1,12,7.7
2026-06-06 08:41:23,11,1113,병동,6,11,6.1
2026-06-06 08:44:38,5,524,CT,1,8,4.3
2026-06-06 08:47:42,13,1318,수술실,3,10,9.4
2026-06-06 08:48:48,6,602,MRI,-3,14,9.1
2026-06-06 08:52:47,14,1420,CT,1,11,8.9
2026-06-06 08:54:28,16,1638,수술실,3,11,8.6
2026-06-06 09:14:02,7,717,MRI,-3,11,7.9
2026-06-06 09:14:36,12,1210,CT,1,11,9.1
2026-06-06 09:23:35,17,1726,수술실,3,9,11.4
2026-06-06 09:25:31,11,1131,병동,17,11,7.1
2026-06-06 09:30:45,13,1303,수술실,3,15,8.7
2026-06-06 09:34:46,6,634,MRI,-3,14,7.9
2026-06-06 09:38:09,14,1404,수술실,3,8,7.2
2026-06-06 09:39:10,16,1611,병동,13,8,3.8
2026-06-06 09:40:34,14,1402,병동,7,9,6.3
2026-06-06 09:42:55,8,838,CT,1,15,7.3
2026-06-06 09:48:27,13,1327,수술실,3,12,8.4
2026-06-06 09:49:53,11,1129,MRI,-3,15,11.5
2026-06-06 09:51:16,10,1014,병동,8,8,3.9
2026-06-06 09:57:06,5,538,병동,10,13,5.9
2026-06-06 09:59:06,7,719,CT,1,8,5.3
2026-06-06 09:59:27,13,1339,수술실,3,14,9.1
2026-06-06 10:04:50,13,1340,병동,15,12,4.5
2026-06-06 10:09:44,10,1004,MRI,-3,10,11.2
2026-06-06 10:14:35,6,631,수술실,3,7,4.3
2026-06-06 10:21:27,6,608,수술실,3,7,4.5
2026-06-06 10:26:42,15,1526,병동,9,11,5.7
2026-06-06 10:38:38,5,517,MRI,-3,8,8.5
2026-06-06 10:41:11,12,1238,CT,1,12,9.8
2026-06-06 10:45:13,18,1806,MRI,-3,6,12.5
2026-06-06 10:56:47,15,1540,병동,6,10,6.0
2026-06-06 10:58:47,16,1624,수술실,3,9,11.0
2026-06-06 11:01:20,15,1506,MRI,-3,8,13.9
2026-06-06 11:03:52,11,1140,수술실,3,10,8.5
2026-06-06 11:16:32,11,1133,수술실,3,7,7.5
2026-06-06 11:48:22,12,1217,병동,5,10,5.3
2026-06-06 11:49:09,7,717,MRI,-3,6,8.8
2026-06-06 11:51:24,7,704,MRI,-3,6,7.0
2026-06-06 12:11:36,15,1533,수술실,3,4,8.5
2026-06-06 12:20:42,14,1431,병동,10,7,3.9
2026-06-06 12:25:49,14,1422,수술실,3,6,6.8
2026-06-06 12:42:05,5,512,MRI,-3,3,6.1
2026-06-06 12:43:32,5,506,MRI,-3,3,5.4
2026-06-06 12:45:02,12,1222,수술실,3,6,6.9
2026-06-06 12:45:38,9,901,CT,1,3,6.0
2026-06-06 12:51:21,17,1734,수술실,3,4,9.3
2026-06-06 12:54:01,11,1119,MRI,-3,3,8.1
2026-06-06 12:58:46,7,710,CT,1,7,6.2
2026-06-06 13:13:03,18,1812,MRI,-3,8,12.4
2026-06-06 13:16:51,8,840,병동,10,7,3.2
2026-06-06 13:26:27,12,1227,수술실,3,5,6.9
2026-06-06 13:28:49,11,1127,병동,15,6,3.9
2026-06-06 13:32:47,12,1222,MRI,-3,9,9.4
2026-06-06 13:46:54,8,823,CT,1,6,7.2
2026-06-06 13:52:58,10,1009,MRI,-3,9,10.7
2026-06-06 13:53:20,18,1828,수술실,3,6,10.6
2026-06-06 13:55:06,8,825,CT,1,6,5.3
2026-06-06 13:55:51,10,1006,MRI,-3,8,10.2
2026-06-06 13:57:48,18,1840,MRI,-3,9,13.7
2026-06-06 14:00:10,12,1203,MRI,-3,5,7.9
2026-06-06 14:01:29,18,1809,MRI,-3,9,12.9
2026-06-06 14:17:37,11,1122,병동,7,9,3.7
2026-06-06 14:39:08,17,1709,병동,7,9,7.3
2026-06-06 14:50:34,5,536,병동,11,6,4.6
2026-06-06 15:01:04,14,1432,병동,6,5,5.8
2026-06-06 15:12:29,5,536,병동,5,7,2.6
2026-06-06 15:14:59,14,1437,CT,1,3,7.6
2026-06-06 15:20:17,9,930,CT,1,5,6.8
2026-06-06 15:33:13,12,1234,병동,14,3,2.9
2026-06-06 15:36:07,6,637,수술실,3,4,5.0
2026-06-06 15:45:13,18,1812,수술실,3,4,8.2
2026-06-06 16:05:46,14,1418,수술실,3,6,8.4
2026-06-06 16:12:09,17,1732,MRI,-3,3,11.6
2026-06-06 16:33:03,12,1230,수술실,3,8,8.2
2026-06-06 16:37:19,5,522,수술실,3,5,4.5
2026-06-06 16:55:02,13,1329,MRI,-3,3,11.2
2026-06-06 16:57:40,9,918,병동,17,8,6.7
2026-06-06 17:04:01,16,1614,수술실,3,3,8.7
2026-06-06 17:29:30,18,1813,병동,16,0,3.3
2026-06-06 17:36:45,14,1415,수술실,3,2,6.9
2026-06-06 18:11:39,8,809,병동,9,2,1.9
2026-06-06 18:21:07,12,1204,병동,7,1,4.5
2026-06-06 18:53:58,7,739,수술실,3,4,4.3
2026-06-06 19:23:37,10,1029,수술실,3,4,4.8
2026-06-06 19:29:28,7,722,CT,1,3,5.1
2026-06-06 19:30:10,8,838,MRI,-3,4,7.9
2026-06-06 20:30:08,9,904,병동,16,3,5.5
2026-06-06 20:59:56,15,1504,수술실,3,2,8.1
2026-06-07 06:26:52,15,1526,MRI,-3,2,8.6
2026-06-07 06:35:32,8,820,수술실,3,3,4.3
2026-06-07 07:04:49,14,1401,병동,12,0,2.9
2026-06-07 07:34:07,17,1710,병동,12,0,3.7
2026-06-07 07:48:48,18,1821,MRI,-3,3,11.2
2026-06-07 07:50:46,5,531,병동,10,1,3.5
2026-06-07 07:55:09,8,810,MRI,-3,1,8.4
2026-06-07 07:59:25,16,1623,병동,17,1,2.3
2026-06-07 08:00:50,16,1609,수술실,3,12,11.2
2026-06-07 08:01:18,12,1240,MRI,-3,14,10.6
2026-06-07 08:13:05,9,935,수술실,3,13,7.5
2026-06-07 08:13:24,11,1111,병동,11,12,4.4
2026-06-07 08:21:16,15,1502,CT,1,9,7.5
2026-06-07 08:21:19,10,1005,병동,15,14,5.4
2026-06-07 08:23:01,16,1607,CT,1,14,9.9
2026-06-07 08:33:40,13,1301,MRI,-3,8,12.7
2026-06-07 08:35:58,18,1821,병동,8,12,8.6
2026-06-07 08:37:47,8,802,CT,1,14,6.3
2026-06-07 08:41:24,6,628,MRI,-3,9,8.9
2026-06-07 08:42:16,8,818,CT,1,8,7.3
2026-06-07 08:43:03,18,1832,MRI,-3,10,13.7
2026-06-07 08:48:44,5,537,수술실,3,10,4.7
2026-06-07 08:50:32,12,1226,병동,18,12,5.9
2026-06-07 08:50:45,10,1022,CT,1,11,6.8
2026-06-07 08:53:10,16,1637,MRI,-3,13,10.8
2026-06-07 08:57:22,6,629,병동,8,11,5.7
2026-06-07 08:58:23,18,1840,MRI,-3,10,13.9
2026-06-07 09:01:05,18,1816,수술실,3,12,11.3
2026-06-07 09:02:50,12,1238,병동,18,14,6.5
2026-06-07 09:09:07,14,1422,CT,1,8,7.9
2026-06-07 09:09:15,16,1617,병동,10,10,5.1
2026-06-07 09:13:20,18,1814,병동,10,9,6.1
2026-06-07 09:13:43,15,1510,MRI,-3,9,11.6
2026-06-07 09:15:54,5,519,병동,11,13,6.8
2026-06-07 09:16:21,14,1417,MRI,-3,12,13.0
2026-06-07 09:19:30,8,806,MRI,-3,12,10.9
2026-06-07 09:22:19,6,602,CT,1,15,6.9
2026-06-07 09:24:04,13,1332,수술실,3,10,8.8
2026-06-07 09:31:45,12,1229,CT,1,10,6.4
2026-06-07 09:34:09,10,1034,병동,12,13,5.1
2026-06-07 09:34:49,5,534,병동,12,8,5.8
2026-06-07 09:35:34,14,1435,수술실,3,13,11.2
2026-06-07 09:41:49,14,1430,MRI,-3,11,12.3
2026-06-07 09:43:42,11,1115,MRI,-3,15,10.3
2026-06-07 09:49:28,12,1203,CT,1,8,7.1
2026-06-07 09:52:25,13,1335,CT,1,15,11.0
2026-06-07 10:13:49,9,902,수술실,3,10,6.6
2026-06-07 10:18:08,8,821,CT,1,8,5.9
2026-06-07 10:24:01,16,1613,MRI,-3,10,13.5
2026-06-07 10:27:24,5,527,MRI,-3,6,7.0
2026-06-07 10:27:32,13,1333,CT,1,6,8.9
2026-06-07 10:37:54,17,1724,MRI,-3,11,15.8
2026-06-07 10:43:48,17,1723,MRI,-3,11,12.6
2026-06-07 10:46:22,11,1113,병동,18,6,6.5
2026-06-07 10:47:49,16,1624,MRI,-3,8,13.3
2026-06-07 10:53:33,12,1219,CT,1,8,9.4
2026-06-07 10:53:43,6,630,수술실,3,7,6.2
2026-06-07 10:58:38,11,1123,CT,1,12,8.9
2026-06-07 11:03:26,10,1039,병동,11,12,4.1
2026-06-07 11:04:07,7,738,수술실,3,6,6.6
2026-06-07 11:08:51,15,1507,병동,13,10,3.3
2026-06-07 11:24:27,14,1428,CT,1,6,7.0
2026-06-07 11:32:20,9,916,MRI,-3,10,8.4
2026-06-07 11:35:43,8,816,수술실,3,6,6.0
2026-06-07 11:36:29,15,1517,수술실,3,9,8.1
2026-06-07 11:42:51,17,1726,병동,18,10,3.5
2026-06-07 11:43:00,13,1339,CT,1,6,9.5
2026-06-07 11:44:46,6,610,수술실,3,7,4.2
2026-06-07 11:47:32,16,1626,병동,11,9,4.7
2026-06-07 11:49:12,17,1731,수술실,3,7,8.6
2026-06-07 11:55:01,5,511,병동,10,12,5.2
2026-06-07 11:55:18,14,1424,수술실,3,12,7.7
2026-06-07 11:56:55,16,1635,CT,1,6,10.6
2026-06-07 12:00:08,13,1322,MRI,-3,6,11.6
2026-06-07 12:06:52,16,1620,병동,5,6,8.4
2026-06-07 12:14:51,13,1315,수술실,3,7,8.2
2026-06-07 12:15:58,10,1027,CT,1,5,6.6
2026-06-07 12:19:40,7,711,CT,1,6,6.8
2026-06-07 12:21:07,10,1017,병동,12,6,4.3
2026-06-07 12:25:22,5,504,MRI,-3,3,7.9
2026-06-07 12:26:09,9,931,수술실,3,5,4.7
2026-06-07 12:34:26,13,1302,수술실,3,5,6.9
2026-06-07 12:38:34,9,905,CT,1,6,6.3
2026-06-07 12:45:57,17,1733,CT,1,4,7.7
2026-06-07 13:13:40,17,1728,CT,1,7,10.9
2026-06-07 13:17:06,7,715,CT,1,8,6.8
2026-06-07 13:20:19,14,1412,수술실,3,6,8.7
2026-06-07 13:20:48,9,926,수술실,3,8,6.7
2026-06-07 13:23:53,10,1034,병동,9,5,2.1
2026-06-07 13:24:11,10,1034,수술실,3,10,5.7
2026-06-07 13:24:25,15,1515,병동,5,5,5.6
2026-06-07 13:26:42,15,1519,CT,1,7,8.8
2026-06-07 13:26:46,14,1433,MRI,-3,7,12.8
2026-06-07 13:33:33,11,1134,MRI,-3,5,10.1
2026-06-07 13:54:18,11,1112,수술실,3,5,5.2
2026-06-07 13:58:35,8,812,병동,11,8,3.4
2026-06-07 14:03:08,7,734,병동,14,5,5.4
2026-06-07 14:08:07,13,1309,MRI,-3,9,11.0
2026-06-07 14:27:46,16,1614,MRI,-3,9,10.4
2026-06-07 14:31:10,10,1010,CT,1,9,8.2
2026-06-07 14:42:33,12,1212,CT,1,7,8.4
2026-06-07 14:56:37,14,1425,수술실,3,10,8.8
2026-06-07 15:01:32,12,1202,CT,1,4,7.8
2026-06-07 15:02:32,9,919,MRI,-3,6,8.8
2026-06-07 15:18:12,9,905,수술실,3,5,5.4
2026-06-07 15:21:46,7,714,CT,1,5,5.7
2026-06-07 15:22:18,14,1424,CT,1,7,9.0
2026-06-07 16:05:27,14,1420,병동,17,3,3.7
2026-06-07 16:06:31,10,1016,MRI,-3,3,10.2
2026-06-07 16:12:44,7,718,수술실,3,7,6.7
2026-06-07 16:16:16,18,1840,병동,12,5,4.8
2026-06-07 16:31:15,8,836,수술실,3,5,5.9
2026-06-07 16:34:57,18,1829,MRI,-3,4,10.3
2026-06-07 16:41:30,10,1032,MRI,-3,4,9.9
2026-06-07 16:41:31,11,1115,병동,11,8,2.8
2026-06-07 16:58:12,16,1610,병동,5,4,6.7
2026-06-07 16:59:35,9,905,수술실,3,3,5.7
2026-06-07 17:02:02,10,1038,병동,11,1,2.2
2026-06-07 17:37:18,17,1706,병동,16,3,2.2
2026-06-07 18:24:38,6,619,CT,1,3,4.6
2026-06-07 18:59:27,16,1630,병동,7,0,5.5
2026-06-07 19:16:50,7,707,병동,15,1,5.5
2026-06-07 19:35:14,12,1204,MRI,-3,1,11.1
2026-06-08 06:03:08,6,638,수술실,3,4,4.0
2026-06-08 06:26:20,5,524,병동,9,4,3.0
2026-06-08 06:35:21,15,1508,MRI,-3,2,11.8
2026-06-08 06:37:25,18,1829,CT,1,2,8.4
2026-06-08 06:44:06,18,1817,병동,17,0,2.8
2026-06-08 06:52:49,10,1029,MRI,-3,1,9.8
2026-06-08 07:07:40,12,1228,CT,1,4,5.9
2026-06-08 08:00:57,15,1504,CT,1,15,8.2
2026-06-08 08:01:22,17,1723,MRI,-3,12,14.2
2026-06-08 08:02:39,13,1304,병동,16,9,4.4
2026-06-08 08:03:05,14,1427,수술실,3,11,10.4
2026-06-08 08:04:25,8,825,병동,13,10,5.1
2026-06-08 08:05:04,6,633,수술실,3,14,6.3
2026-06-08 08:06:37,9,920,MRI,-3,12,12.3
2026-06-08 08:11:00,12,1231,수술실,3,9,6.1
2026-06-08 08:20:31,9,913,MRI,-3,11,12.0
2026-06-08 08:20:52,9,923,수술실,3,12,8.2
2026-06-08 08:31:34,9,921,병동,6,9,4.7
2026-06-08 08:35:20,12,1205,CT,1,10,8.9
2026-06-08 08:35:58,7,713,병동,8,13,5.1
2026-06-08 08:36:22,11,1106,CT,1,11,9.2
2026-06-08 08:36:49,11,1120,병동,15,12,5.5
2026-06-08 08:39:04,12,1238,MRI,-3,15,12.2
2026-06-08 08:44:41,14,1439,MRI,-3,12,9.9
2026-06-08 08:44:43,7,738,CT,1,9,5.0
2026-06-08 08:44:55,8,816,병동,10,8,3.6
2026-06-08 08:44:59,7,727,수술실,3,8,6.0
2026-06-08 08:45:45,15,1519,MRI,-3,10,13.3
2026-06-08 08:47:57,7,716,MRI,-3,14,9.3
2026-06-08 08:51:33,14,1440,수술실,3,11,9.8
2026-06-08 08:51:52,18,1827,수술실,3,15,12.9
2026-06-08 08:54:08,15,1522,수술실,3,10,9.6
2026-06-08 08:55:07,7,718,병동,16,14,6.8
2026-06-08 08:56:06,6,618,수술실,3,14,6.0
2026-06-08 08:57:11,5,535,수술실,3,15,5.4
2026-06-08 08:57:29,9,938,병동,16,15,5.9
2026-06-08 09:00:11,5,532,병동,13,12,7.9
2026-06-08 09:06:12,8,814,MRI,-3,11,10.7
2026-06-08 09:12:50,14,1405,병동,16,14,4.7
2026-06-08 09:26:17,11,1134,MRI,-3,12,12.9
2026-06-08 09:36:14,13,1312,병동,5,8,6.8
2026-06-08 09:39:04,17,1706,병동,12,12,5.1
2026-06-08 09:52:24,6,630,MRI,-3,9,7.1
2026-06-08 10:00:44,8,823,MRI,-3,8,9.5
2026-06-08 10:04:53,15,1511,MRI,-3,7,12.8
2026-06-08 10:06:14,6,616,수술실,3,9,4.7
2026-06-08 10:23:05,14,1402,수술실,3,11,11.2
2026-06-08 10:25:25,9,940,MRI,-3,10,10.1
2026-06-08 10:34:22,17,1726,CT,1,7,9.4
2026-06-08 10:52:22,14,1415,CT,1,8,7.3
2026-06-08 11:01:27,12,1237,수술실,3,7,8.8
2026-06-08 11:16:13,17,1723,CT,1,9,8.8
2026-06-08 11:18:50,14,1439,CT,1,9,7.1
2026-06-08 11:21:25,8,813,수술실,3,8,5.2
2026-06-08 11:22:05,9,912,CT,1,8,6.8
2026-06-08 11:25:46,14,1406,수술실,3,9,7.0
2026-06-08 11:30:13,7,716,CT,1,8,5.2
2026-06-08 11:34:12,11,1119,MRI,-3,12,11.1
2026-06-08 11:39:53,8,801,MRI,-3,9,8.5
2026-06-08 11:40:30,18,1836,수술실,3,12,11.0
2026-06-08 11:44:41,6,633,수술실,3,10,4.6
2026-06-08 11:48:30,9,924,병동,7,12,5.3
2026-06-08 11:53:43,8,805,MRI,-3,9,9.4
2026-06-08 11:59:35,12,1236,병동,9,9,3.8
2026-06-08 12:05:00,17,1702,병동,7,6,6.6
2026-06-08 12:18:21,14,1436,MRI,-3,6,12.1
2026-06-08 12:36:05,18,1813,MRI,-3,7,10.7
2026-06-08 12:45:00,13,1319,수술실,3,7,6.8
2026-06-08 13:05:24,8,832,CT,1,8,6.5
2026-06-08 13:06:23,16,1636,MRI,-3,8,13.2
2026-06-08 13:07:55,10,1022,CT,1,6,5.7
2026-06-08 13:16:23,7,701,수술실,3,6,6.3
2026-06-08 13:16:45,12,1221,수술실,3,10,8.5
2026-06-08 13:23:24,8,835,CT,1,8,6.3
2026-06-08 13:36:10,14,1409,수술실,3,6,9.4
2026-06-08 13:37:03,16,1625,CT,1,7,11.1
2026-06-08 13:38:17,17,1701,병동,16,9,3.0
2026-06-08 13:39:10,11,1101,병동,14,9,3.6
2026-06-08 13:43:08,14,1420,수술실,3,5,6.5
2026-06-08 13:44:24,14,1412,CT,1,5,7.1
2026-06-08 13:45:15,10,1012,CT,1,6,6.4
2026-06-08 13:59:59,13,1316,CT,1,7,8.2
2026-06-08 14:00:25,17,1728,MRI,-3,8,14.5
2026-06-08 14:04:45,5,501,병동,9,5,3.4
2026-06-08 14:14:05,13,1322,MRI,-3,9,9.8
2026-06-08 14:29:42,18,1809,병동,18,9,3.2
2026-06-08 14:43:10,13,1339,수술실,3,9,9.4
2026-06-08 14:55:35,12,1223,수술실,3,8,8.4
2026-06-08 14:56:26,7,711,병동,7,8,3.4
2026-06-08 14:58:52,13,1309,CT,1,10,8.1
2026-06-08 14:59:46,11,1126,수술실,3,7,8.1
2026-06-08 15:02:46,9,925,CT,1,7,7.0
2026-06-08 15:09:25,7,713,CT,1,7,6.7
2026-06-08 15:13:44,10,1009,MRI,-3,5,9.6
2026-06-08 15:26:22,6,635,MRI,-3,7,7.8
2026-06-08 15:28:34,14,1418,CT,1,7,8.3
2026-06-08 15:29:39,14,1439,CT,1,4,8.7
2026-06-08 15:39:08,10,1001,MRI,-3,8,10.1
2026-06-08 15:46:22,9,902,CT,1,5,5.8
2026-06-08 15:46:29,15,1532,병동,11,6,4.3
2026-06-08 16:01:33,17,1738,수술실,3,4,8.7
2026-06-08 16:15:37,11,1117,MRI,-3,5,10.2
2026-06-08 16:32:55,12,1208,병동,17,5,4.7
2026-06-08 16:35:08,9,936,MRI,-3,3,9.2
2026-06-08 16:53:13,7,704,병동,13,5,4.3
2026-06-08 16:54:33,15,1540,CT,1,3,8.9
2026-06-08 16:56:53,17,1708,CT,1,8,8.1
2026-06-08 17:08:13,7,705,병동,13,4,4.6
2026-06-08 17:08:31,7,710,수술실,3,1,4.5
2026-06-08 17:45:31,11,1136,수술실,3,2,6.1
2026-06-08 18:28:57,6,603,수술실,3,4,4.8
2026-06-08 20:17:49,16,1609,MRI,-3,1,11.4
2026-06-08 20:21:29,15,1505,수술실,3,0,9.2
2026-06-08 20:26:32,5,511,병동,17,1,5.6
2026-06-09 06:00:15,7,728,수술실,3,1,4.7
2026-06-09 06:04:13,10,1024,수술실,3,3,4.9
2026-06-09 06:07:06,18,1801,MRI,-3,4,10.8
2026-06-09 06:08:10,14,1406,수술실,3,3,8.6
2026-06-09 06:12:41,17,1706,수술실,3,0,9.2
2026-06-09 06:27:21,7,734,병동,5,1,3.1
2026-06-09 06:57:56,11,1126,MRI,-3,2,9.6
2026-06-09 07:31:43,12,1231,CT,1,0,7.5
2026-06-09 07:35:45,6,630,MRI,-3,2,7.3
2026-06-09 07:44:55,13,1316,MRI,-3,0,8.1
2026-06-09 07:53:45,16,1637,수술실,3,2,7.1
2026-06-09 07:57:48,7,718,CT,1,3,4.0
2026-06-09 08:00:43,16,1610,MRI,-3,11,13.2
2026-06-09 08:04:29,18,1803,MRI,-3,12,12.2
2026-06-09 08:10:01,7,713,병동,11,9,5.1
2026-06-09 08:12:55,5,532,MRI,-3,15,8.4
2026-06-09 08:16:56,7,714,CT,1,15,7.1
2026-06-09 08:20:03,11,1125,CT,1,15,7.4
2026-06-09 08:24:16,9,933,MRI,-3,8,8.3
2026-06-09 08:25:45,17,1713,병동,8,9,6.4
2026-06-09 08:28:24,7,730,수술실,3,15,6.8
2026-06-09 08:28:52,12,1205,CT,1,15,9.9
2026-06-09 08:31:56,15,1503,병동,5,11,7.5
2026-06-09 08:32:52,7,728,수술실,3,13,6.7
2026-06-09 08:43:55,11,1104,CT,1,9,8.8
2026-06-09 08:45:42,13,1307,MRI,-3,14,10.8
2026-06-09 08:47:37,11,1124,수술실,3,13,9.6
2026-06-09 08:58:14,8,830,수술실,3,13,8.3
2026-06-09 08:58:56,16,1603,CT,1,13,12.3
2026-06-09 09:05:37,12,1235,MRI,-3,12,11.6
2026-06-09 09:06:27,13,1330,MRI,-3,15,12.8
2026-06-09 09:08:52,16,1635,병동,15,9,3.2
2026-06-09 09:10:21,16,1608,CT,1,11,8.9
2026-06-09 09:19:48,5,520,MRI,-3,8,7.2
2026-06-09 09:26:32,5,510,MRI,-3,8,6.8
2026-06-09 09:32:32,6,608,CT,1,11,7.4
2026-06-09 09:35:59,10,1026,병동,7,12,4.5
2026-06-09 09:38:32,13,1327,CT,1,15,10.7
2026-06-09 09:43:30,15,1520,수술실,3,11,10.4
2026-06-09 09:43:35,5,536,수술실,3,11,6.0
2026-06-09 09:44:22,13,1330,MRI,-3,9,9.3
2026-06-09 09:44:55,13,1335,병동,14,9,3.7
2026-06-09 09:45:47,16,1614,CT,1,9,11.2
2026-06-09 09:48:34,15,1502,MRI,-3,14,10.3
2026-06-09 09:48:41,5,539,병동,5,12,3.3
2026-06-09 09:52:36,18,1839,CT,1,10,10.6
2026-06-09 09:58:46,6,631,CT,1,11,5.7
2026-06-09 10:03:22,9,908,MRI,-3,11,11.2
2026-06-09 10:07:47,12,1223,병동,5,9,4.8
2026-06-09 10:14:54,11,1113,CT,1,6,8.6
2026-06-09 10:18:26,15,1539,MRI,-3,12,10.7
2026-06-09 10:28:11,5,536,MRI,-3,8,7.8
2026-06-09 10:42:32,14,1412,수술실,3,6,6.7
2026-06-09 10:48:16,5,510,수술실,3,9,5.5
2026-06-09 10:58:00,17,1736,CT,1,6,9.9
2026-06-09 11:02:46,9,902,MRI,-3,10,7.9
2026-06-09 11:05:40,7,706,수술실,3,11,7.6
2026-06-09 11:06:13,17,1708,CT,1,11,11.8
2026-06-09 11:08:41,13,1301,수술실,3,9,8.1
2026-06-09 11:16:35,11,1123,수술실,3,6,6.8
2026-06-09 11:18:11,10,1031,CT,1,8,6.1
2026-06-09 11:18:35,7,726,수술실,3,11,6.5
2026-06-09 11:29:27,9,916,CT,1,6,7.3
2026-06-09 11:38:49,9,903,수술실,3,12,6.0
2026-06-09 11:40:02,12,1230,병동,16,9,4.9
2026-06-09 11:41:42,5,508,수술실,3,11,5.5
2026-06-09 11:42:42,14,1414,병동,6,12,8.2
2026-06-09 11:49:27,11,1119,수술실,3,10,5.8
2026-06-09 12:05:50,17,1706,병동,15,4,2.9
2026-06-09 12:13:00,17,1725,병동,8,6,6.1
2026-06-09 12:15:56,17,1738,수술실,3,6,8.4
2026-06-09 12:18:32,6,615,CT,1,7,4.5
2026-06-09 12:22:46,7,712,수술실,3,5,5.1
2026-06-09 12:33:07,15,1532,MRI,-3,6,10.6
2026-06-09 12:33:19,9,909,MRI,-3,4,9.4
2026-06-09 12:42:04,15,1517,수술실,3,7,10.5
2026-06-09 12:45:59,13,1335,MRI,-3,5,8.0
2026-06-09 12:51:07,16,1615,MRI,-3,6,11.9
2026-06-09 12:52:12,10,1004,병동,9,6,3.5
2026-06-09 12:52:39,16,1628,MRI,-3,3,11.6
2026-06-09 12:54:28,12,1228,병동,11,7,3.5
2026-06-09 13:00:11,9,912,MRI,-3,9,8.8
2026-06-09 13:05:04,17,1737,수술실,3,8,10.9
2026-06-09 13:18:38,7,707,병동,9,8,3.7
2026-06-09 13:27:49,14,1412,수술실,3,10,7.7
2026-06-09 13:48:48,11,1138,병동,18,8,4.8
2026-06-09 13:52:34,10,1026,수술실,3,5,6.2
2026-06-09 13:54:01,15,1540,CT,1,10,10.5
2026-06-09 13:56:09,15,1509,수술실,3,9,7.3
2026-06-09 14:02:02,6,611,CT,1,5,3.7
2026-06-09 14:05:04,18,1816,CT,1,10,12.3
2026-06-09 14:05:46,14,1402,병동,13,9,3.9
2026-06-09 14:14:23,8,811,CT,1,7,7.1
2026-06-09 14:34:26,11,1102,병동,6,10,4.7
2026-06-09 14:36:29,17,1702,CT,1,9,10.0
2026-06-09 14:38:19,15,1530,수술실,3,5,6.6
2026-06-09 14:54:36,15,1532,병동,9,5,4.2
2026-06-09 14:54:56,13,1322,수술실,3,6,9.1
2026-06-09 14:57:04,18,1811,수술실,3,8,11.3
2026-06-09 15:26:32,11,1138,MRI,-3,8,11.7
2026-06-09 16:00:07,10,1039,MRI,-3,6,11.4
2026-06-09 16:18:35,18,1840,수술실,3,8,10.3
2026-06-09 16:39:58,16,1631,MRI,-3,7,10.2
2026-06-09 16:40:42,11,1107,MRI,-3,5,9.6
2026-06-09 16:57:07,12,1227,수술실,3,7,8.6
2026-06-09 17:04:47,11,1131,CT,1,4,7.5
2026-06-09 17:56:00,15,1521,CT,1,0,6.9
2026-06-09 18:00:03,14,1414,CT,1,1,9.0
2026-06-09 18:56:24,16,1636,MRI,-3,1,10.5
2026-06-09 19:12:55,5,514,병동,15,2,5.7
2026-06-09 19:27:33,13,1326,수술실,3,2,6.3
2026-06-09 20:03:59,16,1621,수술실,3,2,8.0
2026-06-09 21:33:14,5,529,CT,1,3,4.4
2026-06-09 21:33:14,13,1303,MRI,-3,1,10.1
2026-06-10 06:04:08,15,1537,CT,1,0,7.7
2026-06-10 06:09:28,8,801,수술실,3,3,5.8
2026-06-10 06:11:07,7,723,병동,5,0,3.1
2026-06-10 06:18:31,17,1733,CT,1,4,10.0
2026-06-10 06:39:33,7,740,수술실,3,2,4.5
2026-06-10 06:40:30,13,1331,MRI,-3,2,9.8
2026-06-10 07:07:56,13,1339,병동,8,1,3.4
2026-06-10 07:14:05,14,1419,MRI,-3,4,9.0
2026-06-10 07:25:40,10,1036,MRI,-3,1,10.2
2026-06-10 07:28:56,11,1136,CT,1,3,6.7
2026-06-10 07:36:51,7,711,MRI,-3,1,8.0
2026-06-10 08:00:07,17,1736,MRI,-3,11,13.8
2026-06-10 08:03:48,10,1016,MRI,-3,13,8.6
2026-06-10 08:05:17,6,632,CT,1,13,6.3
2026-06-10 08:07:32,7,715,MRI,-3,15,8.5
2026-06-10 08:15:34,17,1724,수술실,3,12,10.8
2026-06-10 08:28:08,10,1021,CT,1,14,7.7
2026-06-10 08:34:20,17,1727,수술실,3,9,9.1
2026-06-10 08:49:54,12,1206,CT,1,8,7.5
2026-06-10 08:51:23,18,1818,MRI,-3,11,14.8
2026-06-10 08:52:50,16,1625,MRI,-3,12,12.7
2026-06-10 08:53:20,5,501,CT,1,13,6.8
2026-06-10 08:54:27,9,920,병동,11,13,4.1
2026-06-10 08:56:09,12,1203,병동,11,14,5.1
2026-06-10 08:58:42,11,1110,MRI,-3,9,10.7
2026-06-10 08:59:13,13,1339,병동,5,14,6.5
2026-06-10 09:01:19,16,1604,수술실,3,9,8.9
2026-06-10 09:01:50,17,1707,수술실,3,10,7.8
2026-06-10 09:02:09,5,540,병동,11,14,6.7
2026-06-10 09:02:16,13,1307,병동,12,15,4.8
2026-06-10 09:07:57,10,1035,병동,16,12,6.1
2026-06-10 09:18:23,7,701,병동,12,8,5.5
2026-06-10 09:19:32,16,1620,병동,13,12,5.9
2026-06-10 09:30:53,8,804,MRI,-3,14,8.9
2026-06-10 09:31:02,10,1002,CT,1,8,5.8
2026-06-10 09:32:07,15,1530,수술실,3,10,9.5
2026-06-10 09:38:49,17,1707,수술실,3,10,8.2
2026-06-10 09:44:31,6,640,병동,7,10,2.8
2026-06-10 09:44:45,11,1101,CT,1,11,7.5
2026-06-10 09:48:48,15,1534,CT,1,11,11.4
2026-06-10 09:56:36,15,1520,병동,15,8,2.9
2026-06-10 09:57:14,7,708,MRI,-3,15,8.6
2026-06-10 09:58:06,16,1611,병동,5,15,8.3
2026-06-10 09:59:39,8,834,병동,18,12,7.4
2026-06-10 10:03:19,7,713,MRI,-3,10,8.5
2026-06-10 10:03:34,11,1113,병동,10,10,3.5
2026-06-10 10:04:59,6,633,병동,6,6,2.6
2026-06-10 10:15:04,12,1216,병동,18,6,6.1
2026-06-10 10:20:45,16,1602,병동,7,6,5.3
2026-06-10 10:32:08,5,528,수술실,3,11,6.4
2026-06-10 10:37:17,11,1125,병동,16,8,4.0
2026-06-10 10:40:50,11,1116,CT,1,11,7.5
2026-06-10 10:45:49,9,917,수술실,3,10,6.3
2026-06-10 10:52:14,12,1204,CT,1,10,7.2
2026-06-10 11:07:04,9,918,병동,12,10,3.4
2026-06-10 11:08:40,11,1136,수술실,3,12,7.6
2026-06-10 11:17:12,15,1530,수술실,3,9,10.4
2026-06-10 11:18:28,17,1739,병동,16,9,3.6
2026-06-10 11:21:04,15,1517,수술실,3,12,8.3
2026-06-10 11:30:23,8,835,병동,18,7,7.3
2026-06-10 11:42:14,11,1116,병동,6,6,5.4
2026-06-10 11:43:11,8,823,CT,1,9,5.5
2026-06-10 11:51:05,10,1015,병동,14,11,6.3
2026-06-10 11:58:31,8,823,병동,5,10,4.5
2026-06-10 12:09:39,16,1616,병동,12,4,3.6
2026-06-10 12:10:02,5,529,CT,1,3,3.7
2026-06-10 12:11:16,9,907,MRI,-3,7,10.4
2026-06-10 12:24:24,9,909,병동,13,7,4.7
2026-06-10 12:25:09,5,510,MRI,-3,6,7.0
2026-06-10 12:25:43,8,823,MRI,-3,6,8.2
2026-06-10 12:27:35,15,1533,MRI,-3,7,9.8
2026-06-10 12:36:35,18,1831,MRI,-3,7,10.7
2026-06-10 13:07:49,13,1323,CT,1,10,9.3
2026-06-10 13:20:35,9,918,병동,7,8,3.6
2026-06-10 13:20:44,18,1814,MRI,-3,9,12.5
2026-06-10 13:32:46,12,1228,CT,1,5,7.5
2026-06-10 13:37:43,8,802,CT,1,8,5.5
2026-06-10 13:39:52,8,824,CT,1,10,7.0
2026-06-10 13:48:42,7,718,수술실,3,9,6.4
2026-06-10 13:51:20,16,1635,병동,10,5,5.1
2026-06-10 13:58:37,11,1104,수술실,3,10,8.3
2026-06-10 14:03:52,8,815,MRI,-3,8,7.3
2026-06-10 14:09:41,11,1127,병동,5,10,4.6
2026-06-10 14:15:01,17,1718,CT,1,6,11.3
2026-06-10 14:21:33,9,940,병동,11,8,3.7
2026-06-10 14:23:39,14,1440,수술실,3,7,6.8
2026-06-10 14:28:16,7,708,수술실,3,6,4.8
2026-06-10 14:30:13,16,1620,CT,1,5,8.4
2026-06-10 14:43:05,14,1429,병동,9,7,5.4
2026-06-10 14:49:56,5,528,병동,16,5,5.8
2026-06-10 14:53:39,5,521,CT,1,7,4.8
2026-06-10 15:45:56,17,1702,수술실,3,4,8.1
2026-06-10 15:50:47,7,724,병동,7,7,3.0
2026-06-10 16:05:14,13,1332,CT,1,6,9.7
2026-06-10 16:13:25,12,1238,수술실,3,6,8.0
2026-06-10 16:20:11,15,1530,수술실,3,7,9.5
2026-06-10 16:33:46,13,1301,MRI,-3,4,7.9
2026-06-10 16:45:24,14,1421,수술실,3,4,6.3
2026-06-10 16:48:07,18,1823,CT,1,4,10.0
2026-06-10 16:51:35,11,1108,MRI,-3,6,8.9
2026-06-10 17:14:32,18,1821,병동,15,0,3.6
2026-06-10 17:57:09,10,1003,CT,1,2,5.6
2026-06-10 18:32:58,18,1840,병동,6,3,5.6
2026-06-10 18:57:40,10,1018,MRI,-3,3,8.2
2026-06-10 19:05:15,6,613,MRI,-3,4,5.7
2026-06-10 19:45:05,15,1534,MRI,-3,4,10.2
2026-06-10 19:55:20,9,901,CT,1,1,5.9
2026-06-10 19:57:53,8,805,수술실,3,0,5.8
2026-06-10 20:48:51,14,1405,MRI,-3,4,10.7
2026-06-10 21:15:44,18,1817,수술실,3,1,10.4
2026-06-10 21:28:26,17,1730,MRI,-3,2,12.1
2026-06-11 06:45:38,5,514,CT,1,0,4.8
2026-06-11 07:31:19,16,1615,CT,1,3,9.2
2026-06-11 07:37:06,5,518,MRI,-3,0,6.4
2026-06-11 07:44:01,17,1720,병동,8,3,5.9
2026-06-11 07:50:57,9,932,병동,11,4,3.0
2026-06-11 08:00:10,18,1813,병동,16,8,3.8
2026-06-11 08:04:33,11,1137,병동,16,9,4.3
2026-06-11 08:05:01,16,1602,MRI,-3,12,15.5
2026-06-11 08:08:57,14,1433,CT,1,14,8.7
2026-06-11 08:09:03,11,1105,CT,1,9,6.1
2026-06-11 08:09:58,11,1102,병동,7,10,4.5
2026-06-11 08:12:14,18,1810,MRI,-3,9,14.3
2026-06-11 08:14:35,9,902,수술실,3,8,7.2
2026-06-11 08:15:42,10,1032,수술실,3,14,6.8
2026-06-11 08:16:36,15,1505,CT,1,13,9.6
2026-06-11 08:21:56,5,504,병동,14,10,7.0
2026-06-11 08:31:43,12,1227,MRI,-3,14,13.3
2026-06-11 08:32:32,5,503,병동,16,9,7.8
2026-06-11 08:33:54,6,639,CT,1,12,7.2
2026-06-11 08:34:54,12,1202,병동,8,8,4.5
2026-06-11 08:36:46,14,1403,MRI,-3,14,12.6
2026-06-11 08:36:48,18,1802,MRI,-3,12,15.5
2026-06-11 08:37:59,6,640,병동,18,12,8.0
2026-06-11 08:42:50,6,638,병동,8,8,3.1
2026-06-11 08:44:50,10,1037,수술실,3,14,8.5
2026-06-11 08:47:19,9,933,CT,1,11,8.4
2026-06-11 08:57:31,12,1203,병동,8,10,5.3
2026-06-11 08:58:06,5,530,MRI,-3,15,10.0
2026-06-11 09:00:31,12,1204,병동,7,13,5.6
2026-06-11 09:04:04,13,1308,수술실,3,12,9.4
2026-06-11 09:05:03,12,1207,CT,1,10,6.8
2026-06-11 09:22:09,15,1504,MRI,-3,12,10.2
2026-06-11 09:24:06,13,1318,수술실,3,14,8.1
2026-06-11 09:27:39,8,840,CT,1,13,8.7
2026-06-11 09:28:59,5,530,수술실,3,12,4.9
2026-06-11 09:31:06,16,1617,병동,13,9,4.6
2026-06-11 09:36:11,6,640,병동,17,14,9.2
2026-06-11 09:44:02,15,1537,MRI,-3,12,13.6
2026-06-11 09:44:48,10,1030,수술실,3,15,8.0
2026-06-11 09:45:29,6,612,MRI,-3,13,7.3
2026-06-11 09:57:35,16,1628,MRI,-3,9,14.5
2026-06-11 09:59:22,17,1734,MRI,-3,13,14.4
2026-06-11 10:00:17,16,1615,수술실,3,8,9.4
2026-06-11 10:01:51,14,1401,병동,6,10,5.3
2026-06-11 10:10:40,14,1430,병동,11,12,4.9
2026-06-11 10:17:15,5,520,MRI,-3,11,7.3
2026-06-11 10:24:20,17,1737,병동,5,9,8.0
2026-06-11 10:30:41,7,740,수술실,3,12,5.8
2026-06-11 10:31:49,12,1226,MRI,-3,8,10.5
2026-06-11 10:37:39,16,1640,CT,1,6,8.0
2026-06-11 10:38:30,9,917,수술실,3,8,6.8
2026-06-11 10:43:31,8,823,수술실,3,6,4.9
2026-06-11 10:43:57,5,514,CT,1,9,4.4
2026-06-11 10:47:43,16,1629,병동,12,6,5.4
2026-06-11 10:53:08,6,636,병동,7,6,3.4
2026-06-11 10:56:01,16,1625,MRI,-3,8,9.8
2026-06-11 10:58:19,9,929,병동,9,6,2.5
2026-06-11 11:09:08,9,912,CT,1,8,7.6
2026-06-11 11:16:58,11,1102,병동,6,7,4.8
2026-06-11 11:25:15,11,1108,병동,10,12,4.6
2026-06-11 11:31:49,6,632,CT,1,6,4.8
2026-06-11 11:39:29,18,1804,수술실,3,12,12.0
2026-06-11 12:28:41,10,1022,병동,9,4,2.6
2026-06-11 12:52:02,18,1811,CT,1,4,7.7
2026-06-11 12:57:33,15,1517,MRI,-3,5,11.7
2026-06-11 13:07:43,18,1817,MRI,-3,9,11.8
2026-06-11 13:09:02,10,1017,병동,5,7,4.0
2026-06-11 13:12:31,10,1032,MRI,-3,8,7.8
2026-06-11 13:24:07,13,1337,병동,13,10,3.1
2026-06-11 13:30:32,15,1518,MRI,-3,5,8.6
2026-06-11 13:45:35,16,1620,병동,5,8,6.3
2026-06-11 13:53:12,17,1735,CT,1,8,8.5
2026-06-11 14:03:28,7,726,수술실,3,7,6.0
2026-06-11 14:17:51,11,1101,수술실,3,9,6.7
2026-06-11 14:21:46,12,1206,CT,1,6,9.4
2026-06-11 14:23:58,7,709,병동,10,7,3.8
2026-06-11 14:25:36,10,1025,병동,11,6,3.1
2026-06-11 14:41:44,11,1103,MRI,-3,7,9.8
2026-06-11 14:42:03,7,712,CT,1,6,5.8
2026-06-11 14:42:41,7,736,CT,1,9,7.0
2026-06-11 14:55:33,9,938,병동,7,9,3.9
2026-06-11 14:59:18,8,802,MRI,-3,10,8.5
2026-06-11 15:04:14,16,1629,수술실,3,4,8.4
2026-06-11 15:04:37,18,1827,MRI,-3,7,14.2
2026-06-11 15:09:47,7,712,MRI,-3,8,9.0
2026-06-11 15:10:56,5,536,병동,5,3,1.7
2026-06-11 15:11:00,7,701,병동,18,3,5.3
2026-06-11 15:21:21,14,1422,MRI,-3,8,10.3
2026-06-11 15:27:56,9,929,수술실,3,5,4.8
2026-06-11 15:41:32,7,725,수술실,3,8,4.9
2026-06-11 15:47:49,9,923,수술실,3,5,5.1
2026-06-11 15:55:18,8,821,MRI,-3,4,9.2
2026-06-11 16:03:28,5,510,수술실,3,3,4.3
2026-06-11 16:31:51,11,1133,CT,1,7,8.8
2026-06-11 16:41:03,6,637,병동,8,6,4.0
2026-06-11 16:41:04,12,1217,병동,17,5,4.7
2026-06-11 16:45:59,16,1608,병동,6,6,8.2
2026-06-11 17:50:30,18,1820,CT,1,3,10.5
2026-06-11 18:39:54,16,1614,수술실,3,1,7.0
2026-06-11 18:48:24,8,804,병동,18,2,5.7
2026-06-11 18:59:16,16,1624,병동,5,4,6.9
2026-06-11 19:16:59,11,1107,MRI,-3,3,7.4
2026-06-12 06:09:52,8,828,병동,5,4,2.9
2026-06-12 06:10:04,8,822,수술실,3,2,5.0
2026-06-12 06:32:53,5,515,수술실,3,2,3.4
2026-06-12 06:39:16,5,515,MRI,-3,4,7.4
2026-06-12 06:45:06,7,734,CT,1,2,4.1
2026-06-12 06:48:47,10,1027,MRI,-3,2,10.3
2026-06-12 07:00:34,12,1237,수술실,3,1,6.4
2026-06-12 07:02:25,13,1316,CT,1,0,6.9
2026-06-12 07:15:54,17,1716,CT,1,4,7.2
2026-06-12 07:19:12,10,1013,병동,10,4,1.6
2026-06-12 07:24:59,13,1302,병동,7,3,3.8
2026-06-12 07:50:21,6,604,수술실,3,0,3.7
2026-06-12 08:04:47,11,1109,수술실,3,11,8.1
2026-06-12 08:11:10,14,1413,CT,1,8,9.9
2026-06-12 08:12:05,18,1808,병동,13,12,6.9
2026-06-12 08:17:40,11,1116,CT,1,14,7.9
2026-06-12 08:18:58,11,1101,병동,7,10,4.8
2026-06-12 08:31:40,17,1717,병동,5,10,9.2
2026-06-12 08:37:36,11,1105,CT,1,10,8.7
2026-06-12 08:39:06,11,1101,수술실,3,13,8.2
2026-06-12 08:45:11,6,608,병동,13,10,4.8
2026-06-12 08:50:27,5,529,CT,1,13,6.7
2026-06-12 08:57:53,5,515,수술실,3,10,4.4
2026-06-12 09:07:09,14,1424,MRI,-3,11,12.0
2026-06-12 09:10:36,12,1238,MRI,-3,11,9.4
2026-06-12 09:19:56,13,1328,병동,13,9,3.0
2026-06-12 09:26:35,15,1520,CT,1,11,9.1
2026-06-12 09:27:04,10,1005,수술실,3,15,6.3
2026-06-12 09:28:30,15,1528,병동,15,8,3.4
2026-06-12 09:33:51,18,1823,CT,1,9,10.0
2026-06-12 09:33:51,7,738,병동,5,10,4.3
2026-06-12 09:33:58,5,503,병동,10,9,5.4
2026-06-12 09:37:18,12,1214,MRI,-3,14,10.5
2026-06-12 09:39:04,16,1630,MRI,-3,8,13.3
2026-06-12 09:39:07,7,720,CT,1,9,6.8
2026-06-12 09:47:02,9,915,병동,15,12,6.5
2026-06-12 09:48:09,13,1301,CT,1,9,6.7
2026-06-12 09:50:27,15,1540,수술실,3,8,10.3
2026-06-12 09:51:26,10,1032,병동,7,9,4.4
2026-06-12 09:51:44,10,1027,병동,14,11,6.2
2026-06-12 09:54:41,15,1521,CT,1,9,8.8
2026-06-12 10:03:54,15,1509,CT,1,12,8.2
2026-06-12 10:08:41,5,540,수술실,3,10,4.0
2026-06-12 10:17:03,15,1533,CT,1,10,9.4
2026-06-12 10:18:11,9,911,CT,1,10,8.0
2026-06-12 10:23:43,15,1540,수술실,3,8,7.2
2026-06-12 10:26:19,8,829,병동,14,7,5.3
2026-06-12 10:31:54,8,838,MRI,-3,8,7.2
2026-06-12 10:35:04,11,1131,MRI,-3,7,8.5
2026-06-12 10:35:11,6,622,병동,10,9,4.8
2026-06-12 10:40:04,18,1823,병동,7,7,6.4
2026-06-12 10:43:37,14,1401,CT,1,9,8.4
2026-06-12 10:50:58,9,921,CT,1,11,6.3
2026-06-12 10:58:44,14,1427,MRI,-3,6,12.7
2026-06-12 10:59:18,12,1236,CT,1,8,7.1
2026-06-12 11:01:05,6,633,수술실,3,8,5.7
2026-06-12 11:04:46,7,738,CT,1,10,6.1
2026-06-12 11:09:53,13,1336,CT,1,10,7.0
2026-06-12 11:11:13,12,1230,CT,1,11,7.6
2026-06-12 11:12:35,10,1025,병동,10,7,3.2
2026-06-12 11:18:26,6,626,수술실,3,6,4.8
2026-06-12 11:19:04,16,1632,MRI,-3,7,14.0
2026-06-12 11:20:02,15,1539,MRI,-3,8,9.8
2026-06-12 11:21:49,13,1334,CT,1,6,7.6
2026-06-12 11:26:20,11,1112,MRI,-3,11,9.8
2026-06-12 11:29:50,9,930,MRI,-3,10,10.1
2026-06-12 11:41:52,11,1104,수술실,3,11,9.1
2026-06-12 11:42:47,8,822,CT,1,8,5.6
2026-06-12 11:55:40,5,524,MRI,-3,7,8.9
2026-06-12 11:56:10,14,1437,CT,1,12,11.5
2026-06-12 12:03:35,7,701,CT,1,4,4.2
2026-06-12 12:06:08,11,1120,CT,1,7,8.1
2026-06-12 12:11:55,5,511,CT,1,3,4.4
2026-06-12 12:17:44,15,1517,수술실,3,7,8.4
2026-06-12 12:19:55,6,604,MRI,-3,3,6.4
2026-06-12 12:21:47,5,525,MRI,-3,5,6.9
2026-06-12 12:23:24,17,1713,CT,1,7,9.1
2026-06-12 12:28:53,13,1329,수술실,3,6,9.2
2026-06-12 12:30:31,8,807,MRI,-3,4,7.4
2026-06-12 12:32:37,6,611,수술실,3,7,4.5
2026-06-12 12:43:31,11,1109,병동,13,4,2.7
2026-06-12 12:45:07,12,1226,수술실,3,3,7.3
2026-06-12 13:06:13,5,513,수술실,3,9,4.5
2026-06-12 13:15:13,17,1716,MRI,-3,7,14.7
2026-06-12 13:19:15,12,1239,병동,15,5,3.4
2026-06-12 13:27:06,9,930,MRI,-3,6,10.7
2026-06-12 13:30:09,9,930,MRI,-3,8,8.8
2026-06-12 13:30:56,6,614,병동,15,10,7.9
2026-06-12 13:39:34,17,1701,수술실,3,8,10.8
2026-06-12 13:45:31,5,521,병동,18,10,8.2
2026-06-12 13:46:15,10,1011,MRI,-3,9,9.1
2026-06-12 13:47:44,6,603,MRI,-3,6,9.2
2026-06-12 13:49:09,18,1808,수술실,3,9,9.3
2026-06-12 14:09:04,16,1614,수술실,3,9,9.9
2026-06-12 14:25:05,5,506,CT,1,5,3.7
2026-06-12 14:28:58,15,1537,CT,1,7,7.6
2026-06-12 14:30:30,11,1102,수술실,3,5,6.9
2026-06-12 14:37:07,17,1707,CT,1,8,8.6
2026-06-12 14:39:58,7,705,병동,13,6,6.5
2026-06-12 14:46:33,7,734,수술실,3,6,5.5
2026-06-12 14:49:56,13,1331,CT,1,5,7.9
2026-06-12 15:17:33,11,1109,CT,1,4,6.3
2026-06-12 15:23:38,8,810,병동,14,6,4.7
2026-06-12 15:36:05,15,1502,수술실,3,8,9.2
2026-06-12 15:38:02,11,1132,CT,1,8,6.7
2026-06-12 15:42:12,12,1210,병동,9,5,2.8
2026-06-12 15:56:13,16,1607,병동,14,8,3.2
2026-06-12 16:03:28,11,1129,CT,1,3,5.6
2026-06-12 16:22:51,9,905,CT,1,4,6.7
2026-06-12 16:34:25,16,1605,CT,1,7,8.7
2026-06-12 16:45:50,10,1039,수술실,3,7,6.5
2026-06-12 16:45:51,17,1705,CT,1,6,10.4
2026-06-12 16:46:07,14,1420,CT,1,6,9.2
2026-06-12 16:50:30,13,1327,병동,18,4,4.4
2026-06-12 16:52:08,9,939,MRI,-3,8,8.5
2026-06-12 17:09:55,8,819,MRI,-3,4,6.8
2026-06-12 17:19:15,10,1025,MRI,-3,4,9.9
2026-06-12 18:24:35,14,1407,MRI,-3,2,11.4
2026-06-12 18:36:39,5,517,병동,6,3,2.7
2026-06-12 19:18:41,18,1822,MRI,-3,1,10.9
2026-06-12 19:23:06,6,610,수술실,3,2,4.7
2026-06-12 19:32:34,11,1130,CT,1,1,7.7
2026-06-12 20:02:00,17,1720,병동,17,1,2.2
2026-06-12 20:11:21,6,605,병동,15,4,6.6
2026-06-12 20:34:57,8,804,병동,13,0,3.5
2026-06-12 21:49:59,5,510,MRI,-3,3,5.9
2026-06-12 21:57:07,14,1418,CT,1,1,9.1
2026-06-13 06:12:53,9,938,병동,7,4,2.6
2026-06-13 06:14:35,8,806,CT,1,2,6.0
2026-06-13 06:23:06,9,925,CT,1,2,6.5
2026-06-13 06:44:58,13,1310,병동,17,2,4.3
2026-06-13 06:56:24,17,1706,수술실,3,3,7.3
2026-06-13 07:02:30,6,604,CT,1,4,5.3
2026-06-13 07:16:26,18,1831,MRI,-3,3,10.0
2026-06-13 07:17:33,6,621,수술실,3,1,3.6
2026-06-13 07:18:18,11,1120,CT,1,3,5.7
2026-06-13 07:44:30,6,606,병동,14,1,4.4
2026-06-13 07:44:38,18,1807,CT,1,3,9.5
2026-06-13 07:46:57,8,838,수술실,3,2,4.4
2026-06-13 07:54:36,15,1505,MRI,-3,3,11.3
2026-06-13 08:03:25,5,536,병동,13,14,6.9
2026-06-13 08:09:48,11,1135,CT,1,15,8.9
2026-06-13 08:10:49,11,1105,CT,1,14,8.0
2026-06-13 08:15:11,13,1302,CT,1,8,9.4
2026-06-13 08:15:35,13,1339,병동,8,8,5.5
2026-06-13 08:15:50,7,723,병동,10,8,4.8
2026-06-13 08:15:53,11,1122,CT,1,8,8.5
2026-06-13 08:30:49,9,927,MRI,-3,15,9.8
2026-06-13 08:36:01,11,1133,수술실,3,11,7.8
2026-06-13 08:36:50,14,1423,MRI,-3,8,10.2
2026-06-13 08:39:32,14,1422,수술실,3,8,8.2
2026-06-13 08:41:05,17,1712,MRI,-3,10,10.8
2026-06-13 08:48:41,9,915,CT,1,9,7.7
2026-06-13 08:50:34,18,1803,CT,1,8,9.3
2026-06-13 09:03:45,8,830,CT,1,10,5.9
2026-06-13 09:11:50,16,1605,수술실,3,11,8.9
2026-06-13 09:15:20,18,1804,CT,1,8,10.9
2026-06-13 09:16:06,8,829,수술실,3,8,5.1
2026-06-13 09:16:47,17,1713,CT,1,13,9.9
2026-06-13 09:25:01,14,1402,CT,1,11,10.9
2026-06-13 09:28:38,13,1308,MRI,-3,15,13.3
2026-06-13 09:39:02,16,1631,CT,1,11,12.4
2026-06-13 09:40:02,10,1026,수술실,3,10,7.0
2026-06-13 09:42:37,6,613,병동,15,9,5.6
2026-06-13 09:47:04,14,1421,수술실,3,8,9.0
2026-06-13 09:49:11,11,1123,수술실,3,12,9.0
2026-06-13 09:52:09,5,534,수술실,3,8,5.2
2026-06-13 09:57:52,8,831,수술실,3,8,5.4
2026-06-13 09:58:28,13,1307,수술실,3,15,7.3
2026-06-13 10:05:08,12,1205,병동,14,10,3.9
2026-06-13 10:06:57,14,1424,병동,14,9,3.0
2026-06-13 10:16:03,7,703,CT,1,7,6.9
2026-06-13 10:31:03,16,1603,병동,11,7,5.6
2026-06-13 10:31:14,6,628,병동,13,12,6.5
2026-06-13 10:33:44,15,1509,병동,9,6,4.5
2026-06-13 10:34:07,17,1728,CT,1,9,8.4
2026-06-13 10:41:59,14,1409,CT,1,11,10.3
2026-06-13 10:42:53,13,1318,MRI,-3,12,13.3
2026-06-13 10:43:21,8,829,병동,8,8,3.6
2026-06-13 10:52:45,14,1403,CT,1,6,9.7
2026-06-13 10:53:02,8,834,CT,1,7,6.4
2026-06-13 11:00:45,11,1133,CT,1,7,6.5
2026-06-13 11:02:53,18,1805,CT,1,11,9.4
2026-06-13 11:03:14,11,1124,CT,1,12,9.4
2026-06-13 11:09:34,18,1838,수술실,3,7,8.4
2026-06-13 11:10:15,7,726,병동,11,6,5.4
2026-06-13 11:26:22,14,1408,CT,1,8,9.2
2026-06-13 11:28:58,16,1637,CT,1,8,8.4
2026-06-13 11:33:28,10,1015,수술실,3,10,5.5
2026-06-13 11:39:11,6,616,병동,12,10,4.7
2026-06-13 11:40:06,7,726,수술실,3,12,6.0
2026-06-13 11:43:15,6,636,MRI,-3,11,8.1
2026-06-13 11:54:56,8,833,수술실,3,8,5.8
2026-06-13 12:02:42,13,1310,병동,8,5,4.7
2026-06-13 12:38:10,17,1709,MRI,-3,4,13.3
2026-06-13 12:45:25,10,1034,CT,1,4,6.0
2026-06-13 12:48:07,5,508,수술실,3,5,3.4
2026-06-13 12:49:04,12,1207,병동,5,4,5.1
2026-06-13 12:57:47,11,1122,병동,12,4,2.6
2026-06-13 12:59:15,17,1708,수술실,3,4,7.7
2026-06-13 13:01:37,10,1028,병동,9,10,3.0
2026-06-13 13:05:29,12,1223,수술실,3,8,6.1
2026-06-13 13:30:40,15,1527,CT,1,7,8.0
2026-06-13 13:31:33,18,1830,수술실,3,6,9.4
2026-06-13 13:34:35,6,608,병동,8,6,4.3
2026-06-13 13:38:43,11,1122,CT,1,7,8.4
2026-06-13 13:58:04,11,1102,CT,1,8,6.8
2026-06-13 13:59:05,14,1402,MRI,-3,10,10.8
2026-06-13 14:00:19,11,1101,수술실,3,6,5.8
2026-06-13 14:17:24,7,709,수술실,3,7,4.8
2026-06-13 14:19:37,12,1202,병동,12,10,3.2
2026-06-13 14:27:38,17,1711,CT,1,10,10.1
2026-06-13 14:30:28,5,518,수술실,3,10,4.5
2026-06-13 14:39:10,13,1302,수술실,3,5,8.0
2026-06-13 14:40:58,11,1127,CT,1,6,8.9
2026-06-13 14:44:08,5,540,MRI,-3,8,7.0
2026-06-13 14:53:36,18,1840,병동,6,7,7.2
2026-06-13 14:54:22,15,1509,수술실,3,5,8.8
2026-06-13 15:05:46,17,1708,수술실,3,8,8.4
2026-06-13 15:13:52,18,1833,MRI,-3,3,12.9
2026-06-13 15:40:12,17,1723,수술실,3,7,9.1
2026-06-13 15:40:55,9,922,MRI,-3,5,8.4
2026-06-13 15:51:55,16,1622,수술실,3,6,10.2
2026-06-13 15:54:39,15,1503,수술실,3,7,8.1
2026-06-13 16:10:23,5,523,병동,14,3,4.5
2026-06-13 16:18:32,14,1426,CT,1,8,7.2
2026-06-13 16:34:37,16,1613,수술실,3,8,9.0
2026-06-13 18:47:14,11,1115,수술실,3,4,5.7
2026-06-13 21:18:43,17,1738,수술실,3,0,9.3
2026-06-14 06:07:47,8,824,병동,15,4,5.3
2026-06-14 06:25:03,15,1515,CT,1,3,7.2
2026-06-14 06:25:28,10,1027,CT,1,3,6.5
2026-06-14 07:42:42,18,1802,병동,8,1,5.0
2026-06-14 07:44:22,18,1814,MRI,-3,4,13.1
2026-06-14 08:00:12,7,710,MRI,-3,9,8.7
2026-06-14 08:06:36,14,1433,CT,1,8,9.5
2026-06-14 08:12:15,15,1508,CT,1,10,9.7
2026-06-14 08:12:57,11,1131,병동,7,11,6.4
2026-06-14 08:14:43,14,1437,수술실,3,11,9.3
2026-06-14 08:19:28,14,1432,병동,13,10,3.3
2026-06-14 08:24:15,16,1611,수술실,3,15,8.6
2026-06-14 08:28:50,15,1530,CT,1,14,11.8
2026-06-14 08:32:03,12,1223,수술실,3,10,8.0
2026-06-14 08:42:57,16,1632,CT,1,11,10.0
2026-06-14 08:44:44,16,1620,병동,15,13,4.9
2026-06-14 08:47:16,17,1701,수술실,3,11,10.8
2026-06-14 08:49:34,6,633,병동,16,9,8.2
2026-06-14 08:56:00,5,530,수술실,3,11,5.1
2026-06-14 08:56:46,16,1602,병동,9,9,4.7
2026-06-14 08:59:15,13,1327,병동,17,10,5.1
2026-06-14 08:59:24,11,1105,병동,16,12,5.0
2026-06-14 09:01:09,6,626,병동,6,10,3.2
2026-06-14 09:06:21,5,508,MRI,-3,13,8.8
2026-06-14 09:23:03,13,1307,CT,1,10,7.0
2026-06-14 09:27:17,6,608,병동,7,12,4.0
2026-06-14 09:36:49,8,809,수술실,3,11,6.3
2026-06-14 09:37:26,6,640,병동,10,8,4.7
2026-06-14 09:37:31,8,808,MRI,-3,11,8.2
2026-06-14 09:41:03,9,907,CT,1,13,8.4
2026-06-14 09:42:45,5,538,수술실,3,9,4.3
2026-06-14 09:44:08,7,702,수술실,3,10,5.4
2026-06-14 09:44:11,6,612,MRI,-3,13,10.6
2026-06-14 09:45:37,9,931,병동,10,10,3.6
2026-06-14 09:47:30,7,705,수술실,3,15,7.9
2026-06-14 09:49:50,15,1537,MRI,-3,8,11.1
2026-06-14 10:05:57,6,623,수술실,3,7,5.5
2026-06-14 10:07:34,11,1125,수술실,3,10,7.0
2026-06-14 10:12:44,13,1329,CT,1,9,8.3
2026-06-14 10:15:45,16,1635,MRI,-3,11,12.6
2026-06-14 10:22:53,10,1007,수술실,3,8,7.7
2026-06-14 10:26:35,18,1828,수술실,3,8,11.8
2026-06-14 10:29:00,5,529,MRI,-3,8,8.3
2026-06-14 10:41:22,14,1405,MRI,-3,6,10.0
2026-06-14 10:57:23,12,1211,수술실,3,8,6.5
2026-06-14 11:05:59,5,529,병동,15,10,8.4
2026-06-14 11:13:26,12,1225,CT,1,8,7.3
2026-06-14 11:21:31,7,733,CT,1,6,5.1
2026-06-14 11:23:52,5,525,병동,14,11,6.4
2026-06-14 11:28:50,8,803,수술실,3,8,5.5
2026-06-14 11:30:06,7,705,CT,1,7,4.9
2026-06-14 11:31:52,5,524,CT,1,6,5.4
2026-06-14 11:35:21,16,1631,MRI,-3,11,13.2
2026-06-14 11:38:28,12,1204,MRI,-3,12,11.3
2026-06-14 11:41:00,12,1214,CT,1,12,10.2
2026-06-14 11:44:12,11,1119,MRI,-3,12,11.5
2026-06-14 11:47:24,8,821,CT,1,7,6.5
2026-06-14 11:49:33,10,1017,CT,1,10,7.8
2026-06-14 11:55:37,9,920,CT,1,12,9.1
2026-06-14 12:05:40,14,1416,수술실,3,6,9.4
2026-06-14 12:30:13,9,928,병동,16,6,5.7
2026-06-14 12:36:14,18,1811,병동,14,7,4.6
2026-06-14 12:38:14,12,1237,병동,17,3,4.5
2026-06-14 12:56:08,18,1810,MRI,-3,4,11.8
2026-06-14 12:57:21,13,1324,수술실,3,4,7.6
2026-06-14 12:59:43,15,1525,CT,1,3,8.7
2026-06-14 13:04:52,13,1339,수술실,3,10,9.5
2026-06-14 13:06:40,16,1632,병동,15,7,4.0
2026-06-14 13:19:40,13,1332,수술실,3,7,6.5
2026-06-14 13:21:21,11,1126,CT,1,7,6.6
2026-06-14 13:26:38,18,1837,CT,1,8,10.5
2026-06-14 13:31:32,17,1740,병동,11,10,6.4
2026-06-14 13:32:05,8,827,MRI,-3,10,8.4
2026-06-14 13:35:25,18,1805,수술실,3,5,9.6
2026-06-14 14:18:26,12,1224,수술실,3,6,6.4
2026-06-14 14:52:37,8,811,병동,13,8,5.9
2026-06-14 15:08:19,6,628,수술실,3,6,4.5
2026-06-14 15:17:11,11,1129,병동,9,8,3.5
2026-06-14 15:43:03,9,930,CT,1,5,5.3
2026-06-14 15:43:23,18,1830,CT,1,3,7.9
2026-06-14 15:45:45,6,619,병동,14,7,7.3
2026-06-14 15:52:50,15,1511,수술실,3,6,8.4
2026-06-14 15:52:54,17,1701,병동,6,7,6.9
2026-06-14 16:08:37,12,1209,MRI,-3,4,8.2
2026-06-14 16:15:25,8,823,MRI,-3,6,8.0
2026-06-14 16:19:46,7,730,MRI,-3,3,8.5
2026-06-14 16:24:33,15,1508,병동,11,4,3.3
2026-06-14 17:53:37,14,1418,병동,16,3,2.9
2026-06-14 18:04:27,8,834,수술실,3,0,4.7
2026-06-14 18:20:36,13,1319,병동,10,2,3.5
2026-06-14 19:02:33,11,1135,MRI,-3,4,8.4
2026-06-14 19:19:16,14,1423,CT,1,4,9.1
2026-06-14 19:32:33,15,1505,병동,6,3,5.2
2026-06-14 19:44:03,15,1502,CT,1,3,8.1
2026-06-14 20:04:00,10,1032,수술실,3,2,6.4
2026-06-14 21:46:14,10,1023,수술실,3,0,6.3
2026-06-15 06:08:29,15,1527,MRI,-3,4,11.3
2026-06-15 06:08:52,14,1402,CT,1,3,8.8
2026-06-15 06:18:47,13,1337,수술실,3,3,7.1
2026-06-15 06:31:40,6,603,병동,18,4,5.5
2026-06-15 06:36:48,17,1701,병동,16,3,2.4
2026-06-15 06:56:11,15,1519,수술실,3,0,7.5
2026-06-15 07:00:21,11,1102,MRI,-3,4,9.2
2026-06-15 07:17:33,17,1702,수술실,3,4,7.5
2026-06-15 07:37:37,13,1332,MRI,-3,1,10.8
2026-06-15 07:47:21,12,1239,수술실,3,2,7.8
2026-06-15 07:48:20,7,714,수술실,3,0,4.1
2026-06-15 07:49:06,8,826,수술실,3,0,4.5
2026-06-15 08:00:27,10,1037,수술실,3,10,7.0
2026-06-15 08:00:58,16,1603,수술실,3,11,10.7
2026-06-15 08:01:42,7,722,병동,12,11,6.6
2026-06-15 08:04:22,15,1528,MRI,-3,13,13.9
2026-06-15 08:08:48,5,528,수술실,3,15,5.0
2026-06-15 08:11:02,15,1501,병동,6,10,5.5
2026-06-15 08:18:34,16,1634,CT,1,8,8.2
2026-06-15 08:21:00,11,1124,병동,14,9,4.7
2026-06-15 08:22:30,16,1628,MRI,-3,11,11.6
2026-06-15 08:29:54,13,1325,CT,1,8,7.0
2026-06-15 08:35:23,17,1713,MRI,-3,8,13.4
2026-06-15 08:45:40,10,1023,병동,10,13,4.3
2026-06-15 08:47:26,8,807,CT,1,9,5.8
2026-06-15 08:47:49,5,535,MRI,-3,11,8.5
2026-06-15 08:48:26,5,529,CT,1,15,6.8
2026-06-15 08:49:00,10,1010,병동,11,12,4.9
2026-06-15 08:50:03,17,1725,MRI,-3,12,13.9
2026-06-15 08:51:08,10,1036,수술실,3,11,6.3
2026-06-15 09:08:34,17,1718,수술실,3,13,9.4
2026-06-15 09:12:22,12,1240,병동,13,13,4.0
2026-06-15 09:14:48,7,735,CT,1,11,6.4
2026-06-15 09:15:06,11,1139,MRI,-3,11,11.4
2026-06-15 09:16:12,17,1737,CT,1,11,10.8
2026-06-15 09:17:06,10,1030,MRI,-3,15,11.4
2026-06-15 09:24:06,12,1239,수술실,3,10,7.0
2026-06-15 09:25:03,5,503,수술실,3,12,6.0
2026-06-15 09:31:15,8,838,CT,1,11,7.6
2026-06-15 09:34:21,6,604,CT,1,9,4.9
2026-06-15 09:39:30,12,1240,MRI,-3,12,9.8
2026-06-15 09:39:36,5,538,MRI,-3,10,6.8
2026-06-15 09:43:49,13,1312,수술실,3,11,9.9
2026-06-15 09:48:32,14,1424,CT,1,15,8.0
2026-06-15 10:16:01,6,624,병동,16,9,7.1
2026-06-15 10:17:14,13,1312,MRI,-3,6,10.5
2026-06-15 10:20:10,9,912,MRI,-3,8,11.0
2026-06-15 10:45:41,7,721,MRI,-3,7,8.7
2026-06-15 10:52:18,17,1718,CT,1,11,12.1
2026-06-15 10:58:45,13,1331,수술실,3,10,7.7
2026-06-15 11:03:07,5,508,수술실,3,7,4.2
2026-06-15 11:09:58,9,924,CT,1,10,7.5
2026-06-15 11:10:25,10,1028,병동,5,10,4.1
2026-06-15 11:10:38,16,1602,CT,1,8,11.3
2026-06-15 11:23:09,9,913,CT,1,9,6.3
2026-06-15 11:25:04,7,734,병동,17,7,6.8
2026-06-15 11:26:11,14,1439,MRI,-3,6,11.1
2026-06-15 11:30:12,6,627,병동,10,9,4.5
2026-06-15 11:35:39,5,532,수술실,3,7,4.1
2026-06-15 11:42:37,11,1132,병동,8,8,4.5
2026-06-15 11:51:40,17,1730,병동,16,12,4.3
2026-06-15 11:57:33,11,1118,MRI,-3,8,10.2
2026-06-15 11:59:51,11,1110,MRI,-3,7,9.6
2026-06-15 12:02:28,8,809,CT,1,5,5.3
2026-06-15 12:21:27,11,1111,병동,16,7,5.0
2026-06-15 12:36:54,14,1422,MRI,-3,5,10.3
2026-06-15 12:38:29,14,1426,병동,12,7,4.1
2026-06-15 12:44:10,14,1418,MRI,-3,5,12.3
2026-06-15 12:53:49,6,601,수술실,3,6,4.7
2026-06-15 13:00:38,7,711,MRI,-3,6,9.5
2026-06-15 13:09:44,5,539,병동,9,8,4.3
2026-06-15 13:22:32,18,1804,병동,14,10,5.0
2026-06-15 13:37:22,13,1301,수술실,3,7,6.5
2026-06-15 13:56:06,6,620,병동,9,8,3.7
2026-06-15 14:04:32,15,1527,병동,18,10,4.4
2026-06-15 14:08:27,8,801,수술실,3,7,6.5
2026-06-15 14:13:28,11,1102,병동,7,5,3.4
2026-06-15 14:13:33,12,1228,MRI,-3,6,11.9
2026-06-15 14:14:15,16,1613,CT,1,8,10.6
2026-06-15 14:25:53,8,826,MRI,-3,10,9.4
2026-06-15 14:30:28,11,1108,병동,10,10,3.1
2026-06-15 14:51:14,10,1038,병동,14,5,3.6
2026-06-15 15:14:28,13,1303,병동,9,7,5.2
2026-06-15 15:53:04,9,935,CT,1,6,7.9
2026-06-15 15:55:30,17,1728,CT,1,4,9.3
2026-06-15 16:11:54,6,607,수술실,3,4,4.5
2026-06-15 16:13:00,8,835,병동,13,5,3.8
2026-06-15 16:16:19,6,628,수술실,3,8,5.9
2026-06-15 16:38:29,11,1104,MRI,-3,5,8.5
2026-06-15 16:52:35,7,738,MRI,-3,5,6.5
2026-06-15 17:01:31,7,705,MRI,-3,4,6.4
2026-06-15 18:18:42,7,727,CT,1,4,5.0
2026-06-15 18:22:16,18,1820,수술실,3,4,8.8
2026-06-15 18:48:29,14,1407,병동,17,1,3.8
2026-06-15 19:24:07,17,1715,MRI,-3,4,12.6
2026-06-15 19:27:38,17,1709,수술실,3,0,8.8
2026-06-15 20:01:31,18,1801,병동,7,3,6.2
2026-06-15 20:34:43,16,1631,수술실,3,1,9.8
2026-06-15 20:56:30,14,1440,MRI,-3,0,9.1
2026-06-15 21:56:06,18,1811,MRI,-3,3,12.5
2026-06-16 06:21:10,11,1108,수술실,3,0,6.5
2026-06-16 07:03:32,10,1021,수술실,3,4,6.3
2026-06-16 07:41:29,17,1708,CT,1,0,7.6
2026-06-16 07:47:46,14,1403,MRI,-3,0,11.2
2026-06-16 07:55:36,17,1728,수술실,3,2,9.8
2026-06-16 08:08:32,11,1116,병동,16,15,6.1
2026-06-16 08:09:15,9,921,MRI,-3,13,11.4
2026-06-16 08:11:45,17,1724,수술실,3,15,12.3
2026-06-16 08:13:15,16,1639,CT,1,12,8.4
2026-06-16 08:16:02,16,1635,병동,15,8,4.0
2026-06-16 08:18:43,8,817,병동,17,15,7.7
2026-06-16 08:21:12,14,1437,수술실,3,8,9.6
2026-06-16 08:24:40,10,1019,MRI,-3,12,10.4
2026-06-16 08:27:58,13,1313,MRI,-3,13,12.7
2026-06-16 08:33:30,8,804,수술실,3,9,5.0
2026-06-16 08:34:05,5,530,MRI,-3,9,6.8
2026-06-16 08:34:24,6,632,CT,1,8,6.4
2026-06-16 08:39:46,17,1715,CT,1,14,11.6
2026-06-16 08:51:52,8,805,수술실,3,10,6.4
2026-06-16 08:52:32,14,1421,병동,5,13,8.2
2026-06-16 08:54:46,16,1629,수술실,3,14,10.2
2026-06-16 09:02:40,10,1022,CT,1,13,6.6
2026-06-16 09:03:40,7,728,MRI,-3,11,9.6
2026-06-16 09:06:31,16,1610,병동,14,8,4.5
2026-06-16 09:06:58,17,1715,병동,5,13,8.9
2026-06-16 09:19:18,15,1540,병동,7,11,6.2
2026-06-16 09:22:29,7,704,CT,1,15,7.7
2026-06-16 09:25:43,14,1417,CT,1,15,11.4
2026-06-16 09:27:55,11,1123,병동,7,12,6.5
2026-06-16 09:31:59,17,1739,수술실,3,15,11.6
2026-06-16 09:35:29,12,1207,CT,1,9,7.8
2026-06-16 09:36:11,10,1006,병동,8,15,4.8
2026-06-16 09:36:32,9,926,병동,5,10,4.4
2026-06-16 09:44:00,10,1003,MRI,-3,14,10.7
2026-06-16 09:50:43,14,1427,CT,1,13,10.3
2026-06-16 09:58:35,6,616,MRI,-3,13,9.2
2026-06-16 10:03:42,16,1631,MRI,-3,6,13.2
2026-06-16 10:09:25,7,701,CT,1,11,6.0
2026-06-16 10:12:31,6,612,MRI,-3,9,7.9
2026-06-16 10:13:27,9,931,CT,1,7,5.9
2026-06-16 10:15:46,9,915,수술실,3,9,6.1
2026-06-16 10:17:14,16,1640,병동,15,9,3.0
2026-06-16 10:22:28,7,721,CT,1,6,5.8
2026-06-16 10:29:36,12,1233,병동,8,10,5.4
2026-06-16 10:39:14,9,913,CT,1,9,6.1
2026-06-16 10:47:47,18,1832,CT,1,11,12.8
2026-06-16 10:52:31,18,1805,CT,1,6,10.8
2026-06-16 11:17:41,8,838,병동,14,8,6.3
2026-06-16 11:21:42,16,1625,MRI,-3,10,11.5
2026-06-16 11:21:45,12,1217,수술실,3,6,7.5
2026-06-16 11:28:24,5,524,CT,1,11,5.5
2026-06-16 11:38:15,12,1203,병동,17,8,5.1
2026-06-16 11:38:55,7,706,병동,15,6,6.4
2026-06-16 11:39:08,14,1440,CT,1,8,7.5
2026-06-16 11:40:27,13,1329,수술실,3,10,8.5
2026-06-16 11:46:32,9,936,병동,8,6,3.1
2026-06-16 11:48:00,16,1623,CT,1,9,8.6
2026-06-16 11:58:52,13,1321,CT,1,12,9.7
2026-06-16 12:17:21,6,636,수술실,3,3,3.4
2026-06-16 12:19:11,11,1137,MRI,-3,5,10.8
2026-06-16 12:20:12,6,606,MRI,-3,4,7.3
2026-06-16 12:24:25,11,1107,MRI,-3,6,11.1
2026-06-16 12:24:59,12,1238,수술실,3,6,8.5
2026-06-16 12:29:35,9,924,CT,1,7,7.3
2026-06-16 12:37:58,12,1237,CT,1,3,6.3
2026-06-16 12:41:51,9,915,수술실,3,3,6.2
2026-06-16 12:43:29,11,1137,MRI,-3,3,8.4
2026-06-16 12:54:04,15,1539,병동,10,4,4.1
2026-06-16 12:57:04,8,833,수술실,3,3,4.4
2026-06-16 13:05:10,17,1733,수술실,3,8,10.3
2026-06-16 13:31:42,10,1021,병동,15,5,4.0
2026-06-16 13:35:30,5,504,수술실,3,8,4.2
2026-06-16 13:37:19,18,1830,MRI,-3,9,13.7
2026-06-16 13:39:10,7,739,병동,5,10,3.8
2026-06-16 13:47:39,12,1212,CT,1,6,7.3
2026-06-16 13:48:53,14,1419,CT,1,9,8.0
2026-06-16 13:48:55,18,1812,병동,17,8,2.7
2026-06-16 13:49:34,16,1619,수술실,3,7,10.9
2026-06-16 13:57:01,18,1820,MRI,-3,7,13.9
2026-06-16 13:58:53,16,1619,CT,1,6,8.2
2026-06-16 13:59:35,15,1501,병동,8,8,4.7
2026-06-16 14:07:50,12,1224,CT,1,5,6.6
2026-06-16 14:10:42,17,1734,병동,16,7,3.6
2026-06-16 14:13:53,8,832,수술실,3,5,5.2
2026-06-16 14:15:50,13,1333,병동,12,6,3.5
2026-06-16 14:16:14,6,617,수술실,3,8,4.2
2026-06-16 14:16:27,5,539,MRI,-3,9,7.3
2026-06-16 14:19:30,9,909,MRI,-3,6,10.7
2026-06-16 14:29:06,7,734,CT,1,9,5.6
2026-06-16 14:30:34,5,540,MRI,-3,7,6.7
2026-06-16 14:41:12,10,1002,병동,13,10,3.5
2026-06-16 14:45:40,16,1603,병동,5,5,6.7
2026-06-16 14:48:04,5,508,CT,1,9,5.1
2026-06-16 14:48:46,9,935,CT,1,9,6.9
2026-06-16 14:56:19,6,619,CT,1,5,4.5
2026-06-16 15:08:11,16,1626,MRI,-3,6,12.5
2026-06-16 15:44:03,15,1518,CT,1,7,10.2
2026-06-16 15:50:53,15,1535,MRI,-3,7,12.7
2026-06-16 15:55:01,17,1739,수술실,3,4,10.0
2026-06-16 16:10:19,12,1217,MRI,-3,3,10.3
2026-06-16 16:36:00,11,1116,MRI,-3,3,9.3
2026-06-16 16:38:37,9,937,CT,1,6,7.5
2026-06-16 16:46:58,14,1423,CT,1,6,7.1
2026-06-16 17:33:50,14,1417,CT,1,0,6.6
2026-06-16 17:57:01,8,815,수술실,3,4,5.7
2026-06-16 20:15:47,8,827,수술실,3,3,5.9
2026-06-16 21:12:08,13,1337,병동,6,3,5.2
2026-06-16 21:14:23,7,706,CT,1,0,4.4
2026-06-17 06:05:55,5,507,MRI,-3,1,6.0
2026-06-17 06:06:43,11,1121,MRI,-3,2,10.5
2026-06-17 06:34:05,18,1810,MRI,-3,1,12.1
2026-06-17 06:42:34,15,1534,CT,1,1,8.6
2026-06-17 06:54:23,8,812,병동,5,3,3.0
2026-06-17 06:59:43,18,1835,병동,12,3,3.6
2026-06-17 07:07:31,17,1705,수술실,3,3,8.2
2026-06-17 07:09:21,6,616,MRI,-3,3,7.0
2026-06-17 07:23:10,5,508,MRI,-3,4,5.8
2026-06-17 07:33:25,10,1020,CT,1,4,5.9
2026-06-17 07:33:46,12,1218,수술실,3,3,5.7
2026-06-17 07:45:06,12,1237,병동,12,2,1.8
2026-06-17 08:08:22,13,1322,병동,9,11,4.8
2026-06-17 08:09:58,7,721,CT,1,11,5.7
2026-06-17 08:13:33,9,922,MRI,-3,13,10.6
2026-06-17 08:13:46,5,534,MRI,-3,12,8.2
2026-06-17 08:16:45,13,1312,CT,1,13,7.5
2026-06-17 08:18:03,14,1425,수술실,3,12,8.2
2026-06-17 08:18:52,5,523,병동,18,12,10.4
2026-06-17 08:19:30,6,613,수술실,3,10,6.2
2026-06-17 08:19:53,10,1019,CT,1,11,7.3
2026-06-17 08:20:42,17,1722,수술실,3,11,10.4
2026-06-17 08:22:37,18,1822,수술실,3,15,11.8
2026-06-17 08:23:25,15,1507,병동,18,10,5.0
2026-06-17 08:23:47,17,1701,CT,1,10,9.8
2026-06-17 08:24:41,8,822,수술실,3,15,7.0
2026-06-17 08:26:52,17,1709,병동,17,11,3.8
2026-06-17 08:30:23,5,523,CT,1,9,5.7
2026-06-17 08:32:14,10,1033,수술실,3,13,7.4
2026-06-17 08:46:09,17,1712,MRI,-3,8,10.6
2026-06-17 08:49:18,11,1137,MRI,-3,9,12.0
2026-06-17 08:54:03,17,1711,CT,1,14,11.8
2026-06-17 08:55:54,16,1607,MRI,-3,15,14.7
2026-06-17 08:57:07,15,1519,병동,13,14,5.4
2026-06-17 08:58:50,15,1517,수술실,3,11,9.6
2026-06-17 09:00:09,5,511,병동,16,8,6.8
2026-06-17 09:00:55,13,1319,MRI,-3,8,11.6
2026-06-17 09:01:28,13,1307,수술실,3,9,8.1
2026-06-17 09:06:31,10,1030,MRI,-3,14,9.7
2026-06-17 09:10:43,5,525,CT,1,12,7.2
2026-06-17 09:11:42,18,1812,MRI,-3,13,16.4
2026-06-17 09:13:08,12,1237,병동,18,9,5.1
2026-06-17 09:17:31,12,1230,수술실,3,11,8.4
2026-06-17 09:20:56,7,706,MRI,-3,13,11.0
2026-06-17 09:26:01,8,838,병동,7,12,4.8
2026-06-17 09:32:32,7,718,병동,6,10,3.1
2026-06-17 09:36:42,16,1617,수술실,3,11,11.5
2026-06-17 09:41:33,6,623,수술실,3,8,4.3
2026-06-17 09:44:49,6,623,병동,8,12,4.8
2026-06-17 09:47:14,6,601,MRI,-3,11,9.6
2026-06-17 09:50:48,18,1826,병동,11,11,6.7
2026-06-17 09:50:53,14,1424,수술실,3,14,9.2
2026-06-17 10:01:31,16,1613,MRI,-3,10,14.4
2026-06-17 10:13:25,7,703,MRI,-3,11,8.6
2026-06-17 10:16:44,15,1505,MRI,-3,11,14.1
2026-06-17 10:20:03,10,1018,CT,1,9,7.2
2026-06-17 10:21:11,6,626,병동,9,7,3.9
2026-06-17 10:30:04,5,503,병동,11,10,5.3
2026-06-17 10:35:16,15,1525,병동,10,9,4.9
2026-06-17 10:45:15,18,1822,수술실,3,10,9.9
2026-06-17 11:00:28,7,737,병동,16,7,6.1
2026-06-17 11:03:20,5,522,수술실,3,9,5.1
2026-06-17 11:07:54,6,631,병동,10,9,5.5
2026-06-17 11:08:07,8,811,MRI,-3,12,8.5
2026-06-17 11:12:27,18,1834,수술실,3,10,11.0
2026-06-17 11:22:30,10,1012,CT,1,12,9.6
2026-06-17 11:30:14,17,1725,수술실,3,8,8.5
2026-06-17 11:31:45,5,532,병동,18,7,6.6
2026-06-17 11:33:06,17,1740,MRI,-3,7,12.5
2026-06-17 11:39:23,8,805,CT,1,9,5.9
2026-06-17 11:41:14,8,831,수술실,3,9,5.7
2026-06-17 11:41:42,14,1415,수술실,3,11,8.4
2026-06-17 11:44:34,6,612,CT,1,7,5.2
2026-06-17 11:46:03,16,1620,MRI,-3,8,12.0
2026-06-17 11:56:11,9,910,CT,1,12,8.9
2026-06-17 12:01:00,15,1517,수술실,3,4,8.3
2026-06-17 12:03:43,18,1824,CT,1,4,10.9
2026-06-17 12:06:11,11,1114,MRI,-3,3,8.8
2026-06-17 12:07:10,8,828,병동,12,5,3.7
2026-06-17 12:07:53,12,1211,수술실,3,3,5.6
2026-06-17 12:15:36,11,1101,MRI,-3,3,10.6
2026-06-17 12:18:33,10,1039,수술실,3,7,5.9
2026-06-17 12:26:28,6,611,병동,11,7,4.4
2026-06-17 12:28:57,15,1525,수술실,3,4,6.5
2026-06-17 12:33:41,13,1319,병동,13,4,2.0
2026-06-17 12:40:04,16,1617,MRI,-3,7,13.3
2026-06-17 12:42:20,18,1838,MRI,-3,7,12.6
2026-06-17 13:02:30,14,1426,수술실,3,6,7.1
2026-06-17 13:07:01,7,702,CT,1,10,6.8
2026-06-17 13:17:46,7,716,CT,1,5,4.7
2026-06-17 13:24:11,5,518,CT,1,9,5.7
2026-06-17 13:25:25,6,638,병동,6,7,2.7
2026-06-17 13:30:21,10,1014,수술실,3,6,7.6
2026-06-17 13:39:01,9,925,수술실,3,6,6.6
2026-06-17 13:48:05,6,618,병동,16,6,7.1
2026-06-17 14:05:27,11,1132,수술실,3,6,6.8
2026-06-17 14:09:02,12,1232,병동,17,5,3.9
2026-06-17 14:15:27,14,1405,병동,11,7,3.6
2026-06-17 14:16:36,14,1426,병동,13,5,2.7
2026-06-17 14:24:10,7,732,MRI,-3,10,9.2
2026-06-17 14:38:35,13,1316,병동,10,5,3.0
2026-06-17 14:39:46,6,612,MRI,-3,10,9.4
2026-06-17 14:42:38,9,940,수술실,3,6,6.8
2026-06-17 14:52:13,16,1623,CT,1,6,8.0
2026-06-17 14:52:39,18,1813,병동,16,10,3.9
2026-06-17 15:06:48,7,709,병동,11,5,3.4
2026-06-17 15:10:20,6,606,수술실,3,4,4.8
2026-06-17 15:12:31,8,803,MRI,-3,4,6.6
2026-06-17 15:43:36,16,1609,병동,18,6,3.8
2026-06-17 15:43:51,10,1021,CT,1,4,6.2
2026-06-17 15:44:03,18,1812,CT,1,6,12.0
2026-06-17 16:01:24,12,1223,CT,1,7,8.5
2026-06-17 16:31:22,8,801,병동,17,5,5.0
2026-06-17 16:33:14,13,1334,MRI,-3,7,9.2
2026-06-17 16:36:10,14,1432,병동,6,5,6.2
2026-06-17 16:45:36,15,1537,수술실,3,8,9.2
2026-06-17 16:57:27,10,1037,수술실,3,6,6.0
2026-06-17 17:29:55,9,935,수술실,3,4,6.3
2026-06-17 17:51:58,10,1024,MRI,-3,2,7.6
2026-06-17 18:16:51,12,1215,MRI,-3,1,11.1
2026-06-17 18:23:13,7,725,CT,1,1,4.5
2026-06-17 18:50:47,17,1705,CT,1,1,10.2
2026-06-17 19:04:44,15,1501,MRI,-3,1,10.7
2026-06-17 20:47:09,12,1215,수술실,3,0,5.9
2026-06-17 20:55:56,13,1331,수술실,3,4,7.0
2026-06-17 21:05:41,13,1309,수술실,3,2,8.0
2026-06-17 21:20:39,7,704,MRI,-3,3,7.5
2026-06-18 06:54:16,16,1617,MRI,-3,1,10.5
2026-06-18 06:54:34,12,1225,병동,12,4,2.1
2026-06-18 07:11:57,11,1132,병동,13,0,2.4
2026-06-18 07:23:31,12,1240,MRI,-3,3,10.6
2026-06-18 07:33:46,7,739,MRI,-3,4,7.6
2026-06-18 07:39:43,17,1707,CT,1,2,7.9
2026-06-18 08:02:01,14,1427,수술실,3,12,7.8
2026-06-18 08:04:48,10,1036,MRI,-3,11,11.3
2026-06-18 08:04:49,16,1631,수술실,3,15,11.9
2026-06-18 08:11:15,8,829,병동,7,12,3.7
2026-06-18 08:12:36,8,825,CT,1,13,7.8
2026-06-18 08:17:41,6,601,CT,1,8,4.4
2026-06-18 08:22:26,18,1818,CT,1,9,10.6
2026-06-18 08:30:40,18,1839,MRI,-3,9,15.3
2026-06-18 08:45:50,8,809,MRI,-3,8,10.6
2026-06-18 09:00:04,7,732,병동,10,12,6.2
2026-06-18 09:00:49,8,802,수술실,3,12,7.2
2026-06-18 09:01:16,9,904,CT,1,10,5.4
2026-06-18 09:09:10,8,832,병동,10,9,4.5
2026-06-18 09:09:40,6,628,MRI,-3,15,9.7
2026-06-18 09:13:25,17,1735,MRI,-3,9,11.1
2026-06-18 09:14:00,5,505,수술실,3,14,6.2
2026-06-18 09:14:26,5,514,수술실,3,12,6.4
2026-06-18 09:19:52,9,929,수술실,3,9,5.2
2026-06-18 09:20:45,16,1629,수술실,3,8,8.2
2026-06-18 09:23:52,14,1401,수술실,3,15,7.5
2026-06-18 09:28:18,13,1303,수술실,3,10,8.4
2026-06-18 09:29:45,8,805,CT,1,9,7.1
2026-06-18 09:30:59,12,1203,MRI,-3,8,9.7
2026-06-18 09:35:15,10,1034,수술실,3,8,6.8
2026-06-18 09:41:31,15,1532,병동,9,13,6.5
2026-06-18 09:49:28,5,531,MRI,-3,15,9.8
2026-06-18 09:54:09,13,1335,MRI,-3,8,9.7
2026-06-18 09:54:36,16,1602,병동,12,14,5.6
2026-06-18 09:57:47,8,815,CT,1,15,6.8
2026-06-18 10:04:09,10,1013,MRI,-3,7,8.0
2026-06-18 10:09:22,11,1117,MRI,-3,6,8.4
2026-06-18 10:17:27,5,538,CT,1,12,6.8
2026-06-18 10:18:02,16,1640,CT,1,8,9.2
2026-06-18 10:23:16,9,921,MRI,-3,7,7.9
2026-06-18 10:25:13,12,1201,MRI,-3,12,10.5
2026-06-18 10:40:12,7,727,CT,1,9,6.3
2026-06-18 10:42:22,7,716,MRI,-3,6,9.3
2026-06-18 10:47:29,15,1501,병동,6,10,6.1
2026-06-18 10:48:40,15,1536,병동,15,8,2.7
2026-06-18 11:14:27,15,1522,CT,1,8,9.9
2026-06-18 11:16:03,14,1416,병동,10,12,5.3
2026-06-18 11:17:16,5,513,CT,1,8,5.1
2026-06-18 11:20:01,7,703,CT,1,9,4.9
2026-06-18 11:25:38,7,725,병동,18,6,8.2
2026-06-18 11:27:04,13,1310,CT,1,8,9.7
2026-06-18 11:28:08,14,1412,수술실,3,12,10.6
2026-06-18 11:29:33,8,836,수술실,3,12,6.8
2026-06-18 11:34:16,6,604,병동,12,8,6.0
2026-06-18 11:37:14,16,1628,수술실,3,9,8.0
2026-06-18 11:38:51,16,1634,CT,1,10,8.7
2026-06-18 11:39:01,16,1640,수술실,3,12,10.5
2026-06-18 11:39:11,14,1408,병동,18,10,5.2
2026-06-18 11:41:05,17,1733,병동,12,12,6.3
2026-06-18 11:56:30,12,1236,CT,1,8,7.5
2026-06-18 12:09:55,14,1418,수술실,3,3,8.6
2026-06-18 12:20:03,9,935,수술실,3,3,5.8
2026-06-18 12:34:06,8,805,수술실,3,4,4.1
2026-06-18 12:36:04,7,713,CT,1,3,4.0
2026-06-18 12:37:40,8,829,MRI,-3,5,8.5
2026-06-18 12:45:24,14,1432,병동,14,5,2.4
2026-06-18 13:00:37,14,1405,병동,16,8,4.0
2026-06-18 13:13:42,6,615,MRI,-3,10,8.7
2026-06-18 13:21:40,18,1809,CT,1,10,11.2
2026-06-18 13:26:54,9,920,병동,13,9,3.8
2026-06-18 13:31:29,9,936,수술실,3,8,7.1
2026-06-18 13:57:03,16,1607,CT,1,9,10.7
2026-06-18 13:57:54,16,1607,CT,1,10,10.9
2026-06-18 14:10:44,6,631,병동,13,6,5.0
2026-06-18 14:13:29,6,604,수술실,3,7,4.5
2026-06-18 14:18:39,14,1405,병동,12,5,3.1
2026-06-18 14:19:21,17,1712,CT,1,8,11.0
2026-06-18 14:28:12,12,1213,수술실,3,6,8.1
2026-06-18 14:37:00,17,1707,MRI,-3,9,10.2
2026-06-18 14:50:57,11,1118,병동,16,10,5.9
2026-06-18 14:59:49,5,523,MRI,-3,9,6.2
2026-06-18 15:44:11,11,1133,MRI,-3,4,8.0
2026-06-18 15:47:50,16,1605,MRI,-3,8,11.2
2026-06-18 15:54:08,8,837,CT,1,4,4.4
2026-06-18 15:55:06,17,1736,CT,1,5,8.6
2026-06-18 15:59:44,8,826,병동,6,5,2.5
2026-06-18 16:04:25,18,1833,MRI,-3,6,12.0
2026-06-18 16:08:03,13,1337,CT,1,3,7.2
2026-06-18 16:14:21,15,1527,MRI,-3,8,10.2
2026-06-18 16:24:53,13,1314,CT,1,8,8.7
2026-06-18 16:26:15,15,1526,MRI,-3,7,9.6
2026-06-18 16:32:04,11,1139,수술실,3,5,7.3
2026-06-18 16:33:15,11,1131,병동,18,8,5.1
2026-06-18 16:45:10,6,631,수술실,3,4,3.5
2026-06-18 16:47:37,18,1837,병동,18,3,2.1
2026-06-18 16:50:27,14,1422,CT,1,7,8.4
2026-06-18 16:50:39,8,806,CT,1,5,5.6
2026-06-18 16:53:57,16,1606,MRI,-3,4,10.4
2026-06-18 17:09:07,8,803,수술실,3,1,5.5
2026-06-18 17:28:21,17,1731,CT,1,0,7.6
2026-06-18 17:35:27,10,1030,CT,1,1,7.0
2026-06-18 17:47:20,5,523,CT,1,1,4.6
2026-06-18 17:59:24,9,918,수술실,3,0,5.6
2026-06-18 18:02:41,16,1606,CT,1,4,7.0
2026-06-18 18:04:53,10,1004,병동,10,1,2.2
2026-06-18 18:33:31,10,1010,병동,16,1,3.6
2026-06-18 19:15:31,7,706,병동,9,4,3.0
2026-06-18 20:20:21,12,1236,MRI,-3,0,8.2
2026-06-18 20:53:11,8,835,수술실,3,4,5.5
2026-06-18 21:03:58,8,834,MRI,-3,0,7.0
2026-06-18 21:41:41,10,1035,CT,1,0,6.1
2026-06-18 21:49:46,13,1304,MRI,-3,2,9.2
2026-06-19 06:04:34,10,1018,병동,6,3,2.9
2026-06-19 06:04:54,9,906,병동,18,3,5.0
2026-06-19 06:12:48,9,916,병동,15,0,3.5
2026-06-19 06:14:06,7,737,MRI,-3,1,7.4
2026-06-19 06:24:14,7,738,CT,1,2,4.4
2026-06-19 06:38:43,12,1217,병동,6,3,4.1
2026-06-19 06:39:01,10,1005,MRI,-3,4,7.4
2026-06-19 06:45:44,16,1629,MRI,-3,4,12.8
2026-06-19 06:49:08,7,732,수술실,3,3,4.1
2026-06-19 06:55:24,11,1131,CT,1,4,7.7
2026-06-19 07:05:33,9,910,병동,7,4,3.3
2026-06-19 07:41:48,9,908,병동,11,1,2.4
2026-06-19 07:44:24,6,602,CT,1,2,5.2
2026-06-19 08:04:18,15,1525,CT,1,8,9.8
2026-06-19 08:06:49,10,1011,수술실,3,12,6.8
2026-06-19 08:07:13,15,1529,MRI,-3,10,12.9
2026-06-19 08:08:15,13,1305,CT,1,9,6.9
2026-06-19 08:10:13,10,1025,MRI,-3,15,9.6
2026-06-19 08:17:00,9,929,CT,1,9,5.5
2026-06-19 08:25:00,7,707,MRI,-3,15,10.4
2026-06-19 08:28:13,15,1514,CT,1,10,7.7
2026-06-19 08:29:44,13,1332,병동,7,14,7.6
2026-06-19 08:29:47,11,1135,CT,1,9,6.0
2026-06-19 08:35:30,12,1227,MRI,-3,9,10.5
2026-06-19 08:36:14,5,522,수술실,3,12,5.0
2026-06-19 08:40:38,14,1406,CT,1,9,8.6
2026-06-19 08:45:51,12,1219,CT,1,14,7.2
2026-06-19 08:46:06,10,1015,수술실,3,12,7.4
2026-06-19 08:49:36,8,814,MRI,-3,14,10.1
2026-06-19 08:52:50,8,837,병동,17,10,7.8
2026-06-19 08:53:05,7,712,수술실,3,11,6.1
2026-06-19 08:54:53,17,1718,CT,1,10,8.1
2026-06-19 09:02:05,16,1607,CT,1,9,10.5
2026-06-19 09:03:36,12,1205,수술실,3,8,6.3
2026-06-19 09:03:53,9,932,수술실,3,11,8.2
2026-06-19 09:05:55,9,917,병동,9,9,2.9
2026-06-19 09:10:31,10,1036,수술실,3,9,7.6
2026-06-19 09:14:48,11,1127,수술실,3,11,7.7
2026-06-19 09:16:30,18,1832,병동,5,8,7.1
2026-06-19 09:25:53,9,912,병동,13,11,5.6
2026-06-19 09:32:05,18,1822,MRI,-3,9,11.1
2026-06-19 09:39:20,8,840,MRI,-3,11,8.5
2026-06-19 09:51:06,17,1721,CT,1,13,10.4
2026-06-19 09:51:29,13,1311,병동,9,9,5.4
2026-06-19 09:53:58,9,930,수술실,3,9,5.4
2026-06-19 09:56:01,17,1732,병동,16,10,3.8
2026-06-19 09:58:39,7,707,CT,1,13,8.1
2026-06-19 10:05:04,16,1632,수술실,3,10,8.8
2026-06-19 10:07:58,8,804,병동,16,10,5.5
2026-06-19 10:12:11,17,1702,병동,14,6,4.6
2026-06-19 10:17:56,12,1225,병동,6,7,6.0
2026-06-19 10:21:21,9,925,MRI,-3,11,9.8
2026-06-19 10:25:45,18,1828,병동,16,12,5.6
2026-06-19 10:29:04,16,1610,CT,1,10,10.1
2026-06-19 10:39:11,7,711,CT,1,10,6.2
2026-06-19 10:45:22,16,1623,CT,1,11,10.0
2026-06-19 11:01:40,17,1720,CT,1,9,10.0
2026-06-19 11:12:06,8,832,CT,1,12,6.3
2026-06-19 11:14:55,16,1611,CT,1,9,9.7
2026-06-19 11:19:24,7,731,수술실,3,10,5.2
2026-06-19 11:20:09,13,1306,수술실,3,7,7.6
2026-06-19 11:22:10,8,810,CT,1,8,6.5
2026-06-19 11:26:19,10,1012,CT,1,11,7.3
2026-06-19 11:27:18,5,530,병동,14,7,5.6
2026-06-19 11:32:01,16,1609,수술실,3,10,10.3
2026-06-19 11:48:38,13,1333,수술실,3,11,8.7
2026-06-19 11:52:40,8,818,수술실,3,8,5.8
2026-06-19 11:55:21,12,1225,CT,1,8,7.1
2026-06-19 12:05:44,5,534,병동,7,6,3.1
2026-06-19 12:34:33,18,1812,수술실,3,5,7.3
2026-06-19 12:38:32,6,612,수술실,3,6,5.4
2026-06-19 12:52:10,13,1340,MRI,-3,4,11.5
2026-06-19 13:02:53,17,1740,CT,1,5,9.6
2026-06-19 13:19:47,9,913,병동,18,9,5.4
2026-06-19 13:27:09,12,1239,수술실,3,6,7.2
2026-06-19 13:42:02,10,1040,MRI,-3,8,9.4
2026-06-19 14:16:28,6,603,수술실,3,7,4.3
2026-06-19 14:28:54,16,1612,MRI,-3,8,12.8
2026-06-19 14:30:11,11,1122,수술실,3,7,7.1
2026-06-19 14:41:22,8,815,병동,7,8,3.0
2026-06-19 14:45:00,11,1112,수술실,3,9,6.9
2026-06-19 14:59:19,11,1120,CT,1,9,7.5
2026-06-19 15:05:12,5,524,수술실,3,8,4.0
2026-06-19 15:12:21,16,1601,수술실,3,4,8.9
2026-06-19 15:34:28,13,1323,수술실,3,3,6.1
2026-06-19 15:37:50,11,1135,CT,1,4,7.0
2026-06-19 15:38:10,18,1804,병동,7,6,7.1
2026-06-19 15:43:30,14,1405,CT,1,7,10.3
2026-06-19 16:18:09,14,1426,병동,5,4,6.7
2026-06-19 16:20:04,10,1014,MRI,-3,5,9.9
2026-06-19 16:35:09,7,727,병동,11,3,3.1
2026-06-19 16:35:22,14,1433,병동,14,5,2.1
2026-06-19 16:51:12,18,1817,병동,11,3,3.9
2026-06-19 16:53:38,14,1402,병동,11,3,3.8
2026-06-19 17:17:12,18,1822,병동,18,4,2.0
2026-06-19 18:43:21,17,1701,CT,1,4,9.0
2026-06-19 18:48:43,6,608,MRI,-3,0,5.9
2026-06-19 19:30:49,12,1227,MRI,-3,2,8.6
2026-06-19 19:34:24,12,1216,병동,9,1,2.6
2026-06-19 20:05:37,12,1218,MRI,-3,3,8.6
2026-06-19 20:06:01,17,1706,MRI,-3,2,13.5
2026-06-19 21:39:34,11,1127,병동,14,4,3.0
2026-06-20 06:25:00,11,1126,MRI,-3,1,10.1
2026-06-20 06:32:29,18,1840,병동,7,2,6.2
2026-06-20 06:37:15,17,1721,병동,17,4,2.0
2026-06-20 06:42:01,14,1417,MRI,-3,0,12.3
2026-06-20 07:09:50,17,1730,MRI,-3,3,10.1
2026-06-20 07:19:41,9,903,병동,5,3,3.8
2026-06-20 07:26:19,9,906,수술실,3,4,5.5
2026-06-20 07:28:40,18,1833,수술실,3,2,9.1
2026-06-20 07:51:17,18,1820,MRI,-3,3,11.7
2026-06-20 07:53:54,10,1006,MRI,-3,2,8.9
2026-06-20 07:58:31,7,737,MRI,-3,4,8.1
2026-06-20 08:03:33,14,1416,MRI,-3,10,12.0
2026-06-20 08:05:16,5,521,수술실,3,12,6.7
2026-06-20 08:14:05,10,1007,MRI,-3,14,9.6
2026-06-20 08:16:26,7,728,MRI,-3,13,8.9
2026-06-20 08:18:26,10,1009,수술실,3,13,7.6
2026-06-20 08:19:27,5,511,수술실,3,12,6.8
2026-06-20 08:20:59,10,1004,CT,1,13,8.7
2026-06-20 08:23:46,8,823,CT,1,9,5.7
2026-06-20 08:25:55,17,1705,병동,17,11,4.6
2026-06-20 08:27:40,17,1711,수술실,3,8,9.6
2026-06-20 08:32:21,16,1609,병동,13,8,4.7
2026-06-20 08:32:41,13,1325,MRI,-3,10,8.9
2026-06-20 08:33:50,16,1640,MRI,-3,9,13.2
2026-06-20 08:35:19,15,1510,병동,7,11,7.4
2026-06-20 08:37:03,11,1115,CT,1,15,8.5
2026-06-20 08:40:14,17,1702,병동,15,14,4.9
2026-06-20 08:41:03,14,1437,수술실,3,9,7.9
2026-06-20 08:48:27,15,1537,병동,11,12,4.6
2026-06-20 08:51:23,6,636,병동,15,14,6.5
2026-06-20 08:54:50,18,1825,병동,9,9,6.0
2026-06-20 08:55:22,10,1008,수술실,3,10,5.6
2026-06-20 08:56:46,17,1735,CT,1,11,9.8
2026-06-20 08:57:04,16,1609,병동,15,15,5.0
2026-06-20 09:02:48,14,1438,병동,8,11,6.6
2026-06-20 09:03:06,8,824,수술실,3,8,6.2
2026-06-20 09:06:47,17,1738,MRI,-3,12,13.5
2026-06-20 09:13:50,14,1412,수술실,3,10,9.8
2026-06-20 09:14:04,16,1638,MRI,-3,9,13.5
2026-06-20 09:14:09,6,623,CT,1,8,5.3
2026-06-20 09:20:53,13,1309,수술실,3,8,9.2
2026-06-20 09:21:43,11,1134,병동,11,10,2.9
2026-06-20 09:23:25,6,620,병동,11,12,6.1
2026-06-20 09:26:31,18,1819,병동,7,14,9.5
2026-06-20 09:30:59,13,1319,MRI,-3,10,12.4
2026-06-20 09:35:13,6,619,병동,16,12,7.0
2026-06-20 09:38:36,9,924,수술실,3,10,7.2
2026-06-20 09:39:17,7,725,CT,1,14,5.8
2026-06-20 09:39:24,8,827,CT,1,9,6.1
2026-06-20 09:49:11,13,1309,MRI,-3,8,10.2
2026-06-20 09:49:37,18,1807,MRI,-3,10,14.5
2026-06-20 09:51:54,10,1003,CT,1,13,9.4
2026-06-20 09:54:49,18,1805,수술실,3,13,11.5
2026-06-20 10:10:17,13,1311,수술실,3,7,7.7
2026-06-20 10:35:05,17,1715,수술실,3,7,10.3
2026-06-20 10:42:52,15,1516,병동,9,10,5.5
2026-06-20 10:48:51,15,1535,MRI,-3,6,13.7
2026-06-20 10:49:15,12,1234,수술실,3,6,7.6
2026-06-20 10:52:37,16,1612,MRI,-3,7,9.7
2026-06-20 11:02:37,17,1737,병동,5,6,9.1
2026-06-20 11:08:12,8,821,MRI,-3,11,8.8
2026-06-20 11:20:33,11,1103,병동,12,12,5.1
2026-06-20 11:21:28,18,1828,병동,12,6,4.4
2026-06-20 11:23:15,7,726,병동,16,12,8.6
2026-06-20 11:24:41,11,1105,병동,12,8,3.6
2026-06-20 11:28:47,10,1031,CT,1,8,8.0
2026-06-20 11:45:16,16,1622,MRI,-3,12,13.3
2026-06-20 11:46:26,17,1701,CT,1,6,10.1
2026-06-20 11:51:43,14,1415,수술실,3,6,8.3
2026-06-20 12:14:09,7,732,CT,1,5,5.4
2026-06-20 12:18:27,7,719,병동,6,6,4.0
2026-06-20 12:29:21,11,1103,CT,1,6,7.8
2026-06-20 12:30:15,14,1437,MRI,-3,6,10.4
2026-06-20 12:42:48,13,1308,병동,6,7,4.9
2026-06-20 12:43:17,8,826,MRI,-3,6,9.6
2026-06-20 12:53:54,18,1813,병동,6,7,6.7
2026-06-20 12:57:51,17,1740,MRI,-3,5,10.4
2026-06-20 13:02:38,9,925,MRI,-3,9,11.1
2026-06-20 13:07:42,5,514,CT,1,9,5.1
2026-06-20 13:11:37,5,508,MRI,-3,6,8.4
2026-06-20 13:12:59,5,519,수술실,3,10,4.9
2026-06-20 13:13:38,6,603,수술실,3,9,5.8
2026-06-20 13:33:45,10,1009,MRI,-3,5,7.8
2026-06-20 13:38:19,12,1207,MRI,-3,5,10.9
2026-06-20 14:10:59,14,1439,CT,1,8,7.9
2026-06-20 14:24:13,14,1410,CT,1,5,8.0
2026-06-20 14:33:19,7,730,CT,1,8,6.8
2026-06-20 14:38:56,10,1016,병동,5,7,5.6
2026-06-20 14:39:28,5,510,병동,8,5,2.8
2026-06-20 14:44:47,18,1806,병동,18,9,3.2
2026-06-20 14:51:00,13,1317,MRI,-3,6,9.3
2026-06-20 15:02:48,5,528,수술실,3,3,4.2
2026-06-20 15:39:15,8,828,수술실,3,5,4.4
2026-06-20 15:48:46,11,1124,병동,13,7,4.5
2026-06-20 15:49:06,7,740,수술실,3,4,4.3
2026-06-20 15:54:44,17,1718,수술실,3,5,9.0
2026-06-20 16:35:51,17,1728,CT,1,8,8.8
2026-06-20 16:36:52,10,1007,수술실,3,7,7.4
2026-06-20 16:43:57,6,638,병동,15,3,5.0
2026-06-20 16:56:52,14,1411,CT,1,6,9.7
2026-06-20 16:59:13,17,1713,MRI,-3,3,12.1
2026-06-20 17:44:41,11,1110,병동,10,0,2.1
2026-06-20 20:47:01,9,902,CT,1,1,4.8
2026-06-20 20:55:21,17,1705,MRI,-3,4,9.5
2026-06-20 21:23:26,17,1721,CT,1,1,7.3
2026-06-20 21:31:52,6,617,병동,6,0,2.3
2026-06-21 06:05:55,11,1119,수술실,3,1,5.6
2026-06-21 06:20:31,14,1429,MRI,-3,0,8.6
2026-06-21 06:43:48,12,1231,CT,1,1,8.0
2026-06-21 06:53:47,9,901,CT,1,3,5.4
2026-06-21 07:14:38,14,1414,CT,1,2,7.0
2026-06-21 07:27:08,11,1112,CT,1,2,6.6
2026-06-21 07:29:29,14,1421,MRI,-3,4,12.0
2026-06-21 07:43:22,11,1128,수술실,3,4,5.9
2026-06-21 07:46:59,7,733,CT,1,1,5.8
2026-06-21 07:56:41,13,1323,수술실,3,1,8.3
2026-06-21 08:08:40,13,1316,병동,14,15,5.0
2026-06-21 08:10:03,8,818,수술실,3,12,5.8
2026-06-21 08:10:40,14,1423,CT,1,14,8.1
2026-06-21 08:13:39,12,1237,수술실,3,15,7.1
2026-06-21 08:15:57,5,512,CT,1,9,5.0
2026-06-21 08:23:30,9,911,CT,1,9,6.7
2026-06-21 08:36:59,15,1532,CT,1,12,10.6
2026-06-21 08:45:22,16,1630,MRI,-3,8,13.6
2026-06-21 08:49:39,14,1412,CT,1,12,8.3
2026-06-21 08:59:58,8,839,병동,8,11,4.3
2026-06-21 09:02:02,16,1632,MRI,-3,10,12.9
2026-06-21 09:17:24,18,1826,병동,16,10,4.3
2026-06-21 09:24:14,14,1401,CT,1,10,8.5
2026-06-21 09:26:04,7,719,CT,1,11,6.3
2026-06-21 09:29:55,7,722,MRI,-3,14,10.2
2026-06-21 09:42:17,8,807,병동,11,8,3.6
2026-06-21 09:43:34,16,1622,MRI,-3,11,13.6
2026-06-21 09:44:56,15,1510,수술실,3,13,10.3
2026-06-21 09:58:23,6,609,MRI,-3,12,8.8
2026-06-21 10:06:36,15,1519,병동,10,10,4.6
2026-06-21 10:31:29,8,801,MRI,-3,11,10.6
2026-06-21 10:33:18,9,906,MRI,-3,7,7.7
2026-06-21 10:38:07,17,1704,수술실,3,11,10.9
2026-06-21 10:40:06,14,1422,MRI,-3,9,10.9
2026-06-21 10:46:15,10,1020,CT,1,11,7.5
2026-06-21 10:50:40,7,733,MRI,-3,10,9.3
2026-06-21 10:51:26,7,710,수술실,3,6,6.3
2026-06-21 10:55:22,5,528,MRI,-3,6,8.1
2026-06-21 11:07:33,17,1714,수술실,3,9,11.5
2026-06-21 11:09:45,5,507,MRI,-3,6,8.9
2026-06-21 11:09:47,10,1023,수술실,3,7,7.9
2026-06-21 11:13:47,14,1401,CT,1,6,9.5
2026-06-21 11:18:58,15,1537,CT,1,10,9.8
2026-06-21 11:24:26,7,703,수술실,3,12,6.5
2026-06-21 11:32:33,15,1507,CT,1,10,7.5
2026-06-21 11:33:02,15,1527,수술실,3,8,9.5
2026-06-21 11:40:53,8,811,병동,8,6,2.8
2026-06-21 11:44:33,10,1001,병동,18,7,5.8
2026-06-21 11:53:50,9,938,CT,1,11,6.6
2026-06-21 12:04:31,8,812,병동,15,6,6.6
2026-06-21 12:06:00,18,1818,MRI,-3,7,11.8
2026-06-21 12:07:38,10,1014,수술실,3,4,5.1
2026-06-21 12:14:53,15,1528,MRI,-3,5,11.3
2026-06-21 12:26:56,7,730,병동,16,6,7.4
2026-06-21 12:27:45,5,537,수술실,3,5,3.2
2026-06-21 12:30:09,11,1121,MRI,-3,4,8.9
2026-06-21 12:39:09,9,908,CT,1,6,7.8
2026-06-21 12:41:47,11,1128,MRI,-3,4,9.4
2026-06-21 12:52:45,6,621,MRI,-3,6,7.9
2026-06-21 12:52:47,11,1118,MRI,-3,7,8.1
2026-06-21 12:56:41,7,730,수술실,3,4,4.5
2026-06-21 13:05:48,11,1127,병동,12,6,3.9
2026-06-21 13:26:24,15,1526,병동,13,10,4.2
2026-06-21 13:55:39,5,530,수술실,3,9,4.5
2026-06-21 14:09:09,9,933,수술실,3,5,4.6
2026-06-21 14:25:13,14,1404,CT,1,5,7.1
2026-06-21 15:06:35,11,1111,CT,1,3,5.8
2026-06-21 15:27:35,12,1203,병동,14,4,3.1
2026-06-21 15:40:01,9,940,CT,1,5,5.9
2026-06-21 16:14:11,13,1324,수술실,3,4,6.3
2026-06-21 16:43:01,16,1614,MRI,-3,7,10.6
2026-06-21 16:48:44,8,817,병동,9,7,2.9
2026-06-21 18:30:10,8,828,수술실,3,3,5.3
2026-06-21 19:14:46,7,705,수술실,3,0,4.5
2026-06-21 19:15:58,10,1031,MRI,-3,0,7.4
2026-06-21 19:27:54,16,1601,MRI,-3,3,10.6
2026-06-21 20:41:18,6,628,CT,1,3,4.9
2026-06-21 21:12:12,18,1802,CT,1,1,8.5
2026-06-21 21:41:53,11,1135,병동,8,4,3.4
2026-06-21 21:52:32,16,1618,MRI,-3,4,9.6
2026-06-22 06:27:45,9,915,MRI,-3,3,6.9
2026-06-22 06:57:36,13,1328,병동,15,2,2.4
2026-06-22 07:06:12,11,1131,MRI,-3,2,7.8
2026-06-22 08:00:55,14,1410,병동,6,12,7.4
2026-06-22 08:10:20,11,1115,수술실,3,14,9.6
2026-06-22 08:14:12,13,1310,CT,1,12,9.8
2026-06-22 08:14:51,12,1232,병동,15,15,4.8
2026-06-22 08:27:28,15,1528,CT,1,8,8.5
2026-06-22 08:28:25,13,1336,병동,14,11,4.4
2026-06-22 08:29:13,13,1310,MRI,-3,15,13.0
2026-06-22 08:37:04,12,1225,병동,16,8,5.2
2026-06-22 08:37:06,9,940,수술실,3,11,6.1
2026-06-22 08:39:33,5,517,CT,1,12,5.7
2026-06-22 08:41:27,8,819,MRI,-3,9,10.5
2026-06-22 08:44:21,11,1133,수술실,3,9,6.4
2026-06-22 08:48:59,10,1030,MRI,-3,8,7.9
2026-06-22 08:50:00,11,1139,수술실,3,11,9.4
2026-06-22 08:52:35,17,1710,MRI,-3,12,14.6
2026-06-22 08:53:00,18,1826,수술실,3,14,10.9
2026-06-22 08:53:39,8,811,CT,1,9,5.6
2026-06-22 08:59:00,18,1810,수술실,3,8,11.2
2026-06-22 09:00:45,7,736,MRI,-3,15,9.8
2026-06-22 09:02:26,6,625,MRI,-3,9,7.8
2026-06-22 09:05:44,15,1511,수술실,3,15,9.2
2026-06-22 09:22:22,18,1836,병동,8,12,7.1
2026-06-22 09:22:31,18,1801,MRI,-3,8,11.3
2026-06-22 09:23:08,18,1822,CT,1,8,11.4
2026-06-22 09:24:01,13,1331,수술실,3,9,6.8
2026-06-22 09:27:51,17,1718,MRI,-3,9,12.5
2026-06-22 09:32:43,6,609,수술실,3,15,6.3
2026-06-22 09:42:04,13,1327,CT,1,12,9.7
2026-06-22 09:49:56,7,713,병동,8,9,4.0
2026-06-22 09:50:28,14,1428,병동,8,9,5.7
2026-06-22 09:51:55,6,637,병동,16,12,7.0
2026-06-22 09:52:55,16,1604,병동,11,11,6.6
2026-06-22 09:59:18,15,1521,MRI,-3,10,11.5
2026-06-22 10:12:36,11,1124,CT,1,11,8.9
2026-06-22 10:13:58,12,1231,CT,1,9,6.8
2026-06-22 10:16:54,9,913,수술실,3,6,5.2
2026-06-22 10:25:52,8,807,수술실,3,10,5.1
2026-06-22 10:31:54,9,906,CT,1,6,7.9
2026-06-22 10:42:41,15,1520,CT,1,7,10.5
2026-06-22 10:45:37,16,1638,CT,1,8,9.6
2026-06-22 10:54:08,11,1128,CT,1,7,8.8
2026-06-22 11:03:56,10,1031,CT,1,8,7.0
2026-06-22 11:04:00,17,1727,MRI,-3,8,12.1
2026-06-22 11:05:16,17,1710,CT,1,6,8.3
2026-06-22 11:09:20,7,734,MRI,-3,7,8.7
2026-06-22 11:16:27,14,1430,CT,1,10,8.8
2026-06-22 11:21:26,6,606,수술실,3,8,5.6
2026-06-22 11:22:33,18,1806,병동,7,11,8.2
2026-06-22 11:24:18,5,519,CT,1,11,5.1
2026-06-22 11:30:26,7,734,병동,16,12,7.5
2026-06-22 11:41:11,12,1206,CT,1,9,6.4
2026-06-22 11:49:26,10,1017,병동,13,6,4.4
2026-06-22 11:53:51,15,1509,CT,1,7,7.4
2026-06-22 11:56:22,8,832,MRI,-3,9,10.4
2026-06-22 12:09:30,5,503,CT,1,3,4.0
2026-06-22 12:30:20,13,1325,병동,13,5,1.7
2026-06-22 12:34:12,6,607,MRI,-3,3,7.6
2026-06-22 12:41:25,8,829,병동,13,6,5.4
2026-06-22 12:46:09,11,1115,CT,1,6,7.0
2026-06-22 12:59:25,8,837,병동,15,3,5.1
2026-06-22 13:11:20,12,1218,수술실,3,8,9.1
2026-06-22 13:19:39,14,1408,병동,14,10,3.5
2026-06-22 13:25:05,10,1010,병동,14,8,5.4
2026-06-22 13:29:48,15,1510,수술실,3,5,9.3
2026-06-22 13:30:19,9,916,MRI,-3,9,9.2
2026-06-22 13:40:00,15,1534,수술실,3,5,6.6
2026-06-22 13:41:19,15,1530,MRI,-3,10,13.3
2026-06-22 14:11:15,12,1208,MRI,-3,8,8.5
2026-06-22 14:29:37,11,1111,수술실,3,5,6.2
2026-06-22 14:40:44,5,536,수술실,3,8,5.1
2026-06-22 14:45:42,5,502,병동,16,5,5.4
2026-06-22 14:48:15,15,1507,병동,18,10,4.7
2026-06-22 15:18:22,14,1429,MRI,-3,7,13.2
2026-06-22 15:18:42,9,917,수술실,3,5,5.6
2026-06-22 15:19:11,18,1810,수술실,3,8,8.3
2026-06-22 15:19:18,11,1136,수술실,3,6,7.5
2026-06-22 16:03:45,17,1720,병동,6,6,7.2
2026-06-22 16:24:33,13,1333,병동,12,5,2.0
2026-06-22 16:26:27,17,1730,수술실,3,4,9.9
2026-06-22 16:26:49,17,1737,수술실,3,8,9.2
2026-06-22 16:32:32,7,730,수술실,3,5,5.3
2026-06-22 16:39:50,12,1218,병동,11,3,1.9
2026-06-22 16:41:12,7,726,MRI,-3,8,9.4
2026-06-22 17:37:18,5,536,MRI,-3,2,5.9
2026-06-22 18:18:46,13,1339,병동,9,4,3.1
2026-06-22 18:27:23,6,622,병동,16,0,5.9
2026-06-22 18:39:03,15,1508,CT,1,3,6.6
2026-06-22 18:41:23,9,938,병동,13,0,4.3
2026-06-23 06:14:03,15,1537,병동,18,2,2.7
2026-06-23 06:26:52,15,1533,CT,1,1,8.4
2026-06-23 06:36:54,8,840,MRI,-3,1,7.6
2026-06-23 06:38:53,12,1203,CT,1,4,8.1
2026-06-23 06:58:15,10,1008,수술실,3,2,6.4
2026-06-23 07:18:18,13,1310,병동,18,4,3.6
2026-06-23 07:21:22,14,1423,CT,1,3,6.9
2026-06-23 07:23:07,16,1626,CT,1,0,10.2
2026-06-23 07:55:09,8,836,CT,1,0,6.2
2026-06-23 08:03:40,6,629,병동,9,8,3.6
2026-06-23 08:06:02,10,1003,CT,1,8,5.8
2026-06-23 08:07:49,10,1009,병동,18,12,7.8
2026-06-23 08:15:01,11,1131,MRI,-3,12,10.0
2026-06-23 08:18:40,6,620,병동,5,14,5.1
2026-06-23 08:20:11,8,834,병동,5,13,4.8
2026-06-23 08:21:51,13,1306,수술실,3,12,7.6
2026-06-23 08:22:09,5,511,병동,5,11,4.5
2026-06-23 08:27:08,18,1825,CT,1,10,12.3
2026-06-23 08:27:09,18,1826,MRI,-3,15,14.3
2026-06-23 08:30:32,6,626,MRI,-3,8,9.2
2026-06-23 08:32:02,13,1310,MRI,-3,10,9.7
2026-06-23 08:34:23,16,1631,CT,1,10,8.9
2026-06-23 08:35:26,6,605,수술실,3,12,7.4
2026-06-23 08:37:54,10,1008,수술실,3,10,8.1
2026-06-23 08:42:43,9,936,MRI,-3,10,10.3
2026-06-23 08:42:55,12,1232,병동,13,15,3.8
2026-06-23 08:49:57,18,1801,MRI,-3,9,13.9
2026-06-23 08:51:48,6,636,CT,1,9,4.9
2026-06-23 08:59:31,10,1011,병동,6,9,4.8
2026-06-23 08:59:32,15,1510,CT,1,8,7.7
2026-06-23 08:59:35,7,732,병동,18,9,8.5
2026-06-23 09:02:21,12,1224,수술실,3,14,8.4
2026-06-23 09:03:00,13,1318,병동,10,9,3.6
2026-06-23 09:06:04,7,702,병동,5,13,4.6
2026-06-23 09:09:38,17,1704,CT,1,10,10.3
2026-06-23 09:13:49,8,821,CT,1,9,6.9
2026-06-23 09:16:24,13,1335,수술실,3,11,10.0
2026-06-23 09:20:47,5,523,병동,8,8,4.2
2026-06-23 09:26:48,11,1107,수술실,3,9,7.5
2026-06-23 09:35:22,15,1526,병동,17,9,4.5
2026-06-23 09:43:40,15,1534,수술실,3,15,9.5
2026-06-23 09:47:29,8,838,병동,15,14,6.8
2026-06-23 09:53:41,12,1226,병동,11,11,3.9
2026-06-23 09:58:37,9,919,병동,17,14,7.6
2026-06-23 10:05:17,7,736,수술실,3,6,6.4
2026-06-23 10:10:01,12,1230,CT,1,6,7.3
2026-06-23 10:10:29,17,1701,CT,1,10,8.0
2026-06-23 10:14:03,8,807,수술실,3,8,5.1
2026-06-23 10:18:08,14,1416,MRI,-3,10,9.1
2026-06-23 10:23:41,6,610,병동,16,8,8.4
2026-06-23 10:30:54,9,916,MRI,-3,11,9.7
2026-06-23 10:31:38,18,1835,병동,16,10,4.5
2026-06-23 10:32:37,16,1621,MRI,-3,7,11.4
2026-06-23 10:35:42,13,1329,CT,1,10,9.5
2026-06-23 10:40:10,9,909,수술실,3,11,8.3
2026-06-23 10:45:43,6,638,병동,5,11,4.5
2026-06-23 10:48:54,18,1834,CT,1,9,9.6
2026-06-23 10:52:59,12,1228,병동,18,6,5.1
2026-06-23 10:53:13,17,1736,병동,13,7,4.3
2026-06-23 10:56:43,12,1203,수술실,3,8,8.5
2026-06-23 11:05:35,9,928,병동,10,9,3.8
2026-06-23 11:05:49,6,639,수술실,3,8,4.4
2026-06-23 11:17:29,17,1735,병동,7,7,7.8
2026-06-23 11:19:40,7,707,MRI,-3,11,11.3
2026-06-23 11:22:14,8,825,수술실,3,8,6.2
2026-06-23 11:23:07,11,1118,CT,1,11,10.1
2026-06-23 11:23:36,17,1733,CT,1,9,9.2
2026-06-23 11:24:07,10,1028,MRI,-3,12,9.6
2026-06-23 11:24:10,17,1723,수술실,3,10,8.1
2026-06-23 11:25:38,16,1618,병동,16,7,3.5
2026-06-23 11:28:43,8,812,수술실,3,6,7.1
2026-06-23 11:34:08,18,1817,MRI,-3,6,11.7
2026-06-23 11:48:11,9,903,MRI,-3,12,9.2
2026-06-23 11:50:40,5,514,수술실,3,8,5.0
2026-06-23 11:51:50,7,729,수술실,3,6,5.3
2026-06-23 11:58:14,10,1034,CT,1,6,5.8
2026-06-23 12:01:21,13,1307,MRI,-3,4,9.9
2026-06-23 12:03:30,12,1226,CT,1,6,6.5
2026-06-23 12:14:59,11,1107,수술실,3,5,6.0
2026-06-23 12:25:00,15,1516,병동,6,7,7.2
2026-06-23 12:34:01,13,1302,CT,1,4,6.2
2026-06-23 12:45:04,9,940,MRI,-3,3,8.9
2026-06-23 12:52:04,13,1321,CT,1,3,6.8
2026-06-23 13:01:10,7,709,수술실,3,5,4.9
2026-06-23 13:18:15,11,1138,MRI,-3,7,10.2
2026-06-23 13:18:46,16,1619,병동,8,6,5.7
2026-06-23 13:27:20,8,823,CT,1,7,7.2
2026-06-23 13:27:22,12,1221,CT,1,10,8.7
2026-06-23 13:34:18,15,1506,MRI,-3,5,12.0
2026-06-23 13:37:06,15,1527,병동,8,9,5.7
2026-06-23 13:37:48,10,1015,MRI,-3,9,9.8
2026-06-23 13:43:19,9,916,CT,1,7,6.5
2026-06-23 13:45:17,10,1011,MRI,-3,9,10.8
2026-06-23 13:47:17,18,1833,병동,12,9,6.0
2026-06-23 13:48:41,12,1240,CT,1,6,9.4
2026-06-23 13:49:18,16,1631,CT,1,9,10.8
2026-06-23 13:52:45,18,1802,CT,1,6,12.2
2026-06-23 13:59:05,8,839,수술실,3,7,5.4
2026-06-23 14:08:00,6,611,CT,1,7,6.4
2026-06-23 14:10:41,10,1022,수술실,3,10,5.6
2026-06-23 14:11:25,7,725,수술실,3,8,6.2
2026-06-23 14:17:57,7,707,CT,1,5,5.2
2026-06-23 14:22:44,11,1108,CT,1,5,6.8
2026-06-23 14:28:26,12,1209,병동,17,10,5.0
2026-06-23 14:42:43,14,1422,MRI,-3,7,12.0
2026-06-23 14:43:16,16,1621,CT,1,8,10.8
2026-06-23 15:12:08,17,1727,MRI,-3,8,10.8
2026-06-23 15:29:47,9,920,병동,9,4,2.4
2026-06-23 15:37:24,13,1302,CT,1,6,7.1
2026-06-23 15:40:04,5,538,병동,13,6,5.0
2026-06-23 15:45:44,11,1111,MRI,-3,5,9.9
2026-06-23 16:10:27,18,1816,CT,1,4,8.4
2026-06-23 16:18:27,5,502,CT,1,4,4.5
2026-06-23 16:39:14,12,1228,CT,1,8,7.7
2026-06-23 16:52:11,13,1318,수술실,3,4,6.4
2026-06-23 17:08:14,10,1005,병동,10,3,2.3
2026-06-23 17:35:34,5,519,수술실,3,4,4.0
2026-06-23 17:36:50,14,1430,CT,1,3,7.4
2026-06-23 17:54:34,17,1730,MRI,-3,2,13.7
2026-06-23 18:28:54,11,1135,병동,5,2,5.1
2026-06-23 19:38:52,16,1639,CT,1,2,8.2
2026-06-23 20:10:37,6,634,병동,6,4,1.6
2026-06-23 20:19:21,13,1312,CT,1,4,5.9
2026-06-24 06:02:57,12,1206,수술실,3,3,7.6
2026-06-24 06:02:59,14,1434,병동,12,1,2.5
2026-06-24 06:06:41,5,501,CT,1,1,4.7
2026-06-24 06:41:42,13,1327,수술실,3,2,7.4
2026-06-24 06:43:36,14,1439,MRI,-3,2,12.1
2026-06-24 06:44:14,10,1029,MRI,-3,1,7.3
2026-06-24 06:45:43,13,1312,CT,1,1,7.1
2026-06-24 06:47:17,10,1024,CT,1,1,7.0
2026-06-24 06:48:47,6,619,병동,12,3,3.8
2026-06-24 07:25:03,14,1438,CT,1,0,9.0
2026-06-24 07:28:22,12,1207,MRI,-3,3,9.5
2026-06-24 07:29:13,11,1128,병동,13,3,2.3
2026-06-24 07:34:33,8,815,병동,17,3,6.1
2026-06-24 07:35:58,15,1522,CT,1,1,6.7
2026-06-24 07:44:24,9,901,병동,11,3,3.0
2026-06-24 07:50:01,15,1512,수술실,3,4,6.4
2026-06-24 08:00:49,8,807,MRI,-3,13,9.8
2026-06-24 08:00:50,9,905,수술실,3,15,6.6
2026-06-24 08:02:14,8,839,MRI,-3,15,8.2
2026-06-24 08:02:51,10,1015,MRI,-3,15,10.2
2026-06-24 08:08:21,10,1004,MRI,-3,8,9.5
2026-06-24 08:08:39,11,1111,수술실,3,8,6.9
2026-06-24 08:10:12,14,1402,병동,17,10,5.0
2026-06-24 08:10:47,11,1139,CT,1,14,7.2
2026-06-24 08:20:37,16,1616,병동,18,14,5.2
2026-06-24 08:22:32,13,1320,MRI,-3,11,12.5
2026-06-24 08:26:11,10,1020,MRI,-3,10,10.6
2026-06-24 08:32:05,7,736,병동,9,8,3.9
2026-06-24 08:32:47,15,1519,CT,1,10,9.9
2026-06-24 08:38:20,7,732,병동,18,11,7.1
2026-06-24 08:40:18,11,1106,병동,13,12,4.4
2026-06-24 08:43:17,16,1617,병동,15,12,4.3
2026-06-24 08:45:52,6,633,병동,7,14,4.8
2026-06-24 08:48:20,11,1133,CT,1,15,7.2
2026-06-24 08:48:50,7,712,병동,16,11,7.7
2026-06-24 08:50:43,5,512,병동,9,10,4.6
2026-06-24 08:52:42,16,1627,수술실,3,15,8.5
2026-06-24 09:03:43,18,1825,병동,9,8,7.6
2026-06-24 09:04:55,15,1516,수술실,3,13,9.7
2026-06-24 09:13:18,11,1129,병동,16,8,5.6
2026-06-24 09:15:15,13,1310,병동,13,9,3.6
2026-06-24 09:16:07,9,917,CT,1,15,8.4
2026-06-24 09:22:02,18,1818,MRI,-3,14,14.7
2026-06-24 09:22:29,10,1010,CT,1,11,7.9
2026-06-24 09:22:58,5,522,CT,1,13,5.1
2026-06-24 09:26:03,13,1314,CT,1,10,9.6
2026-06-24 09:29:09,7,709,병동,9,11,4.2
2026-06-24 09:33:18,6,633,CT,1,12,7.4
2026-06-24 09:40:00,9,908,CT,1,14,7.1
2026-06-24 09:42:33,10,1006,수술실,3,9,6.8
2026-06-24 09:46:25,9,912,병동,6,8,3.4
2026-06-24 09:47:47,5,526,CT,1,13,7.2
2026-06-24 09:48:44,18,1839,병동,5,8,8.8
2026-06-24 09:54:36,14,1428,CT,1,8,10.0
2026-06-24 09:55:37,15,1527,수술실,3,13,11.4
2026-06-24 09:59:34,17,1717,수술실,3,10,8.5
2026-06-24 09:59:50,17,1718,병동,9,8,6.2
2026-06-24 10:02:16,16,1612,CT,1,7,9.6
2026-06-24 10:03:33,18,1815,MRI,-3,11,14.8
2026-06-24 10:08:26,13,1329,MRI,-3,10,12.4
2026-06-24 10:18:31,6,618,MRI,-3,6,8.8
2026-06-24 10:22:53,16,1636,수술실,3,10,10.4
2026-06-24 10:23:50,14,1411,MRI,-3,9,10.4
2026-06-24 10:26:17,10,1024,수술실,3,8,6.7
2026-06-24 10:33:59,9,916,병동,9,9,3.2
2026-06-24 10:40:43,7,714,MRI,-3,10,7.1
2026-06-24 10:41:17,11,1131,수술실,3,10,7.0
2026-06-24 10:41:40,18,1817,CT,1,8,11.6
2026-06-24 10:44:45,9,902,CT,1,9,7.3
2026-06-24 10:54:40,8,802,MRI,-3,6,7.5
2026-06-24 11:05:47,13,1301,MRI,-3,6,12.2
2026-06-24 11:13:08,6,633,MRI,-3,6,8.1
2026-06-24 11:18:49,18,1825,병동,17,12,4.1
2026-06-24 11:31:25,16,1639,병동,17,7,3.9
2026-06-24 11:31:26,15,1525,병동,17,8,3.2
2026-06-24 11:44:07,6,612,수술실,3,12,5.2
2026-06-24 11:48:36,7,726,CT,1,11,7.5
2026-06-24 11:49:23,14,1420,병동,18,8,5.2
2026-06-24 12:14:59,6,603,MRI,-3,5,8.3
2026-06-24 12:15:29,16,1629,병동,7,3,5.2
2026-06-24 12:18:51,7,719,CT,1,7,5.2
2026-06-24 12:33:41,18,1820,MRI,-3,5,10.5
2026-06-24 12:50:32,13,1309,수술실,3,7,6.6
2026-06-24 13:04:38,9,922,병동,14,6,5.7
2026-06-24 13:10:26,15,1540,수술실,3,7,10.1
2026-06-24 13:12:09,11,1129,MRI,-3,10,10.1
2026-06-24 13:17:28,9,902,병동,16,5,4.2
2026-06-24 13:23:17,5,534,MRI,-3,7,7.6
2026-06-24 13:25:30,16,1618,CT,1,7,8.4
2026-06-24 13:25:37,18,1823,MRI,-3,10,14.9
2026-06-24 13:50:49,16,1619,수술실,3,8,10.9
2026-06-24 13:54:06,17,1701,병동,13,9,5.2
2026-06-24 13:55:29,17,1723,MRI,-3,6,12.0
2026-06-24 13:59:23,10,1035,MRI,-3,7,10.5
2026-06-24 14:17:00,16,1621,CT,1,7,8.3
2026-06-24 14:24:24,14,1421,MRI,-3,6,10.4
2026-06-24 14:24:49,15,1526,MRI,-3,5,9.7
2026-06-24 14:34:07,6,638,MRI,-3,5,6.0
2026-06-24 14:40:29,9,907,MRI,-3,8,8.5
2026-06-24 14:45:12,12,1226,MRI,-3,8,8.5
2026-06-24 14:49:13,9,936,CT,1,7,6.3
2026-06-24 15:02:01,11,1139,CT,1,6,8.1
2026-06-24 15:04:36,10,1006,수술실,3,7,5.5
2026-06-24 15:06:09,12,1204,수술실,3,6,6.5
2026-06-24 15:06:23,11,1120,수술실,3,6,7.1
2026-06-24 15:07:18,10,1014,병동,9,5,2.2
2026-06-24 15:52:07,5,521,MRI,-3,4,6.9
2026-06-24 15:56:12,8,820,MRI,-3,6,10.5
2026-06-24 15:56:15,10,1011,CT,1,5,6.9
2026-06-24 16:03:40,18,1813,병동,17,4,2.7
2026-06-24 16:09:39,8,818,MRI,-3,6,8.3
2026-06-24 16:16:36,5,503,CT,1,3,4.0
2026-06-24 16:17:18,18,1840,수술실,3,8,11.7
2026-06-24 16:23:01,13,1313,병동,13,8,2.6
2026-06-24 16:24:05,9,937,수술실,3,8,6.9
2026-06-24 16:43:28,17,1717,병동,7,6,7.1
2026-06-24 16:55:58,12,1213,수술실,3,8,7.0
2026-06-24 18:40:07,7,730,CT,1,1,4.1
2026-06-24 18:43:22,9,929,병동,6,3,2.9
2026-06-24 19:32:06,7,737,수술실,3,1,4.5
2026-06-24 20:06:14,12,1211,병동,17,1,3.3
2026-06-24 20:18:01,8,822,CT,1,0,5.9
2026-06-24 20:43:46,6,637,CT,1,3,5.3
2026-06-24 20:56:58,5,516,수술실,3,0,3.5
2026-06-24 21:26:24,9,933,CT,1,0,6.6
2026-06-25 06:10:16,14,1436,CT,1,0,7.6
2026-06-25 06:18:19,11,1139,MRI,-3,2,8.9
2026-06-25 06:48:45,16,1606,CT,1,3,8.3
2026-06-25 07:19:39,13,1331,수술실,3,2,7.5
2026-06-25 07:32:18,9,930,CT,1,0,5.0
2026-06-25 07:39:32,6,620,수술실,3,2,5.0
2026-06-25 07:49:17,17,1704,MRI,-3,4,10.1
2026-06-25 07:52:35,13,1325,MRI,-3,1,10.3
2026-06-25 08:02:34,16,1620,병동,14,14,5.4
2026-06-25 08:02:48,10,1002,MRI,-3,10,8.9
2026-06-25 08:05:28,9,910,CT,1,9,6.2
2026-06-25 08:08:40,6,638,MRI,-3,12,7.7
2026-06-25 08:09:35,7,706,병동,14,12,7.5
2026-06-25 08:14:48,15,1526,CT,1,12,8.8
2026-06-25 08:15:35,6,608,수술실,3,9,6.0
2026-06-25 08:19:31,12,1222,병동,13,13,4.1
2026-06-25 08:27:45,9,931,수술실,3,8,7.0
2026-06-25 08:29:35,8,832,병동,9,12,4.8
2026-06-25 08:29:41,18,1830,병동,6,8,8.1
2026-06-25 08:30:17,14,1417,병동,14,15,4.4
2026-06-25 08:30:47,15,1540,수술실,3,15,11.5
2026-06-25 08:35:35,7,724,MRI,-3,8,8.3
2026-06-25 08:38:29,15,1540,CT,1,10,8.7
2026-06-25 08:42:06,16,1631,수술실,3,10,8.9
2026-06-25 08:42:13,5,523,병동,6,13,4.4
2026-06-25 08:43:22,13,1339,CT,1,10,6.9
2026-06-25 08:47:00,8,824,CT,1,10,6.8
2026-06-25 08:49:36,7,732,병동,15,12,6.1
2026-06-25 08:56:30,18,1805,CT,1,8,11.9
2026-06-25 09:06:42,13,1319,CT,1,9,9.2
2026-06-25 09:09:30,7,728,병동,5,14,5.1
2026-06-25 09:11:03,7,701,병동,8,11,5.2
2026-06-25 09:11:57,6,610,수술실,3,13,6.1
2026-06-25 09:21:29,13,1304,CT,1,9,9.6
2026-06-25 09:22:22,6,605,MRI,-3,15,7.6
2026-06-25 09:25:16,9,910,CT,1,13,7.5
2026-06-25 09:32:17,14,1421,병동,14,12,3.5
2026-06-25 09:34:03,9,924,MRI,-3,8,9.8
2026-06-25 09:36:29,9,916,수술실,3,8,5.3
2026-06-25 09:39:40,16,1629,수술실,3,8,8.9
2026-06-25 09:41:52,14,1437,CT,1,15,9.1
2026-06-25 09:42:03,6,619,MRI,-3,11,8.2
2026-06-25 09:44:04,13,1340,MRI,-3,11,12.2
2026-06-25 09:44:27,16,1602,CT,1,15,10.0
2026-06-25 09:50:18,17,1724,MRI,-3,11,14.7
2026-06-25 09:53:19,6,607,CT,1,11,7.0
2026-06-25 09:54:10,10,1013,수술실,3,8,8.1
2026-06-25 09:59:56,15,1522,CT,1,15,10.8
2026-06-25 10:04:07,8,821,CT,1,9,5.8
2026-06-25 10:04:55,15,1536,수술실,3,11,10.1
2026-06-25 10:08:41,18,1801,수술실,3,11,10.9
2026-06-25 10:10:21,15,1511,CT,1,6,10.4
2026-06-25 10:11:01,17,1701,CT,1,9,11.0
2026-06-25 10:11:23,14,1433,CT,1,10,8.1
2026-06-25 10:17:23,11,1136,병동,15,11,4.9
2026-06-25 10:21:22,9,940,MRI,-3,12,10.4
2026-06-25 10:24:37,14,1405,MRI,-3,12,12.2
2026-06-25 10:25:24,13,1318,MRI,-3,6,11.0
2026-06-25 10:28:54,9,917,병동,16,12,6.4
2026-06-25 10:38:54,5,540,CT,1,10,5.9
2026-06-25 10:38:57,13,1339,MRI,-3,9,9.4
2026-06-25 10:50:04,9,904,CT,1,11,6.8
2026-06-25 10:50:16,14,1420,MRI,-3,9,11.5
2026-06-25 10:50:43,10,1032,병동,10,6,3.6
2026-06-25 10:59:37,16,1629,수술실,3,8,9.4
2026-06-25 11:02:13,14,1434,CT,1,10,9.9
2026-06-25 11:05:15,14,1413,MRI,-3,8,13.3
2026-06-25 11:18:18,7,710,MRI,-3,9,7.0
2026-06-25 11:28:10,9,921,MRI,-3,10,11.0
2026-06-25 11:29:29,11,1135,병동,9,8,3.3
2026-06-25 11:30:02,12,1209,CT,1,11,9.4
2026-06-25 11:35:25,12,1213,CT,1,11,8.3
2026-06-25 11:35:35,10,1020,수술실,3,9,8.0
2026-06-25 11:51:46,12,1239,CT,1,12,9.2
2026-06-25 12:03:40,7,721,병동,15,3,6.2
2026-06-25 12:17:47,5,505,CT,1,3,3.6
2026-06-25 12:27:13,15,1503,수술실,3,3,6.6
2026-06-25 12:55:01,15,1509,MRI,-3,7,13.6
2026-06-25 13:01:21,16,1608,CT,1,7,8.0
2026-06-25 13:03:59,12,1226,병동,12,9,2.7
2026-06-25 13:04:20,6,630,수술실,3,10,4.5
2026-06-25 13:08:33,10,1009,CT,1,10,6.0
2026-06-25 13:14:31,7,737,수술실,3,9,6.0
2026-06-25 13:19:43,14,1433,병동,10,6,4.9
2026-06-25 13:28:03,17,1713,MRI,-3,6,10.9
2026-06-25 13:36:59,18,1834,수술실,3,9,9.8
2026-06-25 13:40:22,11,1127,병동,5,7,6.0
2026-06-25 13:56:20,11,1133,수술실,3,8,6.3
2026-06-25 13:57:35,14,1420,MRI,-3,10,9.1
2026-06-25 14:14:01,5,505,수술실,3,8,4.1
2026-06-25 14:14:48,15,1507,수술실,3,10,7.8
2026-06-25 14:19:49,12,1216,병동,14,10,3.9
2026-06-25 14:29:15,17,1730,MRI,-3,6,12.7
2026-06-25 14:50:03,11,1101,CT,1,9,6.1
2026-06-25 14:50:25,18,1814,병동,11,6,5.6
2026-06-25 14:56:33,5,523,병동,18,8,6.8
2026-06-25 14:57:53,9,928,병동,15,10,5.9
2026-06-25 15:12:55,8,801,MRI,-3,3,7.8
2026-06-25 15:26:52,11,1124,CT,1,7,7.2
2026-06-25 15:59:57,8,810,CT,1,4,5.3
2026-06-25 16:23:33,18,1815,병동,18,3,1.7
2026-06-25 16:36:24,16,1609,MRI,-3,7,9.8
2026-06-25 16:36:26,8,803,수술실,3,7,5.6
2026-06-25 16:38:42,18,1833,CT,1,7,8.8
2026-06-25 16:55:23,11,1137,CT,1,4,6.9
2026-06-25 16:55:52,9,926,수술실,3,5,5.5
2026-06-25 17:08:25,14,1426,수술실,3,2,6.6
2026-06-25 17:16:43,12,1235,MRI,-3,3,9.6
2026-06-25 18:39:29,16,1636,CT,1,0,8.2
2026-06-25 19:05:09,16,1635,병동,17,4,2.0
2026-06-25 19:54:17,15,1503,CT,1,4,6.5
2026-06-25 21:37:53,11,1136,MRI,-3,1,9.6
2026-06-26 06:12:01,16,1621,CT,1,0,8.7
2026-06-26 06:15:44,5,510,MRI,-3,0,6.2
2026-06-26 06:30:55,11,1129,CT,1,0,6.0
2026-06-26 06:35:01,6,636,CT,1,3,5.1
2026-06-26 06:43:39,7,706,CT,1,1,5.9
2026-06-26 06:52:54,7,705,수술실,3,4,4.1
2026-06-26 07:08:16,18,1814,CT,1,4,10.9
2026-06-26 07:37:14,9,916,수술실,3,0,6.2
2026-06-26 07:39:49,15,1504,병동,18,1,3.1
2026-06-26 07:53:41,9,904,MRI,-3,1,9.4
2026-06-26 08:06:05,11,1135,CT,1,8,7.6
2026-06-26 08:09:26,8,833,CT,1,13,8.4
2026-06-26 08:15:30,18,1828,병동,13,9,5.2
2026-06-26 08:15:50,11,1101,수술실,3,11,9.7
2026-06-26 08:19:14,11,1125,병동,6,15,5.8
2026-06-26 08:23:09,12,1209,수술실,3,13,9.0
2026-06-26 08:25:15,8,838,수술실,3,15,6.3
2026-06-26 08:39:44,16,1609,MRI,-3,12,11.6
2026-06-26 08:43:19,17,1730,CT,1,14,10.8
2026-06-26 08:43:40,13,1321,MRI,-3,11,10.0
2026-06-26 08:46:42,7,702,MRI,-3,10,7.3
2026-06-26 08:52:52,18,1817,MRI,-3,15,15.8
2026-06-26 08:53:30,7,722,CT,1,9,5.7
2026-06-26 09:04:49,14,1430,CT,1,12,9.8
2026-06-26 09:08:50,11,1127,MRI,-3,14,10.6
2026-06-26 09:11:51,7,716,MRI,-3,13,9.4
2026-06-26 09:13:15,18,1808,CT,1,9,11.5
2026-06-26 09:13:56,17,1707,CT,1,10,8.9
2026-06-26 09:17:28,10,1017,수술실,3,13,8.3
2026-06-26 09:18:10,7,720,MRI,-3,15,9.9
2026-06-26 09:30:52,8,824,CT,1,13,6.4
2026-06-26 09:33:41,17,1735,병동,15,8,3.8
2026-06-26 09:35:33,11,1111,병동,6,10,5.5
2026-06-26 09:35:42,12,1210,CT,1,14,8.5
2026-06-26 09:40:23,8,827,MRI,-3,13,8.2
2026-06-26 09:50:14,5,527,병동,6,14,3.9
2026-06-26 09:58:21,12,1235,수술실,3,9,7.4
2026-06-26 10:02:04,5,508,병동,12,7,4.9
2026-06-26 10:26:56,16,1621,병동,18,8,3.3
2026-06-26 10:41:58,12,1209,CT,1,12,7.8
2026-06-26 10:48:44,12,1236,CT,1,8,7.3
2026-06-26 11:05:09,5,530,MRI,-3,8,6.5
2026-06-26 11:09:32,9,936,수술실,3,8,6.3
2026-06-26 11:40:00,15,1532,MRI,-3,7,13.6
2026-06-26 11:54:42,10,1016,CT,1,10,7.7
2026-06-26 11:55:09,13,1337,CT,1,9,9.5
2026-06-26 11:56:37,6,638,수술실,3,7,6.1
2026-06-26 12:00:42,8,801,MRI,-3,5,7.8
2026-06-26 12:03:21,6,634,CT,1,7,6.6
2026-06-26 12:06:32,10,1024,CT,1,3,5.6
2026-06-26 12:11:50,16,1640,CT,1,3,9.1
2026-06-26 12:22:23,8,825,CT,1,7,7.2
2026-06-26 12:44:37,12,1203,수술실,3,6,8.6
2026-06-26 12:46:59,17,1725,CT,1,4,7.9
2026-06-26 12:57:06,16,1618,CT,1,4,10.0
2026-06-26 13:02:44,5,540,CT,1,10,4.4
2026-06-26 13:06:57,18,1834,병동,16,7,4.1
2026-06-26 13:11:19,10,1013,병동,8,6,4.0
2026-06-26 13:26:25,14,1425,MRI,-3,10,11.4
2026-06-26 13:29:00,6,611,CT,1,7,4.9
2026-06-26 13:33:36,17,1709,수술실,3,10,8.8
2026-06-26 13:45:26,12,1201,MRI,-3,6,9.9
2026-06-26 14:02:11,10,1012,MRI,-3,6,9.7
2026-06-26 14:04:14,15,1527,MRI,-3,5,8.6
2026-06-26 14:04:49,11,1102,병동,8,5,3.2
2026-06-26 14:06:34,7,716,MRI,-3,9,8.4
2026-06-26 14:17:45,11,1138,CT,1,5,7.3
2026-06-26 14:18:27,7,707,CT,1,8,4.9
2026-06-26 14:28:38,18,1839,CT,1,5,7.9
2026-06-26 14:35:57,18,1811,CT,1,8,10.6
2026-06-26 15:08:21,10,1009,병동,5,7,5.8
2026-06-26 15:11:54,12,1211,CT,1,8,9.4
2026-06-26 15:19:01,7,721,MRI,-3,6,7.3
2026-06-26 15:25:36,7,732,병동,13,7,4.7
2026-06-26 15:28:29,5,540,CT,1,5,3.8
2026-06-26 15:30:24,11,1111,수술실,3,6,7.9
2026-06-26 15:50:57,18,1819,병동,6,5,6.5
2026-06-26 15:57:19,14,1436,CT,1,5,8.9
2026-06-26 16:13:45,12,1203,MRI,-3,3,8.6
2026-06-26 16:17:01,17,1706,수술실,3,6,11.1
2026-06-26 16:38:32,5,523,병동,17,8,8.6
2026-06-26 16:52:11,18,1807,MRI,-3,8,14.5
2026-06-26 17:00:34,11,1137,병동,13,2,3.0
2026-06-26 17:21:27,7,731,MRI,-3,0,6.6
2026-06-26 18:00:39,8,840,수술실,3,3,5.4
2026-06-26 18:24:46,14,1409,병동,15,2,2.1
2026-06-26 18:58:20,16,1624,병동,16,4,2.1
2026-06-26 19:20:43,14,1433,MRI,-3,3,12.1
2026-06-26 20:30:26,9,902,CT,1,1,5.6
2026-06-27 06:05:55,14,1411,MRI,-3,1,8.5
2026-06-27 06:10:24,12,1234,수술실,3,2,7.2
2026-06-27 06:12:13,10,1032,수술실,3,3,6.0
2026-06-27 06:17:54,6,635,MRI,-3,4,7.5
2026-06-27 06:19:40,8,829,MRI,-3,0,8.0
2026-06-27 06:22:35,11,1111,수술실,3,0,6.5
2026-06-27 06:44:41,16,1635,수술실,3,3,7.3
2026-06-27 06:55:46,16,1630,MRI,-3,0,12.4
2026-06-27 06:57:56,13,1307,병동,9,0,2.9
2026-06-27 07:04:00,13,1340,수술실,3,3,7.8
2026-06-27 07:04:17,9,940,수술실,3,0,5.2
2026-06-27 07:36:47,12,1228,수술실,3,1,7.9
2026-06-27 07:41:39,8,830,병동,5,1,2.7
2026-06-27 07:41:41,11,1108,수술실,3,1,5.0
2026-06-27 08:04:53,14,1410,MRI,-3,8,11.9
2026-06-27 08:08:31,6,634,병동,13,9,5.3
2026-06-27 08:08:48,13,1304,수술실,3,10,9.2
2026-06-27 08:09:45,18,1808,CT,1,14,9.1
2026-06-27 08:11:28,11,1139,병동,12,9,3.3
2026-06-27 08:15:49,13,1324,병동,5,9,6.9
2026-06-27 08:17:37,16,1612,병동,7,14,6.2
2026-06-27 08:18:19,16,1631,수술실,3,12,9.2
2026-06-27 08:19:00,10,1011,병동,16,14,6.6
2026-06-27 08:26:50,17,1729,수술실,3,10,8.6
2026-06-27 08:29:20,18,1815,병동,15,11,5.3
2026-06-27 08:34:51,13,1321,병동,15,11,4.1
2026-06-27 08:40:44,18,1819,수술실,3,15,12.4
2026-06-27 08:44:43,13,1305,MRI,-3,10,10.5
2026-06-27 08:46:23,12,1220,병동,14,13,5.5
2026-06-27 08:48:40,10,1033,병동,5,13,6.7
2026-06-27 08:53:35,8,828,MRI,-3,11,11.0
2026-06-27 08:55:12,18,1834,수술실,3,8,8.6
2026-06-27 08:56:45,16,1628,병동,16,12,4.6
2026-06-27 09:08:33,15,1503,수술실,3,13,8.8
2026-06-27 09:11:00,12,1209,병동,18,12,5.7
2026-06-27 09:12:47,16,1619,수술실,3,11,10.1
2026-06-27 09:18:30,11,1120,수술실,3,9,8.5
2026-06-27 09:19:22,15,1530,병동,12,10,4.3
2026-06-27 09:31:31,11,1127,CT,1,8,8.1
2026-06-27 09:36:35,9,907,병동,17,14,7.2
2026-06-27 09:40:05,16,1640,MRI,-3,14,11.3
2026-06-27 09:41:30,5,524,CT,1,8,5.7
2026-06-27 09:46:56,18,1824,MRI,-3,11,13.5
2026-06-27 09:52:08,10,1004,병동,14,13,4.8
2026-06-27 09:56:15,14,1407,CT,1,11,9.8
2026-06-27 10:02:15,11,1132,병동,13,7,3.8
2026-06-27 10:14:26,6,639,수술실,3,12,5.9
2026-06-27 10:15:38,12,1239,MRI,-3,6,8.4
2026-06-27 10:26:15,16,1602,MRI,-3,7,13.8
2026-06-27 10:34:04,18,1816,수술실,3,11,9.5
2026-06-27 10:34:52,13,1331,병동,12,10,3.1
2026-06-27 10:35:43,13,1327,병동,5,12,7.7
2026-06-27 10:36:44,16,1640,수술실,3,9,10.7
2026-06-27 10:45:01,14,1430,병동,10,7,5.4
2026-06-27 10:58:55,15,1501,수술실,3,11,8.8
2026-06-27 11:13:21,16,1628,수술실,3,9,10.2
2026-06-27 11:13:41,9,917,CT,1,11,6.2
2026-06-27 11:23:23,10,1036,MRI,-3,9,9.9
2026-06-27 11:25:11,17,1740,병동,18,6,4.0
2026-06-27 11:26:01,17,1737,병동,7,9,6.7
2026-06-27 11:28:02,14,1433,수술실,3,6,6.7
2026-06-27 11:39:24,15,1521,병동,16,7,3.5
2026-06-27 11:44:52,16,1629,병동,9,11,5.9
2026-06-27 11:56:17,18,1827,병동,14,8,3.8
2026-06-27 11:58:47,8,824,MRI,-3,9,8.9
2026-06-27 12:10:19,15,1514,MRI,-3,5,11.9
2026-06-27 12:12:47,16,1612,수술실,3,5,7.2
2026-06-27 12:14:40,18,1839,수술실,3,6,9.0
2026-06-27 12:18:06,7,725,병동,7,4,2.1
2026-06-27 12:37:21,18,1809,CT,1,7,10.0
2026-06-27 12:51:02,17,1727,CT,1,5,8.0
2026-06-27 12:57:35,7,703,MRI,-3,6,8.9
2026-06-27 13:25:35,6,633,수술실,3,8,6.2
2026-06-27 13:27:22,13,1309,병동,17,10,5.5
2026-06-27 13:28:35,17,1735,수술실,3,10,9.5
2026-06-27 13:29:00,16,1628,병동,5,9,6.2
2026-06-27 13:42:35,5,535,CT,1,9,5.7
2026-06-27 13:50:42,9,922,MRI,-3,6,10.9
2026-06-27 14:14:35,12,1234,MRI,-3,8,12.0
2026-06-27 14:15:38,12,1205,CT,1,9,7.6
2026-06-27 14:47:35,9,910,병동,16,5,3.9
2026-06-27 14:48:44,7,718,수술실,3,5,3.9
2026-06-27 14:49:14,17,1734,CT,1,8,9.8
2026-06-27 14:49:14,11,1122,수술실,3,8,6.3
2026-06-27 14:50:23,13,1310,수술실,3,6,7.6
2026-06-27 14:56:41,13,1321,MRI,-3,7,9.2
2026-06-27 15:03:00,15,1525,수술실,3,7,9.6
2026-06-27 15:14:31,18,1803,수술실,3,3,9.8
2026-06-27 15:21:05,11,1110,MRI,-3,4,9.0
2026-06-27 15:30:44,6,636,수술실,3,4,3.5
2026-06-27 15:32:46,7,719,수술실,3,8,5.6
2026-06-27 15:33:29,9,937,CT,1,5,5.6
2026-06-27 15:41:31,14,1413,CT,1,3,7.0
2026-06-27 15:44:23,9,917,병동,8,5,2.0
2026-06-27 15:50:16,15,1536,수술실,3,5,7.7
2026-06-27 16:01:13,6,633,병동,7,5,2.6
2026-06-27 16:19:28,15,1503,수술실,3,7,9.6
2026-06-27 16:41:56,14,1437,MRI,-3,8,9.1
2026-06-27 16:54:51,7,705,MRI,-3,5,7.0
2026-06-27 17:00:52,8,823,병동,11,4,3.7
2026-06-27 18:23:06,10,1021,CT,1,0,5.7
2026-06-27 20:04:37,15,1517,병동,18,1,3.2
2026-06-27 20:55:57,15,1523,병동,13,3,2.4
2026-06-28 06:11:09,7,706,MRI,-3,1,8.6
2026-06-28 06:12:45,14,1417,MRI,-3,3,11.1
2026-06-28 06:16:41,6,612,수술실,3,0,4.5
2026-06-28 06:21:24,13,1305,CT,1,0,6.7
2026-06-28 06:30:38,9,928,수술실,3,0,5.4
2026-06-28 06:38:20,16,1605,병동,10,2,3.6
2026-06-28 06:40:35,8,810,MRI,-3,3,7.0
2026-06-28 06:42:50,9,925,MRI,-3,3,7.8
2026-06-28 06:54:43,13,1316,CT,1,4,8.4
2026-06-28 07:01:35,10,1039,CT,1,4,4.9
2026-06-28 07:09:31,9,933,병동,11,3,2.4
2026-06-28 07:19:06,12,1218,병동,17,3,4.7
2026-06-28 07:35:30,11,1123,병동,16,2,3.5
2026-06-28 07:35:51,16,1630,수술실,3,4,9.0
2026-06-28 07:37:06,10,1004,병동,18,4,5.3
2026-06-28 08:00:41,8,825,병동,17,8,6.5
2026-06-28 08:06:02,9,915,CT,1,10,5.5
2026-06-28 08:07:54,14,1433,수술실,3,8,7.1
2026-06-28 08:16:31,15,1534,MRI,-3,11,13.0
2026-06-28 08:20:48,8,820,병동,12,9,4.1
2026-06-28 08:22:08,16,1620,수술실,3,9,9.9
2026-06-28 08:28:18,15,1510,CT,1,11,9.0
2026-06-28 08:28:30,5,529,병동,11,11,5.2
2026-06-28 08:30:17,17,1737,CT,1,9,9.4
2026-06-28 08:34:36,7,719,MRI,-3,13,8.7
2026-06-28 08:46:27,7,739,수술실,3,12,7.3
2026-06-28 08:54:30,16,1638,수술실,3,8,8.7
2026-06-28 08:57:37,18,1806,병동,10,12,7.9
2026-06-28 08:59:59,11,1117,MRI,-3,11,9.2
2026-06-28 09:02:32,12,1237,MRI,-3,9,12.6
2026-06-28 09:04:02,6,635,병동,13,15,5.6
2026-06-28 09:08:47,15,1536,MRI,-3,13,14.4
2026-06-28 09:08:57,5,512,병동,7,10,4.4
2026-06-28 09:11:15,16,1640,병동,11,8,4.9
2026-06-28 09:14:49,16,1604,수술실,3,9,10.2
2026-06-28 09:16:41,12,1204,병동,9,9,4.8
2026-06-28 09:24:45,11,1122,CT,1,15,6.9
2026-06-28 09:32:39,16,1607,병동,14,10,3.7
2026-06-28 09:45:01,6,615,CT,1,11,6.5
2026-06-28 09:45:46,9,907,병동,5,11,6.1
2026-06-28 09:53:41,12,1212,MRI,-3,15,13.0
2026-06-28 09:55:03,17,1705,CT,1,11,12.2
2026-06-28 09:58:00,16,1637,MRI,-3,9,12.2
2026-06-28 09:58:19,12,1225,병동,14,15,4.5
2026-06-28 10:00:48,7,734,병동,6,11,3.9
2026-06-28 10:08:01,12,1214,CT,1,11,8.5
2026-06-28 10:13:04,12,1211,MRI,-3,11,11.3
2026-06-28 10:40:59,5,530,수술실,3,9,4.9
2026-06-28 10:55:00,12,1236,CT,1,6,9.2
2026-06-28 10:57:21,8,813,병동,13,11,7.0
2026-06-28 10:57:49,8,803,MRI,-3,11,9.0
2026-06-28 11:03:49,15,1521,MRI,-3,12,10.9
2026-06-28 11:08:32,14,1402,수술실,3,7,8.8
2026-06-28 11:10:24,12,1218,병동,14,8,4.5
2026-06-28 11:15:18,8,823,병동,10,7,3.2
2026-06-28 11:18:34,14,1416,CT,1,10,8.9
2026-06-28 11:20:11,6,637,CT,1,9,5.6
2026-06-28 11:31:29,17,1717,수술실,3,9,8.3
2026-06-28 11:36:40,13,1304,병동,16,10,3.4
2026-06-28 11:40:28,9,913,수술실,3,9,7.3
2026-06-28 11:42:01,13,1319,병동,18,10,4.3
2026-06-28 11:47:42,9,912,MRI,-3,10,10.0
2026-06-28 11:48:33,16,1618,수술실,3,6,8.4
2026-06-28 11:49:47,8,821,병동,16,12,8.0
2026-06-28 12:11:17,11,1107,병동,12,3,2.0
2026-06-28 12:14:43,15,1523,수술실,3,3,6.9
2026-06-28 12:33:22,15,1521,CT,1,4,9.1
2026-06-28 13:01:09,17,1731,병동,10,5,4.7
2026-06-28 13:05:27,10,1032,MRI,-3,10,7.8
2026-06-28 13:19:52,16,1626,병동,7,8,6.7
2026-06-28 13:37:34,17,1710,CT,1,6,8.4
2026-06-28 13:38:10,9,907,CT,1,7,6.3
2026-06-28 13:49:31,13,1319,MRI,-3,9,12.9
2026-06-28 13:56:43,7,712,수술실,3,6,5.9
2026-06-28 14:04:52,12,1234,CT,1,9,8.4
2026-06-28 14:21:11,8,830,CT,1,5,5.9
2026-06-28 14:46:41,9,915,CT,1,8,5.8
2026-06-28 14:50:43,12,1232,MRI,-3,9,12.0
2026-06-28 14:58:08,15,1532,수술실,3,8,9.8
2026-06-28 15:12:57,9,931,병동,7,8,4.0
2026-06-28 15:36:01,5,501,병동,11,7,4.7
2026-06-28 15:38:24,15,1510,수술실,3,5,7.2
2026-06-28 15:50:11,5,508,CT,1,8,4.6
2026-06-28 15:50:21,15,1518,CT,1,7,10.2
2026-06-28 16:01:55,8,836,병동,7,5,2.6
2026-06-28 16:30:40,13,1314,병동,17,5,4.3
2026-06-28 16:36:52,10,1034,CT,1,6,7.7
2026-06-28 16:37:29,9,928,병동,17,4,5.3
2026-06-28 16:56:31,9,913,병동,5,8,4.1
2026-06-28 16:57:35,13,1323,병동,13,5,1.9
2026-06-28 18:22:28,5,537,MRI,-3,2,5.5
2026-06-28 19:04:50,18,1830,병동,9,1,4.9
2026-06-28 19:08:22,13,1315,수술실,3,4,6.5
2026-06-28 19:56:18,12,1210,병동,14,1,3.2
2026-06-28 21:18:02,5,523,MRI,-3,0,5.9
2026-06-28 21:45:14,16,1608,수술실,3,0,8.1
2026-06-29 06:06:17,7,721,병동,11,3,3.0
2026-06-29 06:16:45,16,1638,병동,13,2,3.4
2026-06-29 06:34:36,10,1035,CT,1,2,6.9
2026-06-29 06:37:43,15,1515,MRI,-3,1,10.1
2026-06-29 06:45:39,18,1817,수술실,3,2,9.6
2026-06-29 07:32:42,11,1123,CT,1,0,6.0
2026-06-29 07:54:30,10,1036,병동,5,3,3.6
2026-06-29 08:02:59,16,1602,수술실,3,15,8.8
2026-06-29 08:05:29,8,823,MRI,-3,11,9.3
2026-06-29 08:10:26,13,1322,수술실,3,14,7.2
2026-06-29 08:11:40,6,618,MRI,-3,15,9.8
2026-06-29 08:14:36,7,703,병동,17,12,7.6
2026-06-29 08:15:10,10,1029,CT,1,14,8.9
2026-06-29 08:18:36,8,820,병동,10,14,5.1
2026-06-29 08:32:21,18,1811,병동,8,15,7.7
2026-06-29 08:33:33,15,1540,CT,1,9,7.3
2026-06-29 08:41:46,14,1427,수술실,3,15,10.6
2026-06-29 08:43:15,17,1721,CT,1,10,11.4
2026-06-29 08:44:20,10,1034,수술실,3,8,6.2
2026-06-29 08:51:16,10,1039,MRI,-3,11,10.8
2026-06-29 08:52:32,12,1204,CT,1,8,9.4
2026-06-29 08:59:27,6,602,수술실,3,14,6.5
2026-06-29 08:59:33,7,707,병동,14,15,6.9
2026-06-29 08:59:45,16,1607,병동,10,15,7.0
2026-06-29 09:00:17,9,915,CT,1,8,7.6
2026-06-29 09:01:16,14,1418,병동,8,12,7.5
2026-06-29 09:24:06,10,1037,CT,1,11,9.1
2026-06-29 09:25:32,6,604,병동,18,8,8.5
2026-06-29 09:33:17,8,814,MRI,-3,9,10.2
2026-06-29 09:37:50,13,1303,수술실,3,15,8.9
2026-06-29 09:38:33,11,1130,MRI,-3,14,10.5
2026-06-29 09:46:54,16,1636,CT,1,11,8.8
2026-06-29 09:47:16,6,623,병동,15,10,7.4
2026-06-29 09:54:46,11,1138,병동,8,10,3.7
2026-06-29 09:55:45,12,1215,병동,11,10,2.9
2026-06-29 10:09:33,17,1727,MRI,-3,11,11.1
2026-06-29 10:12:54,12,1235,MRI,-3,7,9.2
2026-06-29 10:26:33,10,1023,병동,14,9,4.5
2026-06-29 10:27:21,12,1210,수술실,3,10,7.9
2026-06-29 10:28:02,10,1004,병동,14,12,5.5
2026-06-29 10:41:50,14,1434,CT,1,11,10.1
2026-06-29 10:48:33,12,1211,CT,1,12,8.7
2026-06-29 10:49:57,5,511,MRI,-3,11,7.9
2026-06-29 10:51:08,15,1510,수술실,3,12,8.8
2026-06-29 10:56:58,6,607,수술실,3,12,5.6
2026-06-29 11:06:50,17,1719,수술실,3,7,11.2
2026-06-29 11:07:41,8,816,수술실,3,8,5.3
2026-06-29 11:08:39,12,1210,수술실,3,8,6.6
2026-06-29 11:15:31,5,507,CT,1,10,5.5
2026-06-29 11:19:58,9,932,CT,1,12,8.2
2026-06-29 11:25:14,18,1810,CT,1,9,10.8
2026-06-29 11:26:58,10,1013,MRI,-3,10,10.7
2026-06-29 11:27:34,12,1233,CT,1,7,6.9
2026-06-29 11:30:49,13,1339,수술실,3,6,6.6
2026-06-29 11:31:33,13,1306,수술실,3,8,7.1
2026-06-29 11:32:55,14,1427,CT,1,7,10.3
2026-06-29 11:37:25,13,1335,수술실,3,7,9.3
2026-06-29 11:44:31,18,1818,병동,11,12,5.7
2026-06-29 12:33:01,18,1822,병동,14,4,2.9
2026-06-29 12:35:08,13,1333,병동,13,3,2.0
2026-06-29 12:37:46,10,1028,병동,16,4,4.1
2026-06-29 12:41:41,9,923,병동,17,5,5.8
2026-06-29 12:44:24,18,1840,수술실,3,5,9.6
2026-06-29 12:46:28,6,615,CT,1,6,6.1
2026-06-29 12:59:27,12,1213,CT,1,7,7.4
2026-06-29 13:07:16,17,1722,CT,1,9,10.1
2026-06-29 13:09:11,17,1727,MRI,-3,9,11.3
2026-06-29 13:13:00,18,1826,CT,1,9,12.2
2026-06-29 13:17:05,14,1423,수술실,3,7,7.3
2026-06-29 13:40:52,16,1607,병동,7,9,5.6
2026-06-29 13:46:04,8,812,수술실,3,9,4.9
2026-06-29 13:57:53,14,1414,CT,1,5,8.4
2026-06-29 14:16:43,17,1732,병동,9,9,5.5
2026-06-29 14:32:59,12,1239,CT,1,10,6.7
2026-06-29 14:51:26,8,804,병동,15,8,6.5
2026-06-29 14:51:40,13,1319,MRI,-3,8,9.5
2026-06-29 14:57:23,8,840,MRI,-3,10,8.8
2026-06-29 15:04:45,7,724,CT,1,5,5.7
2026-06-29 15:05:50,17,1736,병동,11,7,6.3
2026-06-29 15:13:55,17,1737,수술실,3,8,11.3
2026-06-29 15:15:52,8,804,병동,13,6,5.6
2026-06-29 15:20:00,7,729,MRI,-3,7,8.0
2026-06-29 15:30:09,16,1609,CT,1,5,9.1
2026-06-29 15:31:00,16,1637,CT,1,3,8.0
2026-06-29 15:38:47,14,1403,MRI,-3,8,10.1
2026-06-29 15:40:25,17,1719,병동,7,8,7.6
2026-06-29 15:40:28,18,1820,병동,13,6,4.7
2026-06-29 15:57:47,12,1201,CT,1,3,7.1
2026-06-29 16:02:01,9,939,수술실,3,5,5.5
2026-06-29 16:21:12,11,1107,MRI,-3,3,7.7
2026-06-29 16:27:45,7,709,CT,1,8,6.0
2026-06-29 16:29:37,15,1516,병동,11,6,5.3
2026-06-29 16:34:29,12,1229,병동,14,3,2.8
2026-06-29 16:34:31,17,1727,병동,13,4,4.0
2026-06-29 16:34:56,11,1139,CT,1,6,8.4
2026-06-29 16:47:24,18,1804,CT,1,5,9.1
2026-06-29 16:47:38,10,1013,병동,9,4,1.9
2026-06-29 16:58:58,11,1110,CT,1,3,6.2
2026-06-29 18:42:05,5,514,수술실,3,4,3.5
2026-06-29 19:08:28,12,1216,수술실,3,0,6.6
2026-06-29 19:10:18,12,1238,CT,1,0,6.7
2026-06-29 20:01:33,6,637,수술실,3,0,3.6
2026-06-29 21:47:14,10,1026,병동,10,0,1.9
2026-06-30 06:02:37,13,1315,수술실,3,1,7.8
2026-06-30 06:08:02,17,1727,MRI,-3,1,13.5
2026-06-30 06:13:27,6,621,병동,17,3,5.3
2026-06-30 06:22:03,8,826,병동,12,1,3.1
2026-06-30 06:46:13,8,839,병동,13,1,3.6
2026-06-30 06:47:00,13,1335,MRI,-3,1,10.4
2026-06-30 06:48:20,12,1220,MRI,-3,2,10.0
2026-06-30 07:03:37,17,1736,CT,1,4,9.1
2026-06-30 07:27:02,11,1123,CT,1,1,6.2
2026-06-30 07:37:40,7,708,MRI,-3,2,7.5
2026-06-30 07:40:21,8,827,MRI,-3,1,6.3
2026-06-30 07:41:11,8,805,CT,1,1,6.2
2026-06-30 08:03:02,13,1337,수술실,3,11,8.7
2026-06-30 08:04:12,13,1332,MRI,-3,15,11.8
2026-06-30 08:07:24,15,1501,CT,1,10,9.6
2026-06-30 08:07:49,10,1028,병동,8,9,3.1
2026-06-30 08:11:23,6,619,CT,1,10,5.6
2026-06-30 08:15:16,16,1628,수술실,3,9,10.9
2026-06-30 08:23:49,8,806,수술실,3,8,4.8
2026-06-30 08:27:29,12,1235,수술실,3,12,8.4
2026-06-30 08:27:37,15,1539,MRI,-3,14,10.5
2026-06-30 08:28:20,6,616,병동,11,10,4.4
2026-06-30 08:39:03,12,1234,병동,13,12,5.1
2026-06-30 08:47:51,6,622,CT,1,9,4.8
2026-06-30 08:54:09,6,622,CT,1,15,6.4
2026-06-30 09:03:32,10,1032,CT,1,8,6.7
2026-06-30 09:04:25,5,514,병동,11,15,5.5
2026-06-30 09:05:11,17,1727,수술실,3,15,11.9
2026-06-30 09:05:31,15,1509,MRI,-3,8,10.0
2026-06-30 09:09:46,17,1715,병동,13,13,5.3
2026-06-30 09:10:23,14,1422,병동,14,14,4.1
2026-06-30 09:11:10,12,1223,MRI,-3,13,11.2
2026-06-30 09:11:48,17,1717,병동,6,11,6.9
2026-06-30 09:12:39,12,1229,CT,1,11,8.3
2026-06-30 09:16:00,16,1620,MRI,-3,14,13.5
2026-06-30 09:17:27,14,1428,MRI,-3,8,11.0
2026-06-30 09:27:43,12,1212,수술실,3,8,8.5
2026-06-30 09:28:47,12,1214,CT,1,11,7.5
2026-06-30 09:29:37,18,1802,수술실,3,10,9.3
2026-06-30 09:32:47,7,723,수술실,3,14,5.6
2026-06-30 09:35:35,16,1622,병동,9,10,4.8
2026-06-30 09:40:27,16,1639,MRI,-3,15,15.5
2026-06-30 09:44:26,16,1638,병동,5,13,8.8
2026-06-30 09:44:28,10,1002,MRI,-3,9,9.3
2026-06-30 09:48:40,12,1221,병동,7,12,6.2
2026-06-30 09:55:13,12,1222,수술실,3,10,8.5
2026-06-30 09:55:47,10,1039,수술실,3,14,8.7
2026-06-30 09:56:55,15,1531,병동,17,10,3.9
2026-06-30 09:57:27,14,1421,CT,1,12,9.8
2026-06-30 09:58:57,14,1404,수술실,3,10,8.5
2026-06-30 10:06:52,17,1721,MRI,-3,7,12.5
2026-06-30 10:08:23,18,1807,병동,10,10,6.2
2026-06-30 10:22:00,12,1211,CT,1,6,7.4
2026-06-30 10:25:02,6,608,MRI,-3,11,9.1
2026-06-30 10:30:06,5,540,MRI,-3,7,7.9
2026-06-30 10:31:36,10,1003,MRI,-3,7,11.1
2026-06-30 10:40:57,18,1833,병동,5,10,7.7
2026-06-30 10:41:16,10,1014,MRI,-3,11,12.1
2026-06-30 10:42:15,8,806,CT,1,11,6.7
2026-06-30 10:44:49,11,1124,병동,16,6,4.5
2026-06-30 10:55:57,17,1732,병동,9,12,5.9
2026-06-30 11:00:29,6,604,수술실,3,11,6.7
2026-06-30 11:03:48,9,927,CT,1,6,8.0
2026-06-30 11:14:59,10,1037,수술실,3,6,6.2
2026-06-30 11:18:00,12,1237,수술실,3,10,6.4
2026-06-30 11:22:27,8,829,수술실,3,8,6.9
2026-06-30 11:26:27,10,1022,수술실,3,9,8.1
2026-06-30 11:30:36,5,509,CT,1,6,5.0
2026-06-30 11:30:36,8,815,CT,1,12,7.4
2026-06-30 11:33:25,5,513,CT,1,7,5.2
2026-06-30 11:37:00,18,1840,병동,6,12,9.3
2026-06-30 11:37:38,15,1507,병동,10,9,4.8
2026-06-30 11:45:13,18,1820,CT,1,10,11.6
2026-06-30 11:47:56,8,834,MRI,-3,11,8.1
2026-06-30 11:50:59,13,1324,MRI,-3,11,9.7
2026-06-30 11:58:52,18,1804,병동,11,12,6.5
2026-06-30 12:08:11,9,927,병동,7,7,3.1
2026-06-30 12:10:14,13,1324,병동,18,5,4.8
2026-06-30 12:14:55,9,923,CT,1,5,6.0
2026-06-30 12:15:12,6,609,수술실,3,7,5.0
2026-06-30 12:18:16,14,1427,MRI,-3,4,11.6
2026-06-30 12:19:54,10,1038,수술실,3,5,6.7
2026-06-30 12:36:08,10,1012,수술실,3,3,6.9
2026-06-30 12:37:59,5,531,수술실,3,4,3.4
2026-06-30 12:51:20,13,1339,수술실,3,7,9.0
2026-06-30 12:52:30,5,514,MRI,-3,4,7.5
2026-06-30 12:54:13,6,608,MRI,-3,7,8.2
2026-06-30 13:16:29,11,1121,CT,1,6,8.6
2026-06-30 13:17:03,12,1228,MRI,-3,5,9.9
2026-06-30 13:20:56,15,1534,수술실,3,6,7.3
2026-06-30 13:28:07,15,1530,MRI,-3,8,10.2
2026-06-30 13:29:05,18,1812,MRI,-3,6,11.0
2026-06-30 13:42:40,12,1230,CT,1,10,8.9
2026-06-30 13:52:29,13,1308,수술실,3,7,9.0
2026-06-30 13:56:25,15,1504,MRI,-3,10,12.2
2026-06-30 14:00:03,6,623,CT,1,5,4.2
2026-06-30 14:07:51,17,1719,수술실,3,8,8.4
2026-06-30 14:08:45,16,1622,MRI,-3,10,13.9
2026-06-30 14:11:21,11,1103,CT,1,5,5.7
2026-06-30 14:12:39,8,805,CT,1,8,6.9
2026-06-30 14:21:46,10,1022,병동,18,5,5.7
2026-06-30 14:26:19,18,1822,수술실,3,9,9.3
2026-06-30 14:33:18,13,1329,병동,9,7,4.1
2026-06-30 14:34:13,8,832,병동,6,5,2.9
2026-06-30 14:42:14,9,938,수술실,3,8,5.6
2026-06-30 14:53:52,17,1721,수술실,3,10,8.8
2026-06-30 14:58:56,10,1010,병동,11,5,2.8
2026-06-30 15:01:49,7,705,MRI,-3,8,7.7
2026-06-30 15:04:51,14,1424,수술실,3,8,9.7
2026-06-30 15:09:04,9,912,CT,1,6,6.8
2026-06-30 15:15:33,11,1101,MRI,-3,7,9.8
2026-06-30 15:17:44,10,1012,수술실,3,4,5.7
2026-06-30 15:49:47,10,1004,MRI,-3,4,10.1
2026-06-30 16:02:48,5,520,수술실,3,7,4.8
2026-06-30 16:05:21,13,1315,수술실,3,5,7.8
2026-06-30 16:10:41,16,1626,수술실,3,8,9.7
2026-06-30 16:14:21,5,518,CT,1,4,4.1
2026-06-30 16:19:10,13,1326,수술실,3,3,6.0
2026-06-30 16:24:26,10,1035,병동,9,3,2.0
2026-06-30 16:25:24,17,1716,CT,1,4,7.8
2026-06-30 16:27:45,17,1714,수술실,3,8,11.1
2026-06-30 16:37:12,14,1425,MRI,-3,5,11.7
2026-06-30 17:07:21,14,1424,MRI,-3,2,9.8
2026-06-30 17:35:17,18,1825,병동,7,1,5.7
2026-06-30 18:33:40,7,709,수술실,3,4,4.2
2026-06-30 18:52:06,10,1006,수술실,3,2,5.2
2026-06-30 19:18:43,9,906,MRI,-3,4,8.8
2026-06-30 19:49:48,14,1432,MRI,-3,4,10.0
2026-06-30 19:56:07,5,531,CT,1,1,3.7
2026-06-30 20:02:57,16,1617,수술실,3,0,8.3
2026-06-30 20:16:53,8,826,병동,5,1,3.4
2026-06-30 20:59:41,8,835,병동,8,2,2.3
2026-06-30 21:33:27,15,1536,수술실,3,3,7.3
2026-06-30 21:47:20,14,1403,병동,9,1,3.4
